workout_id,workout_start_time,workout_name,exercise_idx,exercise_title,muscle_group,equipment,set_index,set_type,weight_kg,reps,rpe,distance_meters,duration_seconds
Workout_001,2024-01-01 00:00:00,Leg,1,Warm Up,full_body,none,1,normal,,,,,180.0
Workout_001,2024-01-01 00:00:00,Leg,2,Leg Extension (Machine),quadriceps,machine,1,normal,15.0,20.0,,,
Workout_001,2024-01-01 00:00:00,Leg,2,Leg Extension (Machine),quadriceps,machine,2,normal,15.0,20.0,,,
Workout_001,2024-01-01 00:00:00,Leg,2,Leg Extension (Machine),quadriceps,machine,3,normal,15.0,20.0,,,
Workout_001,2024-01-01 00:00:00,Leg,3,Standing Leg Curls,hamstrings,machine,1,normal,0.0,15.0,,,
Workout_001,2024-01-01 00:00:00,Leg,3,Standing Leg Curls,hamstrings,machine,2,normal,0.0,15.0,,,
Workout_001,2024-01-01 00:00:00,Leg,3,Standing Leg Curls,hamstrings,machine,3,normal,0.0,15.0,,,
Workout_001,2024-01-01 00:00:00,Leg,4,Front Squat,quadriceps,barbell,1,normal,0.0,15.0,,,
Workout_001,2024-01-01 00:00:00,Leg,4,Front Squat,quadriceps,barbell,2,normal,7.5,15.0,,,
Workout_001,2024-01-01 00:00:00,Leg,4,Front Squat,quadriceps,barbell,3,normal,7.5,15.0,,,
Workout_001,2024-01-01 00:00:00,Leg,5,Lying Leg Curl (Machine),hamstrings,machine,1,normal,14.0,15.0,,,
Workout_001,2024-01-01 00:00:00,Leg,5,Lying Leg Curl (Machine),hamstrings,machine,2,normal,14.0,15.0,,,
Workout_001,2024-01-01 00:00:00,Leg,5,Lying Leg Curl (Machine),hamstrings,machine,3,normal,14.0,15.0,,,
Workout_001,2024-01-01 00:00:00,Leg,6,Walking Lunge,quadriceps,none,1,normal,,25.0,,,
Workout_001,2024-01-01 00:00:00,Leg,6,Walking Lunge,quadriceps,none,2,normal,,22.0,,,
Workout_001,2024-01-01 00:00:00,Leg,6,Walking Lunge,quadriceps,none,3,normal,,23.0,,,
Workout_002,2024-01-01 23:57:32,Shoulders,1,Warm Up,full_body,none,1,normal,,,,,258.0
Workout_002,2024-01-01 23:57:32,Shoulders,2,Standing Military Press (Barbell),shoulders,barbell,1,normal,2.5,20.0,,,
Workout_002,2024-01-01 23:57:32,Shoulders,2,Standing Military Press (Barbell),shoulders,barbell,2,normal,2.5,20.0,,,
Workout_002,2024-01-01 23:57:32,Shoulders,2,Standing Military Press (Barbell),shoulders,barbell,3,normal,2.5,15.0,,,
Workout_002,2024-01-01 23:57:32,Shoulders,3,Overhead Press (Barbell),shoulders,barbell,1,normal,2.5,15.0,,,
Workout_002,2024-01-01 23:57:32,Shoulders,3,Overhead Press (Barbell),shoulders,barbell,2,normal,2.5,15.0,,,
Workout_002,2024-01-01 23:57:32,Shoulders,3,Overhead Press (Barbell),shoulders,barbell,3,normal,2.5,15.0,,,
Workout_002,2024-01-01 23:57:32,Shoulders,4,Lateral Raise (Dumbbell),shoulders,dumbbell,1,normal,2.5,20.0,,,
Workout_002,2024-01-01 23:57:32,Shoulders,4,Lateral Raise (Dumbbell),shoulders,dumbbell,2,normal,2.5,20.0,,,
Workout_002,2024-01-01 23:57:32,Shoulders,4,Lateral Raise (Dumbbell),shoulders,dumbbell,3,normal,2.5,20.0,,,
Workout_002,2024-01-01 23:57:32,Shoulders,5,Upright Row (Barbell),shoulders,barbell,1,normal,2.5,20.0,,,
Workout_002,2024-01-01 23:57:32,Shoulders,5,Upright Row (Barbell),shoulders,barbell,2,normal,2.5,20.0,,,
Workout_002,2024-01-01 23:57:32,Shoulders,5,Upright Row (Barbell),shoulders,barbell,3,normal,2.5,20.0,,,
Workout_002,2024-01-01 23:57:32,Shoulders,6,Shoulder Press (Dumbbell),shoulders,dumbbell,1,normal,5.0,15.0,,,
Workout_002,2024-01-01 23:57:32,Shoulders,6,Shoulder Press (Dumbbell),shoulders,dumbbell,2,normal,5.0,15.0,,,
Workout_002,2024-01-01 23:57:32,Shoulders,6,Shoulder Press (Dumbbell),shoulders,dumbbell,3,normal,5.0,20.0,,,
Workout_002,2024-01-01 23:57:32,Shoulders,7,Seated Wrist Extension (Barbell),forearms,barbell,1,normal,14.0,15.0,,,
Workout_002,2024-01-01 23:57:32,Shoulders,7,Seated Wrist Extension (Barbell),forearms,barbell,2,normal,14.0,15.0,,,
Workout_002,2024-01-01 23:57:32,Shoulders,7,Seated Wrist Extension (Barbell),forearms,barbell,3,normal,14.0,15.0,,,
Workout_003,2024-01-03 00:02:38,Shoulders 💪,1,Warm Up,full_body,none,1,normal,,,,,295.0
Workout_003,2024-01-03 00:02:38,Shoulders 💪,2,Lat Pulldown (Cable),lats,machine,1,normal,28.0,15.0,,,
Workout_003,2024-01-03 00:02:38,Shoulders 💪,2,Lat Pulldown (Cable),lats,machine,2,normal,28.0,10.0,,,
Workout_003,2024-01-03 00:02:38,Shoulders 💪,2,Lat Pulldown (Cable),lats,machine,3,normal,28.0,10.0,,,
Workout_003,2024-01-03 00:02:38,Shoulders 💪,3,Shoulder Press (Dumbbell),shoulders,dumbbell,1,normal,5.0,15.0,,,
Workout_003,2024-01-03 00:02:38,Shoulders 💪,3,Shoulder Press (Dumbbell),shoulders,dumbbell,2,normal,5.0,20.0,,,
Workout_003,2024-01-03 00:02:38,Shoulders 💪,3,Shoulder Press (Dumbbell),shoulders,dumbbell,3,normal,5.0,20.0,,,
Workout_003,2024-01-03 00:02:38,Shoulders 💪,4,Upright Row (Dumbbell),shoulders,dumbbell,1,normal,5.0,20.0,,,
Workout_003,2024-01-03 00:02:38,Shoulders 💪,4,Upright Row (Dumbbell),shoulders,dumbbell,2,normal,5.0,20.0,,,
Workout_003,2024-01-03 00:02:38,Shoulders 💪,4,Upright Row (Dumbbell),shoulders,dumbbell,3,normal,5.0,20.0,,,
Workout_003,2024-01-03 00:02:38,Shoulders 💪,5,Shoulder Press (Machine Plates),shoulders,machine,1,normal,7.5,20.0,,,
Workout_003,2024-01-03 00:02:38,Shoulders 💪,5,Shoulder Press (Machine Plates),shoulders,machine,2,normal,7.5,20.0,,,
Workout_003,2024-01-03 00:02:38,Shoulders 💪,5,Shoulder Press (Machine Plates),shoulders,machine,3,normal,7.5,15.0,,,
Workout_004,2024-01-03 23:47:27,Legs 🦵,1,Warm Up,full_body,none,1,normal,,,,,420.0
Workout_004,2024-01-03 23:47:27,Legs 🦵,2,Squat (Dumbbell),quadriceps,dumbbell,1,normal,10.0,20.0,,,
Workout_004,2024-01-03 23:47:27,Legs 🦵,2,Squat (Dumbbell),quadriceps,dumbbell,2,normal,10.0,20.0,,,
Workout_004,2024-01-03 23:47:27,Legs 🦵,2,Squat (Dumbbell),quadriceps,dumbbell,3,normal,10.0,15.0,,,
Workout_004,2024-01-03 23:47:27,Legs 🦵,3,Deadlift (Smith Machine),glutes,machine,1,normal,20.0,20.0,,,
Workout_004,2024-01-03 23:47:27,Legs 🦵,3,Deadlift (Smith Machine),glutes,machine,2,normal,20.0,15.0,,,
Workout_004,2024-01-03 23:47:27,Legs 🦵,3,Deadlift (Smith Machine),glutes,machine,3,normal,20.0,15.0,,,
Workout_004,2024-01-03 23:47:27,Legs 🦵,4,Standing Leg Curls,calves,other,1,normal,5.0,20.0,,,
Workout_004,2024-01-03 23:47:27,Legs 🦵,4,Standing Leg Curls,calves,other,2,normal,5.0,20.0,,,
Workout_004,2024-01-03 23:47:27,Legs 🦵,4,Standing Leg Curls,calves,other,3,normal,5.0,20.0,,,
Workout_004,2024-01-03 23:47:27,Legs 🦵,5,Leg Extension (Machine),quadriceps,machine,1,normal,15.0,20.0,,,
Workout_004,2024-01-03 23:47:27,Legs 🦵,5,Leg Extension (Machine),quadriceps,machine,2,normal,15.0,20.0,,,
Workout_004,2024-01-03 23:47:27,Legs 🦵,5,Leg Extension (Machine),quadriceps,machine,3,normal,15.0,20.0,,,
Workout_004,2024-01-03 23:47:27,Legs 🦵,6,Lying Leg Curl (Machine),hamstrings,machine,1,normal,14.0,20.0,,,
Workout_004,2024-01-03 23:47:27,Legs 🦵,6,Lying Leg Curl (Machine),hamstrings,machine,2,normal,14.0,20.0,,,
Workout_004,2024-01-03 23:47:27,Legs 🦵,6,Lying Leg Curl (Machine),hamstrings,machine,3,normal,14.0,20.0,,,
Workout_004,2024-01-03 23:47:27,Legs 🦵,7,Spinning,cardio,machine,1,normal,,,,,133.0
Workout_005,2024-01-05 23:47:48,Back,1,Warm Up,full_body,none,1,normal,,,,,443.0
Workout_005,2024-01-05 23:47:48,Back,2,Lat Pulldown (Cable),lats,machine,1,normal,21.0,15.0,,,
Workout_005,2024-01-05 23:47:48,Back,2,Lat Pulldown (Cable),lats,machine,2,normal,28.0,20.0,,,
Workout_005,2024-01-05 23:47:48,Back,2,Lat Pulldown (Cable),lats,machine,3,normal,28.0,20.0,,,
Workout_005,2024-01-05 23:47:48,Back,3,Seated Cable Row - V Grip (Cable),upper_back,machine,1,normal,35.0,20.0,,,
Workout_005,2024-01-05 23:47:48,Back,3,Seated Cable Row - V Grip (Cable),upper_back,machine,2,normal,35.0,23.0,,,
Workout_005,2024-01-05 23:47:48,Back,3,Seated Cable Row - V Grip (Cable),upper_back,machine,3,normal,35.0,25.0,,,
Workout_005,2024-01-05 23:47:48,Back,4,Reverse Grip Lat Pulldown (Cable),lats,machine,1,normal,56.0,24.0,,,
Workout_005,2024-01-05 23:47:48,Back,4,Reverse Grip Lat Pulldown (Cable),lats,machine,2,normal,56.0,20.0,,,
Workout_005,2024-01-05 23:47:48,Back,4,Reverse Grip Lat Pulldown (Cable),lats,machine,3,normal,56.0,20.0,,,
Workout_005,2024-01-05 23:47:48,Back,5,Lat Pulldown (Machine),lats,machine,1,normal,15.0,15.0,,,
Workout_005,2024-01-05 23:47:48,Back,5,Lat Pulldown (Machine),lats,machine,2,normal,15.0,20.0,,,
Workout_005,2024-01-05 23:47:48,Back,5,Lat Pulldown (Machine),lats,machine,3,normal,15.0,20.0,,,
Workout_005,2024-01-05 23:47:48,Back,6,Iso-Lateral Row (Machine),upper_back,machine,1,normal,15.0,20.0,,,
Workout_005,2024-01-05 23:47:48,Back,6,Iso-Lateral Row (Machine),upper_back,machine,2,normal,15.0,20.0,,,
Workout_005,2024-01-05 23:47:48,Back,6,Iso-Lateral Row (Machine),upper_back,machine,3,normal,15.0,15.0,,,
Workout_006,2024-01-06 23:52:58,Chest 🧰,1,Warm Up,full_body,none,1,normal,,,,,277.0
Workout_006,2024-01-06 23:52:58,Chest 🧰,2,Push Up,chest,none,1,normal,,9.0,,,
Workout_006,2024-01-06 23:52:58,Chest 🧰,3,Bench Press (Barbell),chest,barbell,1,normal,20.0,20.0,,,
Workout_006,2024-01-06 23:52:58,Chest 🧰,3,Bench Press (Barbell),chest,barbell,2,normal,20.0,20.0,,,
Workout_006,2024-01-06 23:52:58,Chest 🧰,3,Bench Press (Barbell),chest,barbell,3,normal,20.0,20.0,,,
Workout_006,2024-01-06 23:52:58,Chest 🧰,4,Incline Bench Press (Dumbbell),chest,dumbbell,1,normal,10.0,20.0,,,
Workout_006,2024-01-06 23:52:58,Chest 🧰,4,Incline Bench Press (Dumbbell),chest,dumbbell,2,normal,10.0,20.0,,,
Workout_006,2024-01-06 23:52:58,Chest 🧰,4,Incline Bench Press (Dumbbell),chest,dumbbell,3,normal,10.0,20.0,,,
Workout_006,2024-01-06 23:52:58,Chest 🧰,5,Cable Fly Crossovers,chest,machine,1,normal,42.0,10.0,,,
Workout_006,2024-01-06 23:52:58,Chest 🧰,5,Cable Fly Crossovers,chest,machine,2,normal,28.0,20.0,,,
Workout_006,2024-01-06 23:52:58,Chest 🧰,5,Cable Fly Crossovers,chest,machine,3,normal,14.0,20.0,,,
Workout_006,2024-01-06 23:52:58,Chest 🧰,6,Incline Bench Press (Barbell),chest,barbell,1,normal,20.0,20.0,,,
Workout_006,2024-01-06 23:52:58,Chest 🧰,6,Incline Bench Press (Barbell),chest,barbell,2,normal,20.0,20.0,,,
Workout_006,2024-01-06 23:52:58,Chest 🧰,6,Incline Bench Press (Barbell),chest,barbell,3,normal,20.0,19.0,,,
Workout_006,2024-01-06 23:52:58,Chest 🧰,7,Chest Fly (Machine),chest,machine,1,normal,21.0,20.0,,,
Workout_006,2024-01-06 23:52:58,Chest 🧰,7,Chest Fly (Machine),chest,machine,2,normal,21.0,20.0,,,
Workout_006,2024-01-06 23:52:58,Chest 🧰,7,Chest Fly (Machine),chest,machine,3,normal,21.0,15.0,,,
Workout_007,2024-01-07 23:44:41,Morning workout ☀️,1,Warm Up,full_body,none,1,normal,,,,,319.0
Workout_007,2024-01-07 23:44:41,Morning workout ☀️,2,Squat (Dumbbell),quadriceps,dumbbell,1,normal,10.0,20.0,7.0,,
Workout_007,2024-01-07 23:44:41,Morning workout ☀️,2,Squat (Dumbbell),quadriceps,dumbbell,2,normal,10.0,20.0,,,
Workout_007,2024-01-07 23:44:41,Morning workout ☀️,2,Squat (Dumbbell),quadriceps,dumbbell,3,normal,10.0,20.0,,,
Workout_007,2024-01-07 23:44:41,Morning workout ☀️,3,Leg Extension (Machine),quadriceps,machine,1,normal,7.0,20.0,,,
Workout_007,2024-01-07 23:44:41,Morning workout ☀️,3,Leg Extension (Machine),quadriceps,machine,2,normal,15.0,20.0,,,
Workout_007,2024-01-07 23:44:41,Morning workout ☀️,3,Leg Extension (Machine),quadriceps,machine,3,normal,15.0,20.0,,,
Workout_007,2024-01-07 23:44:41,Morning workout ☀️,4,Lying Leg Curl (Machine),hamstrings,machine,1,normal,14.0,20.0,,,
Workout_007,2024-01-07 23:44:41,Morning workout ☀️,4,Lying Leg Curl (Machine),hamstrings,machine,2,normal,14.0,20.0,,,
Workout_007,2024-01-07 23:44:41,Morning workout ☀️,5,Plank,abdominals,none,1,normal,,,,,20.0
Workout_007,2024-01-07 23:44:41,Morning workout ☀️,5,Plank,abdominals,none,2,normal,,,,,20.0
Workout_007,2024-01-07 23:44:41,Morning workout ☀️,5,Plank,abdominals,none,3,normal,,,,,34.0
Workout_007,2024-01-07 23:44:41,Morning workout ☀️,6,Leg Press (Machine),quadriceps,machine,1,normal,40.0,15.0,,,
Workout_008,2024-01-08 23:46:51,Shoulders,1,Warm Up,full_body,none,1,normal,,,,,334.0
Workout_008,2024-01-08 23:46:51,Shoulders,2,Standing Military Press (Barbell),shoulders,barbell,1,normal,2.5,20.0,,,
Workout_008,2024-01-08 23:46:51,Shoulders,2,Standing Military Press (Barbell),shoulders,barbell,2,normal,2.5,20.0,,,
Workout_008,2024-01-08 23:46:51,Shoulders,2,Standing Military Press (Barbell),shoulders,barbell,3,normal,2.5,20.0,,,
Workout_008,2024-01-08 23:46:51,Shoulders,3,Overhead Press (Barbell),shoulders,barbell,1,normal,2.5,20.0,,,
Workout_008,2024-01-08 23:46:51,Shoulders,3,Overhead Press (Barbell),shoulders,barbell,2,normal,2.5,20.0,,,
Workout_008,2024-01-08 23:46:51,Shoulders,3,Overhead Press (Barbell),shoulders,barbell,3,normal,2.5,20.0,,,
Workout_008,2024-01-08 23:46:51,Shoulders,4,Lateral Raise (Dumbbell),shoulders,dumbbell,1,normal,5.0,20.0,,,
Workout_008,2024-01-08 23:46:51,Shoulders,4,Lateral Raise (Dumbbell),shoulders,dumbbell,2,normal,5.0,20.0,,,
Workout_008,2024-01-08 23:46:51,Shoulders,4,Lateral Raise (Dumbbell),shoulders,dumbbell,3,normal,5.0,20.0,,,
Workout_008,2024-01-08 23:46:51,Shoulders,4,Lateral Raise (Dumbbell),shoulders,dumbbell,4,normal,5.0,20.0,,,
Workout_008,2024-01-08 23:46:51,Shoulders,5,Upright Row (Cable),shoulders,machine,1,normal,21.0,20.0,,,
Workout_008,2024-01-08 23:46:51,Shoulders,5,Upright Row (Cable),shoulders,machine,2,normal,21.0,20.0,,,
Workout_008,2024-01-08 23:46:51,Shoulders,5,Upright Row (Cable),shoulders,machine,3,normal,21.0,20.0,,,
Workout_008,2024-01-08 23:46:51,Shoulders,6,Overhead Press (Dumbbell),shoulders,dumbbell,1,normal,10.0,20.0,,,
Workout_008,2024-01-08 23:46:51,Shoulders,6,Overhead Press (Dumbbell),shoulders,dumbbell,2,normal,10.0,20.0,,,
Workout_008,2024-01-08 23:46:51,Shoulders,6,Overhead Press (Dumbbell),shoulders,dumbbell,3,normal,10.0,15.0,,,
Workout_008,2024-01-08 23:46:51,Shoulders,7,Front Raise (Dumbbell),shoulders,dumbbell,1,normal,5.0,25.0,,,
Workout_008,2024-01-08 23:46:51,Shoulders,7,Front Raise (Dumbbell),shoulders,dumbbell,2,normal,5.0,20.0,,,
Workout_008,2024-01-08 23:46:51,Shoulders,7,Front Raise (Dumbbell),shoulders,dumbbell,3,normal,5.0,20.0,,,
Workout_008,2024-01-08 23:46:51,Shoulders,8,Shoulder Press (Machine Plates),shoulders,machine,1,normal,2.5,20.0,,,
Workout_008,2024-01-08 23:46:51,Shoulders,8,Shoulder Press (Machine Plates),shoulders,machine,2,normal,2.5,20.0,,,
Workout_009,2024-01-09 23:43:39,Chest,1,Warm Up,full_body,none,1,normal,,,,,362.0
Workout_009,2024-01-09 23:43:39,Chest,2,Incline Bench Press (Barbell),chest,barbell,1,normal,20.0,20.0,,,
Workout_009,2024-01-09 23:43:39,Chest,2,Incline Bench Press (Barbell),chest,barbell,2,normal,20.0,20.0,,,
Workout_009,2024-01-09 23:43:39,Chest,2,Incline Bench Press (Barbell),chest,barbell,3,normal,20.0,20.0,,,
Workout_009,2024-01-09 23:43:39,Chest,3,Bench Press (Barbell),chest,barbell,1,normal,20.0,20.0,,,
Workout_009,2024-01-09 23:43:39,Chest,3,Bench Press (Barbell),chest,barbell,2,normal,20.0,20.0,,,
Workout_009,2024-01-09 23:43:39,Chest,3,Bench Press (Barbell),chest,barbell,3,normal,20.0,20.0,,,
Workout_009,2024-01-09 23:43:39,Chest,4,Decline Bench Press (Barbell),chest,barbell,1,normal,20.0,20.0,,,
Workout_009,2024-01-09 23:43:39,Chest,4,Decline Bench Press (Barbell),chest,barbell,2,normal,20.0,20.0,,,
Workout_009,2024-01-09 23:43:39,Chest,4,Decline Bench Press (Barbell),chest,barbell,3,normal,20.0,25.0,,,
Workout_009,2024-01-09 23:43:39,Chest,5,Incline Bench Press (Dumbbell),chest,dumbbell,1,normal,10.0,20.0,,,
Workout_009,2024-01-09 23:43:39,Chest,5,Incline Bench Press (Dumbbell),chest,dumbbell,2,normal,10.0,25.0,,,
Workout_009,2024-01-09 23:43:39,Chest,5,Incline Bench Press (Dumbbell),chest,dumbbell,3,normal,10.0,25.0,,,
Workout_009,2024-01-09 23:43:39,Chest,6,Chest Fly (Machine),chest,machine,1,normal,21.0,20.0,,,
Workout_009,2024-01-09 23:43:39,Chest,6,Chest Fly (Machine),chest,machine,2,normal,21.0,20.0,,,
Workout_009,2024-01-09 23:43:39,Chest,6,Chest Fly (Machine),chest,machine,3,normal,21.0,20.0,,,
Workout_009,2024-01-09 23:43:39,Chest,7,Cable Fly Crossovers,chest,machine,1,normal,14.0,20.0,,,
Workout_009,2024-01-09 23:43:39,Chest,7,Cable Fly Crossovers,chest,machine,2,normal,14.0,20.0,,,
Workout_010,2024-01-10 23:47:41,Morning workout ☀️,1,Warm Up,full_body,none,1,normal,,,,,3392.0
Workout_011,2024-01-12 23:48:02,Chest,1,Warm Up,full_body,none,1,normal,,,,,283.0
Workout_011,2024-01-12 23:48:02,Chest,2,Bench Press (Barbell),chest,barbell,1,normal,25.0,20.0,,,
Workout_011,2024-01-12 23:48:02,Chest,2,Bench Press (Barbell),chest,barbell,2,normal,25.0,20.0,,,
Workout_011,2024-01-12 23:48:02,Chest,2,Bench Press (Barbell),chest,barbell,3,normal,25.0,20.0,,,
Workout_011,2024-01-12 23:48:02,Chest,3,Incline Bench Press (Barbell),chest,barbell,1,normal,25.0,20.0,,,
Workout_011,2024-01-12 23:48:02,Chest,3,Incline Bench Press (Barbell),chest,barbell,2,normal,25.0,20.0,,,
Workout_011,2024-01-12 23:48:02,Chest,3,Incline Bench Press (Barbell),chest,barbell,3,normal,25.0,14.0,,,
Workout_011,2024-01-12 23:48:02,Chest,4,Decline Bench Press (Barbell),chest,barbell,1,normal,25.0,20.0,,,
Workout_011,2024-01-12 23:48:02,Chest,4,Decline Bench Press (Barbell),chest,barbell,2,normal,25.0,20.0,,,
Workout_011,2024-01-12 23:48:02,Chest,4,Decline Bench Press (Barbell),chest,barbell,3,normal,25.0,15.0,,,
Workout_011,2024-01-12 23:48:02,Chest,5,Chest Fly (Machine),chest,machine,1,normal,21.0,20.0,,,
Workout_011,2024-01-12 23:48:02,Chest,5,Chest Fly (Machine),chest,machine,2,normal,21.0,20.0,,,
Workout_011,2024-01-12 23:48:02,Chest,5,Chest Fly (Machine),chest,machine,3,normal,21.0,20.0,,,
Workout_011,2024-01-12 23:48:02,Chest,6,Hammer Curl (Dumbbell),biceps,dumbbell,1,normal,10.0,20.0,,,
Workout_011,2024-01-12 23:48:02,Chest,6,Hammer Curl (Dumbbell),biceps,dumbbell,2,normal,10.0,20.0,,,
Workout_011,2024-01-12 23:48:02,Chest,6,Hammer Curl (Dumbbell),biceps,dumbbell,3,normal,10.0,15.0,,,
Workout_011,2024-01-12 23:48:02,Chest,7,Bench Press (Dumbbell),chest,dumbbell,1,normal,10.0,20.0,,,
Workout_011,2024-01-12 23:48:02,Chest,7,Bench Press (Dumbbell),chest,dumbbell,2,normal,10.0,20.0,,,
Workout_012,2024-01-13 23:44:28,Back,1,Warm Up,full_body,none,1,normal,,,,,385.0
Workout_012,2024-01-13 23:44:28,Back,2,Lat Pulldown (Cable),lats,machine,1,normal,28.0,20.0,,,
Workout_012,2024-01-13 23:44:28,Back,2,Lat Pulldown (Cable),lats,machine,2,normal,28.0,24.0,,,
Workout_012,2024-01-13 23:44:28,Back,2,Lat Pulldown (Cable),lats,machine,3,normal,28.0,14.0,,,
Workout_012,2024-01-13 23:44:28,Back,3,Seated Cable Row - V Grip (Cable),upper_back,machine,1,normal,28.0,20.0,,,
Workout_012,2024-01-13 23:44:28,Back,3,Seated Cable Row - V Grip (Cable),upper_back,machine,2,normal,35.0,25.0,,,
Workout_012,2024-01-13 23:44:28,Back,3,Seated Cable Row - V Grip (Cable),upper_back,machine,3,normal,35.0,25.0,,,
Workout_012,2024-01-13 23:44:28,Back,4,Seated Lateral Raise (Dumbbell),shoulders,dumbbell,1,normal,10.0,15.0,,,
Workout_012,2024-01-13 23:44:28,Back,4,Seated Lateral Raise (Dumbbell),shoulders,dumbbell,2,normal,10.0,15.0,,,
Workout_012,2024-01-13 23:44:28,Back,4,Seated Lateral Raise (Dumbbell),shoulders,dumbbell,3,normal,10.0,15.0,,,
Workout_012,2024-01-13 23:44:28,Back,5,Lat Pulldown (Machine),lats,machine,1,normal,20.0,20.0,,,
Workout_012,2024-01-13 23:44:28,Back,5,Lat Pulldown (Machine),lats,machine,2,normal,20.0,20.0,,,
Workout_012,2024-01-13 23:44:28,Back,5,Lat Pulldown (Machine),lats,machine,3,normal,20.0,20.0,,,
Workout_012,2024-01-13 23:44:28,Back,6,Single Arm Tricep Extension (Dumbbell),triceps,dumbbell,1,normal,10.0,15.0,,,
Workout_012,2024-01-13 23:44:28,Back,6,Single Arm Tricep Extension (Dumbbell),triceps,dumbbell,2,normal,10.0,15.0,,,
Workout_012,2024-01-13 23:44:28,Back,6,Single Arm Tricep Extension (Dumbbell),triceps,dumbbell,3,normal,10.0,15.0,,,
Workout_012,2024-01-13 23:44:28,Back,7,Triceps Extension (Dumbbell),triceps,dumbbell,1,normal,7.5,20.0,,,
Workout_012,2024-01-13 23:44:28,Back,7,Triceps Extension (Dumbbell),triceps,dumbbell,2,normal,7.5,20.0,,,
Workout_012,2024-01-13 23:44:28,Back,7,Triceps Extension (Dumbbell),triceps,dumbbell,3,normal,7.5,20.0,,,
Workout_012,2024-01-13 23:44:28,Back,8,Hammer Curl (Dumbbell),biceps,dumbbell,1,normal,10.0,20.0,,,
Workout_012,2024-01-13 23:44:28,Back,8,Hammer Curl (Dumbbell),biceps,dumbbell,2,normal,10.0,20.0,,,
Workout_012,2024-01-13 23:44:28,Back,8,Hammer Curl (Dumbbell),biceps,dumbbell,3,normal,10.0,15.0,,,
Workout_013,2024-01-14 23:47:05,Shoulders,1,Warm Up,full_body,none,1,normal,,,,,381.0
Workout_013,2024-01-14 23:47:05,Shoulders,2,Overhead Press (Barbell),shoulders,barbell,1,normal,20.0,20.0,,,
Workout_013,2024-01-14 23:47:05,Shoulders,2,Overhead Press (Barbell),shoulders,barbell,2,normal,20.0,10.0,,,
Workout_013,2024-01-14 23:47:05,Shoulders,2,Overhead Press (Barbell),shoulders,barbell,3,normal,20.0,10.0,,,
Workout_013,2024-01-14 23:47:05,Shoulders,3,Lateral Raise (Dumbbell),shoulders,dumbbell,1,normal,5.0,20.0,,,
Workout_013,2024-01-14 23:47:05,Shoulders,3,Lateral Raise (Dumbbell),shoulders,dumbbell,2,normal,5.0,20.0,,,
Workout_013,2024-01-14 23:47:05,Shoulders,3,Lateral Raise (Dumbbell),shoulders,dumbbell,3,normal,5.0,20.0,,,
Workout_013,2024-01-14 23:47:05,Shoulders,4,Upright Row (Barbell),shoulders,barbell,1,normal,20.0,20.0,,,
Workout_013,2024-01-14 23:47:05,Shoulders,4,Upright Row (Barbell),shoulders,barbell,2,normal,20.0,20.0,,,
Workout_013,2024-01-14 23:47:05,Shoulders,4,Upright Row (Barbell),shoulders,barbell,3,normal,20.0,20.0,,,
Workout_013,2024-01-14 23:47:05,Shoulders,5,Arnold Press (Dumbbell),shoulders,dumbbell,1,normal,10.0,20.0,,,
Workout_013,2024-01-14 23:47:05,Shoulders,5,Arnold Press (Dumbbell),shoulders,dumbbell,2,normal,10.0,20.0,,,
Workout_013,2024-01-14 23:47:05,Shoulders,5,Arnold Press (Dumbbell),shoulders,dumbbell,3,normal,10.0,20.0,,,
Workout_013,2024-01-14 23:47:05,Shoulders,6,Front Raise (Barbell),shoulders,barbell,1,normal,15.0,20.0,,,
Workout_013,2024-01-14 23:47:05,Shoulders,6,Front Raise (Barbell),shoulders,barbell,2,normal,15.0,20.0,,,
Workout_013,2024-01-14 23:47:05,Shoulders,6,Front Raise (Barbell),shoulders,barbell,3,normal,15.0,20.0,,,
Workout_013,2024-01-14 23:47:05,Shoulders,7,Front Raise (Dumbbell),shoulders,dumbbell,1,normal,10.0,20.0,,,
Workout_013,2024-01-14 23:47:05,Shoulders,7,Front Raise (Dumbbell),shoulders,dumbbell,2,normal,10.0,20.0,,,
Workout_013,2024-01-14 23:47:05,Shoulders,7,Front Raise (Dumbbell),shoulders,dumbbell,3,normal,10.0,20.0,,,
Workout_014,2024-01-16 23:44:28,Chest,1,Warm Up,full_body,none,1,normal,,,,,397.0
Workout_014,2024-01-16 23:44:28,Chest,2,Bench Press (Barbell),chest,barbell,1,normal,25.0,20.0,,,
Workout_014,2024-01-16 23:44:28,Chest,2,Bench Press (Barbell),chest,barbell,2,normal,25.0,20.0,,,
Workout_014,2024-01-16 23:44:28,Chest,2,Bench Press (Barbell),chest,barbell,3,normal,25.0,15.0,,,
Workout_014,2024-01-16 23:44:28,Chest,3,Incline Bench Press (Barbell),chest,barbell,1,normal,25.0,20.0,,,
Workout_014,2024-01-16 23:44:28,Chest,3,Incline Bench Press (Barbell),chest,barbell,2,normal,25.0,20.0,,,
Workout_014,2024-01-16 23:44:28,Chest,3,Incline Bench Press (Barbell),chest,barbell,3,normal,25.0,20.0,,,
Workout_014,2024-01-16 23:44:28,Chest,4,Lateral Leg Raises,glutes,none,1,normal,,20.0,,,
Workout_014,2024-01-16 23:44:28,Chest,4,Lateral Leg Raises,glutes,none,2,normal,,20.0,,,
Workout_014,2024-01-16 23:44:28,Chest,4,Lateral Leg Raises,glutes,none,3,normal,,20.0,,,
Workout_014,2024-01-16 23:44:28,Chest,5,Decline Bench Press (Barbell),chest,barbell,1,normal,25.0,20.0,,,
Workout_014,2024-01-16 23:44:28,Chest,5,Decline Bench Press (Barbell),chest,barbell,2,normal,25.0,20.0,,,
Workout_014,2024-01-16 23:44:28,Chest,5,Decline Bench Press (Barbell),chest,barbell,3,normal,25.0,15.0,,,
Workout_014,2024-01-16 23:44:28,Chest,6,Chest Fly (Machine),chest,machine,1,normal,28.0,20.0,,,
Workout_014,2024-01-16 23:44:28,Chest,6,Chest Fly (Machine),chest,machine,2,normal,28.0,20.0,,,
Workout_014,2024-01-16 23:44:28,Chest,6,Chest Fly (Machine),chest,machine,3,normal,28.0,20.0,,,
Workout_014,2024-01-16 23:44:28,Chest,7,Hammer Curl (Dumbbell),biceps,dumbbell,1,normal,10.0,20.0,,,
Workout_015,2024-01-17 23:53:18,Legs 🦵,1,Warm Up,full_body,none,1,normal,,,,,381.0
Workout_015,2024-01-17 23:53:18,Legs 🦵,2,Squat (Barbell),quadriceps,barbell,1,normal,30.0,10.0,,,
Workout_015,2024-01-17 23:53:18,Legs 🦵,2,Squat (Barbell),quadriceps,barbell,2,normal,30.0,10.0,,,
Workout_015,2024-01-17 23:53:18,Legs 🦵,2,Squat (Barbell),quadriceps,barbell,3,normal,30.0,10.0,,,
Workout_015,2024-01-17 23:53:18,Legs 🦵,3,Deadlift (Smith Machine),glutes,machine,1,normal,20.0,20.0,,,
Workout_015,2024-01-17 23:53:18,Legs 🦵,3,Deadlift (Smith Machine),glutes,machine,2,normal,20.0,20.0,,,
Workout_015,2024-01-17 23:53:18,Legs 🦵,3,Deadlift (Smith Machine),glutes,machine,3,normal,20.0,20.0,,,
Workout_015,2024-01-17 23:53:18,Legs 🦵,4,Leg Extension (Machine),quadriceps,machine,1,normal,15.0,25.0,,,
Workout_015,2024-01-17 23:53:18,Legs 🦵,4,Leg Extension (Machine),quadriceps,machine,2,normal,15.0,20.0,,,
Workout_015,2024-01-17 23:53:18,Legs 🦵,4,Leg Extension (Machine),quadriceps,machine,3,normal,15.0,20.0,,,
Workout_015,2024-01-17 23:53:18,Legs 🦵,5,Lying Leg Curl (Machine),hamstrings,machine,1,normal,14.0,20.0,,,
Workout_015,2024-01-17 23:53:18,Legs 🦵,5,Lying Leg Curl (Machine),hamstrings,machine,2,normal,14.0,20.0,,,
Workout_015,2024-01-17 23:53:18,Legs 🦵,5,Lying Leg Curl (Machine),hamstrings,machine,3,normal,14.0,20.0,,,
Workout_015,2024-01-17 23:53:18,Legs 🦵,6,Calf Press (Machine),calves,machine,1,normal,50.0,20.0,,,
Workout_015,2024-01-17 23:53:18,Legs 🦵,6,Calf Press (Machine),calves,machine,2,normal,50.0,20.0,,,
Workout_015,2024-01-17 23:53:18,Legs 🦵,6,Calf Press (Machine),calves,machine,3,normal,50.0,20.0,,,
Workout_016,2024-01-19 23:49:01,Chest,1,Warm Up,full_body,none,1,normal,,,,,343.0
Workout_016,2024-01-19 23:49:01,Chest,2,Bench Press (Barbell),chest,barbell,1,normal,25.0,20.0,,,
Workout_016,2024-01-19 23:49:01,Chest,2,Bench Press (Barbell),chest,barbell,2,normal,25.0,20.0,,,
Workout_016,2024-01-19 23:49:01,Chest,2,Bench Press (Barbell),chest,barbell,3,normal,25.0,20.0,,,
Workout_016,2024-01-19 23:49:01,Chest,3,Incline Bench Press (Barbell),chest,barbell,1,normal,25.0,20.0,,,
Workout_016,2024-01-19 23:49:01,Chest,3,Incline Bench Press (Barbell),chest,barbell,2,normal,25.0,15.0,,,
Workout_016,2024-01-19 23:49:01,Chest,3,Incline Bench Press (Barbell),chest,barbell,3,normal,25.0,15.0,,,
Workout_016,2024-01-19 23:49:01,Chest,4,Decline Bench Press (Barbell),chest,barbell,1,normal,25.0,20.0,,,
Workout_016,2024-01-19 23:49:01,Chest,4,Decline Bench Press (Barbell),chest,barbell,2,normal,25.0,15.0,,,
Workout_016,2024-01-19 23:49:01,Chest,4,Decline Bench Press (Barbell),chest,barbell,3,normal,25.0,15.0,,,
Workout_016,2024-01-19 23:49:01,Chest,5,Chest Fly (Machine),chest,machine,1,normal,28.0,20.0,,,
Workout_016,2024-01-19 23:49:01,Chest,5,Chest Fly (Machine),chest,machine,2,normal,28.0,20.0,,,
Workout_016,2024-01-19 23:49:01,Chest,5,Chest Fly (Machine),chest,machine,3,normal,28.0,16.0,,,
Workout_016,2024-01-19 23:49:01,Chest,6,Hammer Curl (Dumbbell),biceps,dumbbell,1,normal,10.0,20.0,,,
Workout_016,2024-01-19 23:49:01,Chest,6,Hammer Curl (Dumbbell),biceps,dumbbell,2,normal,10.0,20.0,,,
Workout_016,2024-01-19 23:49:01,Chest,6,Hammer Curl (Dumbbell),biceps,dumbbell,3,normal,10.0,20.0,,,
Workout_016,2024-01-19 23:49:01,Chest,7,Bicep Curl (Cable),biceps,machine,1,normal,21.0,20.0,,,
Workout_016,2024-01-19 23:49:01,Chest,7,Bicep Curl (Cable),biceps,machine,2,normal,21.0,20.0,,,
Workout_016,2024-01-19 23:49:01,Chest,7,Bicep Curl (Cable),biceps,machine,3,normal,21.0,20.0,,,
Workout_017,2024-01-20 23:49:36,Back,1,Warm Up,full_body,none,1,normal,,,,,424.0
Workout_017,2024-01-20 23:49:36,Back,2,Seated Lateral Raise (Dumbbell),shoulders,dumbbell,1,normal,10.0,20.0,,,
Workout_017,2024-01-20 23:49:36,Back,2,Seated Lateral Raise (Dumbbell),shoulders,dumbbell,2,normal,10.0,20.0,,,
Workout_017,2024-01-20 23:49:36,Back,2,Seated Lateral Raise (Dumbbell),shoulders,dumbbell,3,normal,10.0,20.0,,,
Workout_017,2024-01-20 23:49:36,Back,3,Lat Pulldown (Cable),lats,machine,1,normal,28.0,30.0,,,
Workout_017,2024-01-20 23:49:36,Back,3,Lat Pulldown (Cable),lats,machine,2,normal,28.0,20.0,,,
Workout_017,2024-01-20 23:49:36,Back,3,Lat Pulldown (Cable),lats,machine,3,normal,28.0,20.0,,,
Workout_017,2024-01-20 23:49:36,Back,4,Seated Cable Row - V Grip (Cable),upper_back,machine,1,normal,28.0,20.0,,,
Workout_017,2024-01-20 23:49:36,Back,4,Seated Cable Row - V Grip (Cable),upper_back,machine,2,normal,28.0,20.0,,,
Workout_017,2024-01-20 23:49:36,Back,4,Seated Cable Row - V Grip (Cable),upper_back,machine,3,normal,28.0,20.0,,,
Workout_017,2024-01-20 23:49:36,Back,5,Reverse Grip Lat Pulldown (Cable),lats,machine,1,normal,20.0,20.0,,,
Workout_017,2024-01-20 23:49:36,Back,5,Reverse Grip Lat Pulldown (Cable),lats,machine,2,normal,20.0,20.0,,,
Workout_017,2024-01-20 23:49:36,Back,5,Reverse Grip Lat Pulldown (Cable),lats,machine,3,normal,20.0,20.0,,,
Workout_017,2024-01-20 23:49:36,Back,6,Single Arm Tricep Extension (Dumbbell),triceps,dumbbell,1,normal,10.0,20.0,,,
Workout_017,2024-01-20 23:49:36,Back,6,Single Arm Tricep Extension (Dumbbell),triceps,dumbbell,2,normal,10.0,20.0,,,
Workout_017,2024-01-20 23:49:36,Back,6,Single Arm Tricep Extension (Dumbbell),triceps,dumbbell,3,normal,10.0,20.0,,,
Workout_018,2024-01-21 23:50:25,Legs,1,Warm Up,full_body,none,1,normal,,,,,447.0
Workout_018,2024-01-21 23:50:25,Legs,2,Goblet Squat,quadriceps,dumbbell,1,normal,10.0,20.0,,,
Workout_018,2024-01-21 23:50:25,Legs,2,Goblet Squat,quadriceps,dumbbell,2,normal,10.0,20.0,,,
Workout_018,2024-01-21 23:50:25,Legs,2,Goblet Squat,quadriceps,dumbbell,3,normal,10.0,15.0,,,
Workout_018,2024-01-21 23:50:25,Legs,3,Romanian Deadlift (Dumbbell),hamstrings,dumbbell,1,normal,20.0,15.0,,,
Workout_018,2024-01-21 23:50:25,Legs,3,Romanian Deadlift (Dumbbell),hamstrings,dumbbell,2,normal,20.0,15.0,,,
Workout_018,2024-01-21 23:50:25,Legs,3,Romanian Deadlift (Dumbbell),hamstrings,dumbbell,3,normal,20.0,15.0,,,
Workout_018,2024-01-21 23:50:25,Legs,4,Leg Extension (Machine),quadriceps,machine,1,normal,25.0,20.0,,,
Workout_018,2024-01-21 23:50:25,Legs,4,Leg Extension (Machine),quadriceps,machine,2,normal,25.0,20.0,,,
Workout_018,2024-01-21 23:50:25,Legs,4,Leg Extension (Machine),quadriceps,machine,3,normal,25.0,20.0,,,
Workout_018,2024-01-21 23:50:25,Legs,5,Lying Leg Curl (Machine),hamstrings,machine,1,normal,14.0,10.0,,,
Workout_018,2024-01-21 23:50:25,Legs,5,Lying Leg Curl (Machine),hamstrings,machine,2,normal,14.0,10.0,,,
Workout_018,2024-01-21 23:50:25,Legs,5,Lying Leg Curl (Machine),hamstrings,machine,3,normal,14.0,10.0,,,
Workout_018,2024-01-21 23:50:25,Legs,6,Lying Leg Raise,abdominals,none,1,normal,,20.0,,,
Workout_019,2024-01-22 23:47:19,Shoulder,1,Warm Up,full_body,none,1,normal,,,,,447.0
Workout_019,2024-01-22 23:47:19,Shoulder,2,Overhead Press (Barbell),shoulders,barbell,1,normal,25.0,20.0,,,
Workout_019,2024-01-22 23:47:19,Shoulder,2,Overhead Press (Barbell),shoulders,barbell,2,normal,25.0,20.0,,,
Workout_019,2024-01-22 23:47:19,Shoulder,2,Overhead Press (Barbell),shoulders,barbell,3,normal,25.0,20.0,,,
Workout_019,2024-01-22 23:47:19,Shoulder,3,Lateral Raise (Dumbbell),shoulders,dumbbell,1,normal,10.0,20.0,,,
Workout_019,2024-01-22 23:47:19,Shoulder,3,Lateral Raise (Dumbbell),shoulders,dumbbell,2,normal,10.0,20.0,,,
Workout_019,2024-01-22 23:47:19,Shoulder,3,Lateral Raise (Dumbbell),shoulders,dumbbell,3,normal,10.0,20.0,,,
Workout_019,2024-01-22 23:47:19,Shoulder,4,Arnold Press (Dumbbell),shoulders,dumbbell,1,normal,10.0,20.0,,,
Workout_019,2024-01-22 23:47:19,Shoulder,4,Arnold Press (Dumbbell),shoulders,dumbbell,2,normal,10.0,20.0,,,
Workout_019,2024-01-22 23:47:19,Shoulder,4,Arnold Press (Dumbbell),shoulders,dumbbell,3,normal,10.0,20.0,,,
Workout_019,2024-01-22 23:47:19,Shoulder,5,Upright Row (Barbell),shoulders,barbell,1,normal,25.0,20.0,,,
Workout_019,2024-01-22 23:47:19,Shoulder,5,Upright Row (Barbell),shoulders,barbell,2,normal,25.0,20.0,,,
Workout_019,2024-01-22 23:47:19,Shoulder,5,Upright Row (Barbell),shoulders,barbell,3,normal,25.0,20.0,,,
Workout_019,2024-01-22 23:47:19,Shoulder,6,Shoulder Press (Machine Plates),shoulders,machine,1,normal,2.5,20.0,,,
Workout_020,2024-02-11 23:17:40,Morning workout ☀️,1,Warm Up,full_body,none,1,normal,,,,,330.0
Workout_020,2024-02-11 23:17:40,Morning workout ☀️,2,Lat Pulldown (Cable),lats,machine,1,normal,21.0,30.0,,,
Workout_020,2024-02-11 23:17:40,Morning workout ☀️,2,Lat Pulldown (Cable),lats,machine,2,normal,21.0,30.0,,,
Workout_020,2024-02-11 23:17:40,Morning workout ☀️,2,Lat Pulldown (Cable),lats,machine,3,normal,21.0,30.0,,,
Workout_020,2024-02-11 23:17:40,Morning workout ☀️,3,Chest Fly (Machine),chest,machine,1,normal,21.0,20.0,,,
Workout_020,2024-02-11 23:17:40,Morning workout ☀️,3,Chest Fly (Machine),chest,machine,2,normal,21.0,20.0,,,
Workout_020,2024-02-11 23:17:40,Morning workout ☀️,3,Chest Fly (Machine),chest,machine,3,normal,21.0,20.0,,,
Workout_020,2024-02-11 23:17:40,Morning workout ☀️,4,Iso-Lateral Row (Machine),upper_back,machine,1,normal,15.0,20.0,,,
Workout_020,2024-02-11 23:17:40,Morning workout ☀️,4,Iso-Lateral Row (Machine),upper_back,machine,2,normal,15.0,20.0,,,
Workout_020,2024-02-11 23:17:40,Morning workout ☀️,4,Iso-Lateral Row (Machine),upper_back,machine,3,normal,15.0,20.0,,,
Workout_020,2024-02-11 23:17:40,Morning workout ☀️,5,Iso-Lateral Chest Press (Machine),chest,machine,1,normal,15.0,15.0,,,
Workout_020,2024-02-11 23:17:40,Morning workout ☀️,5,Iso-Lateral Chest Press (Machine),chest,machine,2,normal,20.0,15.0,,,
Workout_020,2024-02-11 23:17:40,Morning workout ☀️,5,Iso-Lateral Chest Press (Machine),chest,machine,3,normal,20.0,15.0,,,
Workout_020,2024-02-11 23:17:40,Morning workout ☀️,6,Iso-Lateral High Row (Machine),lats,machine,1,normal,20.0,20.0,,,
Workout_020,2024-02-11 23:17:40,Morning workout ☀️,6,Iso-Lateral High Row (Machine),lats,machine,2,normal,20.0,20.0,,,
Workout_020,2024-02-11 23:17:40,Morning workout ☀️,6,Iso-Lateral High Row (Machine),lats,machine,3,normal,20.0,20.0,,,
Workout_020,2024-02-11 23:17:40,Morning workout ☀️,6,Iso-Lateral High Row (Machine),lats,machine,4,normal,20.0,20.0,,,
Workout_020,2024-02-11 23:17:40,Morning workout ☀️,7,Bicep Curl (Cable),biceps,machine,1,normal,21.0,20.0,,,
Workout_020,2024-02-11 23:17:40,Morning workout ☀️,7,Bicep Curl (Cable),biceps,machine,2,normal,21.0,20.0,,,
Workout_020,2024-02-11 23:17:40,Morning workout ☀️,7,Bicep Curl (Cable),biceps,machine,3,normal,21.0,20.0,,,
Workout_021,2024-02-13 23:51:51,Back,1,Warm Up,full_body,none,1,normal,,,,,320.0
Workout_021,2024-02-13 23:51:51,Back,2,Lat Pulldown (Cable),lats,machine,1,normal,28.0,20.0,,,
Workout_021,2024-02-13 23:51:51,Back,2,Lat Pulldown (Cable),lats,machine,2,normal,28.0,20.0,,,
Workout_021,2024-02-13 23:51:51,Back,2,Lat Pulldown (Cable),lats,machine,3,normal,28.0,20.0,,,
Workout_021,2024-02-13 23:51:51,Back,3,Seated Cable Row - V Grip (Cable),upper_back,machine,1,normal,42.0,20.0,,,
Workout_021,2024-02-13 23:51:51,Back,3,Seated Cable Row - V Grip (Cable),upper_back,machine,2,normal,35.0,20.0,,,
Workout_021,2024-02-13 23:51:51,Back,3,Seated Cable Row - V Grip (Cable),upper_back,machine,3,normal,35.0,20.0,,,
Workout_021,2024-02-13 23:51:51,Back,4,Seated Lateral Raise (Dumbbell),shoulders,dumbbell,1,normal,10.0,20.0,,,
Workout_021,2024-02-13 23:51:51,Back,4,Seated Lateral Raise (Dumbbell),shoulders,dumbbell,2,normal,10.0,20.0,,,
Workout_021,2024-02-13 23:51:51,Back,4,Seated Lateral Raise (Dumbbell),shoulders,dumbbell,3,normal,10.0,20.0,,,
Workout_021,2024-02-13 23:51:51,Back,5,Iso-Lateral High Row (Machine),lats,machine,1,normal,20.0,20.0,,,
Workout_021,2024-02-13 23:51:51,Back,5,Iso-Lateral High Row (Machine),lats,machine,2,normal,20.0,20.0,,,
Workout_021,2024-02-13 23:51:51,Back,5,Iso-Lateral High Row (Machine),lats,machine,3,normal,20.0,20.0,,,
Workout_021,2024-02-13 23:51:51,Back,6,Dumbbell Row,lats,dumbbell,1,normal,10.0,20.0,,,
Workout_022,2024-02-16 23:25:09,Chest,1,Warm Up,full_body,none,1,normal,,,,,335.0
Workout_022,2024-02-16 23:25:09,Chest,2,Bench Press (Barbell),chest,barbell,1,normal,25.0,20.0,,,
Workout_022,2024-02-16 23:25:09,Chest,2,Bench Press (Barbell),chest,barbell,2,normal,25.0,20.0,,,
Workout_022,2024-02-16 23:25:09,Chest,2,Bench Press (Barbell),chest,barbell,3,normal,25.0,20.0,,,
Workout_022,2024-02-16 23:25:09,Chest,3,Incline Bench Press (Barbell),chest,barbell,1,normal,25.0,15.0,,,
Workout_022,2024-02-16 23:25:09,Chest,3,Incline Bench Press (Barbell),chest,barbell,2,normal,25.0,15.0,,,
Workout_022,2024-02-16 23:25:09,Chest,3,Incline Bench Press (Barbell),chest,barbell,3,normal,25.0,10.0,,,
Workout_022,2024-02-16 23:25:09,Chest,4,Decline Bench Press (Barbell),chest,barbell,1,normal,25.0,20.0,,,
Workout_022,2024-02-16 23:25:09,Chest,4,Decline Bench Press (Barbell),chest,barbell,2,normal,25.0,13.0,,,
Workout_022,2024-02-16 23:25:09,Chest,4,Decline Bench Press (Barbell),chest,barbell,3,normal,25.0,15.0,,,
Workout_022,2024-02-16 23:25:09,Chest,5,Chest Fly (Machine),chest,machine,1,normal,28.0,20.0,,,
Workout_022,2024-02-16 23:25:09,Chest,5,Chest Fly (Machine),chest,machine,2,normal,28.0,20.0,,,
Workout_022,2024-02-16 23:25:09,Chest,5,Chest Fly (Machine),chest,machine,3,normal,28.0,16.0,,,
Workout_022,2024-02-16 23:25:09,Chest,6,Hammer Curl (Dumbbell),biceps,dumbbell,1,normal,10.0,20.0,,,
Workout_022,2024-02-16 23:25:09,Chest,6,Hammer Curl (Dumbbell),biceps,dumbbell,2,normal,10.0,20.0,,,
Workout_022,2024-02-16 23:25:09,Chest,6,Hammer Curl (Dumbbell),biceps,dumbbell,3,normal,10.0,20.0,,,
Workout_023,2024-02-17 23:25:00,Back,1,Warm Up,full_body,none,1,normal,,,,,360.0
Workout_023,2024-02-17 23:25:00,Back,2,Lat Pulldown (Cable),lats,machine,1,normal,28.0,20.0,,,
Workout_023,2024-02-17 23:25:00,Back,2,Lat Pulldown (Cable),lats,machine,2,normal,28.0,20.0,,,
Workout_023,2024-02-17 23:25:00,Back,2,Lat Pulldown (Cable),lats,machine,3,normal,28.0,20.0,,,
Workout_023,2024-02-17 23:25:00,Back,3,Seated Cable Row - V Grip (Cable),upper_back,machine,1,normal,42.0,20.0,,,
Workout_023,2024-02-17 23:25:00,Back,3,Seated Cable Row - V Grip (Cable),upper_back,machine,2,normal,42.0,20.0,,,
Workout_023,2024-02-17 23:25:00,Back,3,Seated Cable Row - V Grip (Cable),upper_back,machine,3,normal,42.0,15.0,,,
Workout_023,2024-02-17 23:25:00,Back,4,Lat Pulldown (Cable),lats,machine,1,normal,28.0,15.0,,,
Workout_023,2024-02-17 23:25:00,Back,4,Lat Pulldown (Cable),lats,machine,2,normal,28.0,10.0,,,
Workout_023,2024-02-17 23:25:00,Back,4,Lat Pulldown (Cable),lats,machine,3,normal,28.0,8.0,,,
Workout_023,2024-02-17 23:25:00,Back,5,Seated Lateral Raise (Dumbbell),shoulders,dumbbell,1,normal,10.0,20.0,,,
Workout_023,2024-02-17 23:25:00,Back,5,Seated Lateral Raise (Dumbbell),shoulders,dumbbell,2,normal,10.0,20.0,,,
Workout_023,2024-02-17 23:25:00,Back,5,Seated Lateral Raise (Dumbbell),shoulders,dumbbell,3,normal,10.0,20.0,,,
Workout_023,2024-02-17 23:25:00,Back,6,Iso-Lateral High Row (Machine),lats,machine,1,normal,20.0,20.0,,,
Workout_023,2024-02-17 23:25:00,Back,6,Iso-Lateral High Row (Machine),lats,machine,2,normal,20.0,20.0,,,
Workout_023,2024-02-17 23:25:00,Back,7,Dumbbell Row,lats,dumbbell,1,normal,10.0,20.0,,,
Workout_023,2024-02-17 23:25:00,Back,7,Dumbbell Row,lats,dumbbell,2,normal,10.0,20.0,,,
Workout_024,2024-02-18 23:35:39,Shoulder,1,Warm Up,full_body,none,1,normal,,,,,447.0
Workout_024,2024-02-18 23:35:39,Shoulder,2,Overhead Press (Barbell),shoulders,barbell,1,normal,25.0,20.0,,,
Workout_024,2024-02-18 23:35:39,Shoulder,2,Overhead Press (Barbell),shoulders,barbell,2,normal,25.0,20.0,,,
Workout_024,2024-02-18 23:35:39,Shoulder,2,Overhead Press (Barbell),shoulders,barbell,3,normal,25.0,20.0,,,
Workout_024,2024-02-18 23:35:39,Shoulder,3,Lateral Raise (Dumbbell),shoulders,dumbbell,1,normal,10.0,20.0,,,
Workout_024,2024-02-18 23:35:39,Shoulder,3,Lateral Raise (Dumbbell),shoulders,dumbbell,2,normal,10.0,20.0,,,
Workout_024,2024-02-18 23:35:39,Shoulder,3,Lateral Raise (Dumbbell),shoulders,dumbbell,3,normal,10.0,20.0,,,
Workout_024,2024-02-18 23:35:39,Shoulder,4,Arnold Press (Dumbbell),shoulders,dumbbell,1,normal,10.0,20.0,,,
Workout_024,2024-02-18 23:35:39,Shoulder,4,Arnold Press (Dumbbell),shoulders,dumbbell,2,normal,10.0,20.0,,,
Workout_024,2024-02-18 23:35:39,Shoulder,4,Arnold Press (Dumbbell),shoulders,dumbbell,3,normal,10.0,20.0,,,
Workout_025,2024-02-19 23:22:45,Legs 🦵,1,Warm Up,full_body,none,1,normal,,,,,391.0
Workout_025,2024-02-19 23:22:45,Legs 🦵,2,Deadlift (Smith Machine),glutes,machine,1,normal,20.0,20.0,,,
Workout_025,2024-02-19 23:22:45,Legs 🦵,2,Deadlift (Smith Machine),glutes,machine,2,normal,20.0,20.0,,,
Workout_025,2024-02-19 23:22:45,Legs 🦵,2,Deadlift (Smith Machine),glutes,machine,3,normal,20.0,20.0,,,
Workout_025,2024-02-19 23:22:45,Legs 🦵,3,Leg Extension (Machine),quadriceps,machine,1,normal,15.0,25.0,,,
Workout_025,2024-02-19 23:22:45,Legs 🦵,3,Leg Extension (Machine),quadriceps,machine,2,normal,15.0,20.0,,,
Workout_025,2024-02-19 23:22:45,Legs 🦵,3,Leg Extension (Machine),quadriceps,machine,3,normal,15.0,20.0,,,
Workout_025,2024-02-19 23:22:45,Legs 🦵,4,Lying Leg Curl (Machine),hamstrings,machine,1,normal,14.0,20.0,,,
Workout_025,2024-02-19 23:22:45,Legs 🦵,4,Lying Leg Curl (Machine),hamstrings,machine,2,normal,14.0,20.0,,,
Workout_025,2024-02-19 23:22:45,Legs 🦵,4,Lying Leg Curl (Machine),hamstrings,machine,3,normal,14.0,20.0,,,
Workout_025,2024-02-19 23:22:45,Legs 🦵,5,Calf Press (Machine),calves,machine,1,normal,50.0,20.0,,,
Workout_025,2024-02-19 23:22:45,Legs 🦵,5,Calf Press (Machine),calves,machine,2,normal,50.0,20.0,,,
Workout_025,2024-02-19 23:22:45,Legs 🦵,5,Calf Press (Machine),calves,machine,3,normal,50.0,20.0,,,
Workout_026,2024-02-21 23:19:54,Back,1,Warm Up,full_body,none,1,normal,,,,,332.0
Workout_026,2024-02-21 23:19:54,Back,2,Lat Pulldown (Cable),lats,machine,1,normal,28.0,20.0,,,
Workout_026,2024-02-21 23:19:54,Back,2,Lat Pulldown (Cable),lats,machine,2,normal,28.0,20.0,,,
Workout_026,2024-02-21 23:19:54,Back,2,Lat Pulldown (Cable),lats,machine,3,normal,28.0,20.0,,,
Workout_026,2024-02-21 23:19:54,Back,3,Seated Cable Row - V Grip (Cable),upper_back,machine,1,normal,42.0,20.0,,,
Workout_026,2024-02-21 23:19:54,Back,3,Seated Cable Row - V Grip (Cable),upper_back,machine,2,normal,42.0,20.0,,,
Workout_026,2024-02-21 23:19:54,Back,3,Seated Cable Row - V Grip (Cable),upper_back,machine,3,normal,42.0,20.0,,,
Workout_026,2024-02-21 23:19:54,Back,4,Seated Lateral Raise (Dumbbell),shoulders,dumbbell,1,normal,10.0,20.0,,,
Workout_026,2024-02-21 23:19:54,Back,4,Seated Lateral Raise (Dumbbell),shoulders,dumbbell,2,normal,10.0,20.0,,,
Workout_026,2024-02-21 23:19:54,Back,4,Seated Lateral Raise (Dumbbell),shoulders,dumbbell,3,normal,10.0,20.0,,,
Workout_026,2024-02-21 23:19:54,Back,5,Lat Pulldown (Machine),lats,machine,1,normal,15.0,15.0,,,
Workout_026,2024-02-21 23:19:54,Back,5,Lat Pulldown (Machine),lats,machine,2,normal,15.0,15.0,,,
Workout_026,2024-02-21 23:19:54,Back,5,Lat Pulldown (Machine),lats,machine,3,normal,15.0,15.0,,,
Workout_026,2024-02-21 23:19:54,Back,6,Single Arm Tricep Extension (Dumbbell),triceps,dumbbell,1,normal,10.0,20.0,,,
Workout_026,2024-02-21 23:19:54,Back,6,Single Arm Tricep Extension (Dumbbell),triceps,dumbbell,2,normal,10.0,20.0,,,
Workout_026,2024-02-21 23:19:54,Back,6,Single Arm Tricep Extension (Dumbbell),triceps,dumbbell,3,normal,10.0,20.0,,,
Workout_027,2024-02-25 23:29:02,Chest,1,Warm Up,full_body,none,1,normal,,,,,401.0
Workout_027,2024-02-25 23:29:02,Chest,2,Incline Bench Press (Barbell),chest,barbell,1,normal,30.0,20.0,,,
Workout_027,2024-02-25 23:29:02,Chest,2,Incline Bench Press (Barbell),chest,barbell,2,normal,30.0,15.0,,,
Workout_027,2024-02-25 23:29:02,Chest,2,Incline Bench Press (Barbell),chest,barbell,3,normal,30.0,15.0,,,
Workout_027,2024-02-25 23:29:02,Chest,3,Decline Bench Press (Barbell),chest,barbell,1,normal,30.0,15.0,,,
Workout_027,2024-02-25 23:29:02,Chest,3,Decline Bench Press (Barbell),chest,barbell,2,normal,30.0,15.0,,,
Workout_027,2024-02-25 23:29:02,Chest,3,Decline Bench Press (Barbell),chest,barbell,3,normal,30.0,9.0,,,
Workout_027,2024-02-25 23:29:02,Chest,4,Bench Press (Barbell),chest,barbell,1,normal,30.0,10.0,,,
Workout_027,2024-02-25 23:29:02,Chest,4,Bench Press (Barbell),chest,barbell,2,normal,30.0,10.0,,,
Workout_027,2024-02-25 23:29:02,Chest,5,Chest Fly (Machine),chest,machine,1,normal,28.0,20.0,,,
Workout_027,2024-02-25 23:29:02,Chest,5,Chest Fly (Machine),chest,machine,2,normal,28.0,20.0,,,
Workout_027,2024-02-25 23:29:02,Chest,5,Chest Fly (Machine),chest,machine,3,normal,28.0,20.0,,,
Workout_028,2024-02-27 23:35:47,Biceps 💪,1,Warm Up,full_body,none,1,normal,,,,,371.0
Workout_028,2024-02-27 23:35:47,Biceps 💪,2,Bicep Curl (Barbell),biceps,barbell,1,normal,20.0,20.0,,,
Workout_028,2024-02-27 23:35:47,Biceps 💪,2,Bicep Curl (Barbell),biceps,barbell,2,normal,20.0,20.0,,,
Workout_028,2024-02-27 23:35:47,Biceps 💪,2,Bicep Curl (Barbell),biceps,barbell,3,normal,20.0,20.0,,,
Workout_028,2024-02-27 23:35:47,Biceps 💪,3,Bicep Curl (Dumbbell),biceps,dumbbell,1,normal,10.0,20.0,,,
Workout_028,2024-02-27 23:35:47,Biceps 💪,3,Bicep Curl (Dumbbell),biceps,dumbbell,2,normal,10.0,20.0,,,
Workout_028,2024-02-27 23:35:47,Biceps 💪,3,Bicep Curl (Dumbbell),biceps,dumbbell,3,normal,10.0,20.0,,,
Workout_028,2024-02-27 23:35:47,Biceps 💪,4,Preacher Curl (Barbell),biceps,barbell,1,normal,20.0,20.0,,,
Workout_028,2024-02-27 23:35:47,Biceps 💪,4,Preacher Curl (Barbell),biceps,barbell,2,normal,20.0,20.0,,,
Workout_028,2024-02-27 23:35:47,Biceps 💪,4,Preacher Curl (Barbell),biceps,barbell,3,normal,20.0,20.0,,,
Workout_029,2024-02-28 23:24:51,Legs,1,Warm Up,full_body,none,1,normal,,,,,433.0
Workout_029,2024-02-28 23:24:51,Legs,2,Goblet Squat,quadriceps,dumbbell,1,normal,10.0,20.0,,,
Workout_029,2024-02-28 23:24:51,Legs,2,Goblet Squat,quadriceps,dumbbell,2,normal,10.0,12.0,,,
Workout_029,2024-02-28 23:24:51,Legs,2,Goblet Squat,quadriceps,dumbbell,3,normal,10.0,12.0,,,
Workout_029,2024-02-28 23:24:51,Legs,3,Lying Leg Curl (Machine),hamstrings,machine,1,normal,21.0,20.0,,,
Workout_029,2024-02-28 23:24:51,Legs,3,Lying Leg Curl (Machine),hamstrings,machine,2,normal,14.0,20.0,,,
Workout_029,2024-02-28 23:24:51,Legs,3,Lying Leg Curl (Machine),hamstrings,machine,3,normal,14.0,20.0,,,
Workout_029,2024-02-28 23:24:51,Legs,4,Deadlift (Smith Machine),glutes,machine,1,normal,20.0,20.0,,,
Workout_029,2024-02-28 23:24:51,Legs,4,Deadlift (Smith Machine),glutes,machine,2,normal,20.0,20.0,,,
Workout_029,2024-02-28 23:24:51,Legs,4,Deadlift (Smith Machine),glutes,machine,3,normal,20.0,20.0,,,
Workout_029,2024-02-28 23:24:51,Legs,5,Lunge,quadriceps,none,1,normal,,20.0,,,
Workout_029,2024-02-28 23:24:51,Legs,5,Lunge,quadriceps,none,2,normal,,20.0,,,
Workout_029,2024-02-28 23:24:51,Legs,5,Lunge,quadriceps,none,3,normal,,20.0,,,
Workout_030,2024-03-02 23:26:24,Chest,1,Warm Up,full_body,none,1,normal,,,,,303.0
Workout_030,2024-03-02 23:26:24,Chest,2,Bench Press (Barbell),chest,barbell,1,normal,25.0,20.0,,,
Workout_030,2024-03-02 23:26:24,Chest,2,Bench Press (Barbell),chest,barbell,2,normal,25.0,20.0,,,
Workout_030,2024-03-02 23:26:24,Chest,2,Bench Press (Barbell),chest,barbell,3,normal,25.0,20.0,,,
Workout_030,2024-03-02 23:26:24,Chest,3,Incline Bench Press (Barbell),chest,barbell,1,normal,25.0,20.0,,,
Workout_030,2024-03-02 23:26:24,Chest,3,Incline Bench Press (Barbell),chest,barbell,2,normal,25.0,20.0,,,
Workout_030,2024-03-02 23:26:24,Chest,3,Incline Bench Press (Barbell),chest,barbell,3,normal,25.0,20.0,,,
Workout_030,2024-03-02 23:26:24,Chest,4,Decline Bench Press (Barbell),chest,barbell,1,normal,25.0,20.0,,,
Workout_030,2024-03-02 23:26:24,Chest,4,Decline Bench Press (Barbell),chest,barbell,2,normal,25.0,20.0,,,
Workout_030,2024-03-02 23:26:24,Chest,4,Decline Bench Press (Barbell),chest,barbell,3,normal,25.0,15.0,,,
Workout_030,2024-03-02 23:26:24,Chest,5,Iso-Lateral Chest Press (Machine),chest,machine,1,normal,15.0,20.0,,,
Workout_031,2024-03-03 23:25:05,Legs 🦵,1,Warm Up,full_body,none,1,normal,,,,,384.0
Workout_031,2024-03-03 23:25:05,Legs 🦵,2,Deadlift (Smith Machine),glutes,machine,1,normal,20.0,20.0,,,
Workout_031,2024-03-03 23:25:05,Legs 🦵,2,Deadlift (Smith Machine),glutes,machine,2,normal,20.0,20.0,,,
Workout_031,2024-03-03 23:25:05,Legs 🦵,2,Deadlift (Smith Machine),glutes,machine,3,normal,20.0,20.0,,,
Workout_031,2024-03-03 23:25:05,Legs 🦵,3,Leg Extension (Machine),quadriceps,machine,1,normal,15.0,20.0,,,
Workout_031,2024-03-03 23:25:05,Legs 🦵,3,Leg Extension (Machine),quadriceps,machine,2,normal,15.0,25.0,,,
Workout_031,2024-03-03 23:25:05,Legs 🦵,3,Leg Extension (Machine),quadriceps,machine,3,normal,15.0,25.0,,,
Workout_031,2024-03-03 23:25:05,Legs 🦵,4,Lying Leg Curl (Machine),hamstrings,machine,1,normal,14.0,20.0,,,
Workout_031,2024-03-03 23:25:05,Legs 🦵,4,Lying Leg Curl (Machine),hamstrings,machine,2,normal,14.0,20.0,,,
Workout_031,2024-03-03 23:25:05,Legs 🦵,4,Lying Leg Curl (Machine),hamstrings,machine,3,normal,14.0,20.0,,,
Workout_031,2024-03-03 23:25:05,Legs 🦵,5,Calf Press (Machine),calves,machine,1,normal,50.0,20.0,,,
Workout_031,2024-03-03 23:25:05,Legs 🦵,5,Calf Press (Machine),calves,machine,2,normal,50.0,20.0,,,
Workout_031,2024-03-03 23:25:05,Legs 🦵,5,Calf Press (Machine),calves,machine,3,normal,50.0,20.0,,,
Workout_031,2024-03-03 23:25:05,Legs 🦵,6,Standing Leg Curls,calves,other,1,normal,10.0,20.0,,,
Workout_032,2024-03-04 23:28:36,Shoulders,1,Warm Up,full_body,none,1,normal,,,,,322.0
Workout_032,2024-03-04 23:28:36,Shoulders,2,Overhead Press (Barbell),shoulders,barbell,1,normal,2.5,20.0,,,
Workout_032,2024-03-04 23:28:36,Shoulders,2,Overhead Press (Barbell),shoulders,barbell,2,normal,2.5,16.0,,,
Workout_032,2024-03-04 23:28:36,Shoulders,2,Overhead Press (Barbell),shoulders,barbell,3,normal,2.5,15.0,,,
Workout_032,2024-03-04 23:28:36,Shoulders,3,Lateral Raise (Dumbbell),shoulders,dumbbell,1,normal,10.0,20.0,,,
Workout_032,2024-03-04 23:28:36,Shoulders,3,Lateral Raise (Dumbbell),shoulders,dumbbell,2,normal,10.0,20.0,,,
Workout_032,2024-03-04 23:28:36,Shoulders,3,Lateral Raise (Dumbbell),shoulders,dumbbell,3,normal,10.0,20.0,,,
Workout_032,2024-03-04 23:28:36,Shoulders,4,Upright Row (Cable),shoulders,machine,1,normal,28.0,20.0,,,
Workout_032,2024-03-04 23:28:36,Shoulders,4,Upright Row (Cable),shoulders,machine,2,normal,28.0,20.0,,,
Workout_032,2024-03-04 23:28:36,Shoulders,4,Upright Row (Cable),shoulders,machine,3,normal,28.0,20.0,,,
Workout_032,2024-03-04 23:28:36,Shoulders,5,Overhead Press (Dumbbell),shoulders,dumbbell,1,normal,10.0,20.0,,,
Workout_032,2024-03-04 23:28:36,Shoulders,5,Overhead Press (Dumbbell),shoulders,dumbbell,2,normal,10.0,20.0,,,
Workout_032,2024-03-04 23:28:36,Shoulders,5,Overhead Press (Dumbbell),shoulders,dumbbell,3,normal,10.0,15.0,,,
Workout_032,2024-03-04 23:28:36,Shoulders,6,Front Raise (Dumbbell),shoulders,dumbbell,1,normal,5.0,20.0,,,
Workout_032,2024-03-04 23:28:36,Shoulders,6,Front Raise (Dumbbell),shoulders,dumbbell,2,normal,5.0,20.0,,,
Workout_033,2024-09-21 23:55:46,Morning workout ☀️,1,Warm Up,full_body,none,1,normal,,,,,470.0
Workout_033,2024-09-21 23:55:46,Morning workout ☀️,2,Lat Pulldown (Cable),lats,machine,1,normal,21.0,20.0,,,
Workout_033,2024-09-21 23:55:46,Morning workout ☀️,2,Lat Pulldown (Cable),lats,machine,2,normal,21.0,20.0,,,
Workout_033,2024-09-21 23:55:46,Morning workout ☀️,2,Lat Pulldown (Cable),lats,machine,3,normal,21.0,20.0,,,
Workout_033,2024-09-21 23:55:46,Morning workout ☀️,3,Iso-Lateral Chest Press (Machine),chest,machine,1,normal,5.0,20.0,,,
Workout_033,2024-09-21 23:55:46,Morning workout ☀️,3,Iso-Lateral Chest Press (Machine),chest,machine,2,normal,5.0,20.0,,,
Workout_033,2024-09-21 23:55:46,Morning workout ☀️,3,Iso-Lateral Chest Press (Machine),chest,machine,3,normal,5.0,15.0,,,
Workout_033,2024-09-21 23:55:46,Morning workout ☀️,4,Bicep Curl (Dumbbell),biceps,dumbbell,1,normal,10.0,20.0,,,
Workout_033,2024-09-21 23:55:46,Morning workout ☀️,4,Bicep Curl (Dumbbell),biceps,dumbbell,2,normal,10.0,20.0,,,
Workout_033,2024-09-21 23:55:46,Morning workout ☀️,4,Bicep Curl (Dumbbell),biceps,dumbbell,3,normal,10.0,20.0,,,
Workout_033,2024-09-21 23:55:46,Morning workout ☀️,5,Iso-Lateral Row (Machine),upper_back,machine,1,normal,20.0,20.0,,,
Workout_033,2024-09-21 23:55:46,Morning workout ☀️,5,Iso-Lateral Row (Machine),upper_back,machine,2,normal,20.0,20.0,,,
Workout_033,2024-09-21 23:55:46,Morning workout ☀️,5,Iso-Lateral Row (Machine),upper_back,machine,3,normal,20.0,20.0,,,
Workout_033,2024-09-21 23:55:46,Morning workout ☀️,6,Iso-Lateral Chest Press (Machine),chest,machine,1,normal,20.0,20.0,,,
Workout_033,2024-09-21 23:55:46,Morning workout ☀️,6,Iso-Lateral Chest Press (Machine),chest,machine,2,normal,20.0,20.0,,,
Workout_033,2024-09-21 23:55:46,Morning workout ☀️,6,Iso-Lateral Chest Press (Machine),chest,machine,3,normal,20.0,10.0,,,
Workout_034,2024-09-23 00:27:57,Morning workout ☀️,1,Warm Up,full_body,none,1,normal,,,,,562.0
Workout_034,2024-09-23 00:27:57,Morning workout ☀️,2,Lat Pulldown (Cable),lats,machine,1,normal,21.0,20.0,,,
Workout_034,2024-09-23 00:27:57,Morning workout ☀️,2,Lat Pulldown (Cable),lats,machine,2,normal,21.0,20.0,,,
Workout_034,2024-09-23 00:27:57,Morning workout ☀️,2,Lat Pulldown (Cable),lats,machine,3,normal,21.0,20.0,,,
Workout_034,2024-09-23 00:27:57,Morning workout ☀️,3,Iso-Lateral Chest Press (Machine),chest,machine,1,normal,5.0,20.0,,,
Workout_034,2024-09-23 00:27:57,Morning workout ☀️,3,Iso-Lateral Chest Press (Machine),chest,machine,2,normal,5.0,20.0,,,
Workout_034,2024-09-23 00:27:57,Morning workout ☀️,3,Iso-Lateral Chest Press (Machine),chest,machine,3,normal,5.0,10.0,,,
Workout_034,2024-09-23 00:27:57,Morning workout ☀️,4,Bicep Curl (Dumbbell),biceps,dumbbell,1,normal,10.0,20.0,9.0,,
Workout_034,2024-09-23 00:27:57,Morning workout ☀️,4,Bicep Curl (Dumbbell),biceps,dumbbell,2,normal,10.0,20.0,9.0,,
Workout_034,2024-09-23 00:27:57,Morning workout ☀️,4,Bicep Curl (Dumbbell),biceps,dumbbell,3,normal,10.0,15.0,10.0,,
Workout_034,2024-09-23 00:27:57,Morning workout ☀️,5,Iso-Lateral Row (Machine),upper_back,machine,1,normal,20.0,20.0,,,
Workout_034,2024-09-23 00:27:57,Morning workout ☀️,5,Iso-Lateral Row (Machine),upper_back,machine,2,normal,20.0,20.0,,,
Workout_034,2024-09-23 00:27:57,Morning workout ☀️,5,Iso-Lateral Row (Machine),upper_back,machine,3,normal,20.0,20.0,,,
Workout_034,2024-09-23 00:27:57,Morning workout ☀️,6,Decline Bench Press (Barbell),chest,barbell,1,normal,20.0,20.0,,,
Workout_034,2024-09-23 00:27:57,Morning workout ☀️,6,Decline Bench Press (Barbell),chest,barbell,2,normal,20.0,20.0,,,
Workout_034,2024-09-23 00:27:57,Morning workout ☀️,6,Decline Bench Press (Barbell),chest,barbell,3,normal,20.0,20.0,,,
Workout_035,2024-09-24 00:31:49,Morning workout ☀️,1,Warm Up,full_body,none,1,normal,,,,,644.0
Workout_035,2024-09-24 00:31:49,Morning workout ☀️,2,Lat Pulldown (Cable),lats,machine,1,normal,21.0,20.0,,,
Workout_035,2024-09-24 00:31:49,Morning workout ☀️,2,Lat Pulldown (Cable),lats,machine,2,normal,21.0,20.0,,,
Workout_035,2024-09-24 00:31:49,Morning workout ☀️,2,Lat Pulldown (Cable),lats,machine,3,normal,21.0,20.0,,,
Workout_035,2024-09-24 00:31:49,Morning workout ☀️,3,Iso-Lateral Chest Press (Machine),chest,machine,1,normal,5.0,20.0,,,
Workout_035,2024-09-24 00:31:49,Morning workout ☀️,3,Iso-Lateral Chest Press (Machine),chest,machine,2,normal,5.0,20.0,,,
Workout_035,2024-09-24 00:31:49,Morning workout ☀️,3,Iso-Lateral Chest Press (Machine),chest,machine,3,normal,5.0,10.0,,,
Workout_035,2024-09-24 00:31:49,Morning workout ☀️,4,Bicep Curl (Dumbbell),biceps,dumbbell,1,normal,10.0,20.0,8.0,,
Workout_035,2024-09-24 00:31:49,Morning workout ☀️,4,Bicep Curl (Dumbbell),biceps,dumbbell,2,normal,10.0,20.0,9.0,,
Workout_035,2024-09-24 00:31:49,Morning workout ☀️,4,Bicep Curl (Dumbbell),biceps,dumbbell,3,normal,10.0,20.0,,,
Workout_035,2024-09-24 00:31:49,Morning workout ☀️,5,Iso-Lateral Row (Machine),upper_back,machine,1,normal,20.0,20.0,,,
Workout_035,2024-09-24 00:31:49,Morning workout ☀️,5,Iso-Lateral Row (Machine),upper_back,machine,2,normal,20.0,20.0,,,
Workout_035,2024-09-24 00:31:49,Morning workout ☀️,5,Iso-Lateral Row (Machine),upper_back,machine,3,normal,20.0,20.0,,,
Workout_036,2024-09-25 00:30:33,Morning workout ☀️,1,Warm Up,full_body,none,1,normal,,,,,582.0
Workout_036,2024-09-25 00:30:33,Morning workout ☀️,2,Lat Pulldown (Cable),lats,machine,1,normal,21.0,20.0,,,
Workout_036,2024-09-25 00:30:33,Morning workout ☀️,2,Lat Pulldown (Cable),lats,machine,2,normal,21.0,20.0,,,
Workout_036,2024-09-25 00:30:33,Morning workout ☀️,2,Lat Pulldown (Cable),lats,machine,3,normal,21.0,20.0,,,
Workout_036,2024-09-25 00:30:33,Morning workout ☀️,3,Seated Cable Row - V Grip (Cable),upper_back,machine,1,normal,38.0,20.0,,,
Workout_036,2024-09-25 00:30:33,Morning workout ☀️,3,Seated Cable Row - V Grip (Cable),upper_back,machine,2,normal,38.0,20.0,,,
Workout_036,2024-09-25 00:30:33,Morning workout ☀️,3,Seated Cable Row - V Grip (Cable),upper_back,machine,3,normal,38.0,20.0,,,
Workout_036,2024-09-25 00:30:33,Morning workout ☀️,4,Iso-Lateral Chest Press (Machine),chest,machine,1,normal,5.0,20.0,,,
Workout_036,2024-09-25 00:30:33,Morning workout ☀️,4,Iso-Lateral Chest Press (Machine),chest,machine,2,normal,5.0,20.0,,,
Workout_036,2024-09-25 00:30:33,Morning workout ☀️,4,Iso-Lateral Chest Press (Machine),chest,machine,3,normal,5.0,20.0,,,
Workout_036,2024-09-25 00:30:33,Morning workout ☀️,5,Bicep Curl (Dumbbell),biceps,dumbbell,1,normal,10.0,20.0,,,
Workout_036,2024-09-25 00:30:33,Morning workout ☀️,5,Bicep Curl (Dumbbell),biceps,dumbbell,2,normal,10.0,20.0,,,
Workout_036,2024-09-25 00:30:33,Morning workout ☀️,5,Bicep Curl (Dumbbell),biceps,dumbbell,3,normal,10.0,20.0,,,
Workout_036,2024-09-25 00:30:33,Morning workout ☀️,6,Squat (Bodyweight),quadriceps,none,1,normal,,20.0,,,
Workout_036,2024-09-25 00:30:33,Morning workout ☀️,6,Squat (Bodyweight),quadriceps,none,2,normal,,20.0,,,
Workout_036,2024-09-25 00:30:33,Morning workout ☀️,6,Squat (Bodyweight),quadriceps,none,3,normal,,15.0,,,
Workout_037,2024-09-28 00:03:43,Chest,1,Warm Up,full_body,none,1,normal,,,,,496.0
Workout_037,2024-09-28 00:03:43,Chest,2,Bench Press (Barbell),chest,barbell,1,normal,20.0,20.0,,,
Workout_037,2024-09-28 00:03:43,Chest,2,Bench Press (Barbell),chest,barbell,2,normal,20.0,20.0,,,
Workout_037,2024-09-28 00:03:43,Chest,2,Bench Press (Barbell),chest,barbell,3,normal,20.0,20.0,,,
Workout_037,2024-09-28 00:03:43,Chest,3,Decline Bench Press (Barbell),chest,barbell,1,normal,20.0,20.0,,,
Workout_037,2024-09-28 00:03:43,Chest,3,Decline Bench Press (Barbell),chest,barbell,2,normal,20.0,20.0,,,
Workout_037,2024-09-28 00:03:43,Chest,3,Decline Bench Press (Barbell),chest,barbell,3,normal,20.0,20.0,,,
Workout_037,2024-09-28 00:03:43,Chest,4,Incline Bench Press (Dumbbell),chest,dumbbell,1,normal,10.0,20.0,,,
Workout_037,2024-09-28 00:03:43,Chest,4,Incline Bench Press (Dumbbell),chest,dumbbell,2,normal,10.0,25.0,,,
Workout_037,2024-09-28 00:03:43,Chest,4,Incline Bench Press (Dumbbell),chest,dumbbell,3,normal,10.0,25.0,,,
Workout_037,2024-09-28 00:03:43,Chest,5,Chest Fly (Machine),chest,machine,1,normal,21.0,20.0,,,
Workout_037,2024-09-28 00:03:43,Chest,5,Chest Fly (Machine),chest,machine,2,normal,21.0,20.0,,,
Workout_037,2024-09-28 00:03:43,Chest,5,Chest Fly (Machine),chest,machine,3,normal,21.0,20.0,,,
Workout_037,2024-09-28 00:03:43,Chest,6,Iso-Lateral Chest Press (Machine),chest,machine,1,normal,15.0,20.0,,,
Workout_037,2024-09-28 00:03:43,Chest,6,Iso-Lateral Chest Press (Machine),chest,machine,2,normal,15.0,20.0,,,
Workout_037,2024-09-28 00:03:43,Chest,6,Iso-Lateral Chest Press (Machine),chest,machine,3,normal,15.0,15.0,,,
Workout_037,2024-09-28 00:03:43,Chest,7,Triceps Pushdown,triceps,machine,1,normal,21.0,20.0,,,
Workout_037,2024-09-28 00:03:43,Chest,7,Triceps Pushdown,triceps,machine,2,normal,21.0,20.0,,,
Workout_037,2024-09-28 00:03:43,Chest,7,Triceps Pushdown,triceps,machine,3,normal,21.0,20.0,,,
Workout_038,2024-09-29 00:29:17,Shoulders,1,Warm Up,full_body,none,1,normal,,,,,300.0
Workout_038,2024-09-29 00:29:17,Shoulders,2,Standing Military Press (Barbell),shoulders,barbell,1,normal,20.0,20.0,,,
Workout_038,2024-09-29 00:29:17,Shoulders,2,Standing Military Press (Barbell),shoulders,barbell,2,normal,20.0,20.0,,,
Workout_038,2024-09-29 00:29:17,Shoulders,2,Standing Military Press (Barbell),shoulders,barbell,3,normal,20.0,20.0,,,
Workout_038,2024-09-29 00:29:17,Shoulders,3,Lateral Raise (Dumbbell),shoulders,dumbbell,1,normal,10.0,20.0,,,
Workout_038,2024-09-29 00:29:17,Shoulders,3,Lateral Raise (Dumbbell),shoulders,dumbbell,2,normal,10.0,20.0,,,
Workout_038,2024-09-29 00:29:17,Shoulders,3,Lateral Raise (Dumbbell),shoulders,dumbbell,3,normal,10.0,20.0,,,
Workout_038,2024-09-29 00:29:17,Shoulders,4,Upright Row (Cable),shoulders,machine,1,normal,28.0,20.0,,,
Workout_038,2024-09-29 00:29:17,Shoulders,4,Upright Row (Cable),shoulders,machine,2,normal,21.0,20.0,,,
Workout_038,2024-09-29 00:29:17,Shoulders,4,Upright Row (Cable),shoulders,machine,3,normal,21.0,20.0,,,
Workout_038,2024-09-29 00:29:17,Shoulders,5,Overhead Press (Dumbbell),shoulders,dumbbell,1,normal,10.0,20.0,,,
Workout_038,2024-09-29 00:29:17,Shoulders,5,Overhead Press (Dumbbell),shoulders,dumbbell,2,normal,10.0,20.0,,,
Workout_038,2024-09-29 00:29:17,Shoulders,5,Overhead Press (Dumbbell),shoulders,dumbbell,3,normal,10.0,18.0,,,
Workout_038,2024-09-29 00:29:17,Shoulders,6,Front Raise (Dumbbell),shoulders,dumbbell,1,normal,10.0,20.0,,,
Workout_038,2024-09-29 00:29:17,Shoulders,6,Front Raise (Dumbbell),shoulders,dumbbell,2,normal,5.0,20.0,,,
Workout_038,2024-09-29 00:29:17,Shoulders,6,Front Raise (Dumbbell),shoulders,dumbbell,3,normal,5.0,20.0,,,
Workout_038,2024-09-29 00:29:17,Shoulders,7,Shoulder Press (Machine Plates),shoulders,machine,1,normal,2.5,10.0,,,
Workout_039,2024-09-30 00:15:33,Chest,1,Warm Up,full_body,none,1,normal,,,,,600.0
Workout_039,2024-09-30 00:15:33,Chest,2,Bench Press (Barbell),chest,barbell,1,normal,20.0,20.0,,,
Workout_039,2024-09-30 00:15:33,Chest,2,Bench Press (Barbell),chest,barbell,2,normal,20.0,20.0,,,
Workout_039,2024-09-30 00:15:33,Chest,2,Bench Press (Barbell),chest,barbell,3,normal,20.0,20.0,,,
Workout_039,2024-09-30 00:15:33,Chest,3,Incline Bench Press (Barbell),chest,barbell,1,normal,20.0,20.0,,,
Workout_039,2024-09-30 00:15:33,Chest,3,Incline Bench Press (Barbell),chest,barbell,2,normal,20.0,20.0,,,
Workout_039,2024-09-30 00:15:33,Chest,3,Incline Bench Press (Barbell),chest,barbell,3,normal,20.0,20.0,,,
Workout_039,2024-09-30 00:15:33,Chest,4,Decline Bench Press (Barbell),chest,barbell,1,normal,20.0,20.0,,,
Workout_039,2024-09-30 00:15:33,Chest,4,Decline Bench Press (Barbell),chest,barbell,2,normal,20.0,20.0,,,
Workout_039,2024-09-30 00:15:33,Chest,4,Decline Bench Press (Barbell),chest,barbell,3,normal,20.0,20.0,,,
Workout_039,2024-09-30 00:15:33,Chest,5,Chest Fly (Machine),chest,machine,1,normal,21.0,20.0,,,
Workout_039,2024-09-30 00:15:33,Chest,5,Chest Fly (Machine),chest,machine,2,normal,21.0,20.0,,,
Workout_039,2024-09-30 00:15:33,Chest,5,Chest Fly (Machine),chest,machine,3,normal,21.0,20.0,,,
Workout_039,2024-09-30 00:15:33,Chest,6,Hammer Curl (Dumbbell),biceps,dumbbell,1,normal,10.0,20.0,,,
Workout_039,2024-09-30 00:15:33,Chest,6,Hammer Curl (Dumbbell),biceps,dumbbell,2,normal,10.0,20.0,,,
Workout_039,2024-09-30 00:15:33,Chest,6,Hammer Curl (Dumbbell),biceps,dumbbell,3,normal,10.0,20.0,,,
Workout_039,2024-09-30 00:15:33,Chest,7,Bicep Curl (Cable),biceps,machine,1,normal,21.0,20.0,,,
Workout_039,2024-09-30 00:15:33,Chest,7,Bicep Curl (Cable),biceps,machine,2,normal,21.0,20.0,,,
Workout_039,2024-09-30 00:15:33,Chest,7,Bicep Curl (Cable),biceps,machine,3,normal,21.0,15.0,,,
Workout_040,2024-10-01 00:24:15,Back,1,Warm Up,full_body,none,1,normal,,,,,582.0
Workout_040,2024-10-01 00:24:15,Back,2,Lat Pulldown (Cable),lats,machine,1,normal,21.0,20.0,,,
Workout_040,2024-10-01 00:24:15,Back,2,Lat Pulldown (Cable),lats,machine,2,normal,21.0,20.0,,,
Workout_040,2024-10-01 00:24:15,Back,2,Lat Pulldown (Cable),lats,machine,3,normal,21.0,20.0,,,
Workout_040,2024-10-01 00:24:15,Back,3,Seated Lateral Raise (Dumbbell),shoulders,dumbbell,1,normal,10.0,20.0,,,
Workout_040,2024-10-01 00:24:15,Back,3,Seated Lateral Raise (Dumbbell),shoulders,dumbbell,2,normal,10.0,20.0,,,
Workout_040,2024-10-01 00:24:15,Back,3,Seated Lateral Raise (Dumbbell),shoulders,dumbbell,3,normal,10.0,20.0,,,
Workout_040,2024-10-01 00:24:15,Back,4,Lat Pulldown (Machine),lats,machine,1,normal,20.0,20.0,,,
Workout_040,2024-10-01 00:24:15,Back,4,Lat Pulldown (Machine),lats,machine,2,normal,20.0,20.0,,,
Workout_040,2024-10-01 00:24:15,Back,4,Lat Pulldown (Machine),lats,machine,3,normal,20.0,20.0,,,
Workout_040,2024-10-01 00:24:15,Back,5,Single Arm Tricep Extension (Dumbbell),triceps,dumbbell,1,normal,10.0,20.0,,,
Workout_040,2024-10-01 00:24:15,Back,5,Single Arm Tricep Extension (Dumbbell),triceps,dumbbell,2,normal,10.0,20.0,,,
Workout_040,2024-10-01 00:24:15,Back,5,Single Arm Tricep Extension (Dumbbell),triceps,dumbbell,3,normal,10.0,20.0,,,
Workout_040,2024-10-01 00:24:15,Back,6,Triceps Extension (Dumbbell),triceps,dumbbell,1,normal,7.5,20.0,,,
Workout_040,2024-10-01 00:24:15,Back,6,Triceps Extension (Dumbbell),triceps,dumbbell,2,normal,7.5,20.0,,,
Workout_040,2024-10-01 00:24:15,Back,6,Triceps Extension (Dumbbell),triceps,dumbbell,3,normal,7.5,20.0,,,
Workout_040,2024-10-01 00:24:15,Back,7,Hammer Curl (Dumbbell),biceps,dumbbell,1,normal,10.0,20.0,,,
Workout_040,2024-10-01 00:24:15,Back,7,Hammer Curl (Dumbbell),biceps,dumbbell,2,normal,10.0,20.0,,,
Workout_040,2024-10-01 00:24:15,Back,7,Hammer Curl (Dumbbell),biceps,dumbbell,3,normal,10.0,20.0,,,
Workout_041,2024-10-02 00:23:50,Shoulders,1,Warm Up,full_body,none,1,normal,,,,,300.0
Workout_041,2024-10-02 00:23:50,Shoulders,2,Standing Military Press (Barbell),shoulders,barbell,1,normal,20.0,20.0,,,
Workout_041,2024-10-02 00:23:50,Shoulders,2,Standing Military Press (Barbell),shoulders,barbell,2,normal,20.0,20.0,,,
Workout_041,2024-10-02 00:23:50,Shoulders,2,Standing Military Press (Barbell),shoulders,barbell,3,normal,20.0,15.0,,,
Workout_041,2024-10-02 00:23:50,Shoulders,3,Lateral Raise (Dumbbell),shoulders,dumbbell,1,normal,10.0,20.0,,,
Workout_041,2024-10-02 00:23:50,Shoulders,3,Lateral Raise (Dumbbell),shoulders,dumbbell,2,normal,10.0,20.0,,,
Workout_041,2024-10-02 00:23:50,Shoulders,3,Lateral Raise (Dumbbell),shoulders,dumbbell,3,normal,10.0,20.0,,,
Workout_041,2024-10-02 00:23:50,Shoulders,4,Upright Row (Cable),shoulders,machine,1,normal,21.0,20.0,,,
Workout_041,2024-10-02 00:23:50,Shoulders,4,Upright Row (Cable),shoulders,machine,2,normal,21.0,20.0,,,
Workout_041,2024-10-02 00:23:50,Shoulders,4,Upright Row (Cable),shoulders,machine,3,normal,21.0,20.0,,,
Workout_041,2024-10-02 00:23:50,Shoulders,5,Overhead Press (Dumbbell),shoulders,dumbbell,1,normal,10.0,20.0,,,
Workout_041,2024-10-02 00:23:50,Shoulders,5,Overhead Press (Dumbbell),shoulders,dumbbell,2,normal,10.0,20.0,,,
Workout_041,2024-10-02 00:23:50,Shoulders,5,Overhead Press (Dumbbell),shoulders,dumbbell,3,normal,10.0,20.0,,,
Workout_041,2024-10-02 00:23:50,Shoulders,6,Spinning,cardio,machine,1,normal,,,,,183.0
Workout_042,2024-10-05 00:20:50,Chest,1,Warm Up,full_body,none,1,normal,,,,,458.0
Workout_042,2024-10-05 00:20:50,Chest,2,Bench Press (Barbell),chest,barbell,1,normal,20.0,20.0,,,
Workout_042,2024-10-05 00:20:50,Chest,2,Bench Press (Barbell),chest,barbell,2,normal,20.0,25.0,,,
Workout_042,2024-10-05 00:20:50,Chest,2,Bench Press (Barbell),chest,barbell,3,normal,20.0,25.0,,,
Workout_042,2024-10-05 00:20:50,Chest,3,Incline Bench Press (Barbell),chest,barbell,1,normal,20.0,20.0,,,
Workout_042,2024-10-05 00:20:50,Chest,3,Incline Bench Press (Barbell),chest,barbell,2,normal,20.0,20.0,,,
Workout_042,2024-10-05 00:20:50,Chest,3,Incline Bench Press (Barbell),chest,barbell,3,normal,20.0,20.0,,,
Workout_042,2024-10-05 00:20:50,Chest,4,Decline Bench Press (Barbell),chest,barbell,1,normal,20.0,20.0,,,
Workout_042,2024-10-05 00:20:50,Chest,4,Decline Bench Press (Barbell),chest,barbell,2,normal,20.0,20.0,,,
Workout_042,2024-10-05 00:20:50,Chest,4,Decline Bench Press (Barbell),chest,barbell,3,normal,20.0,20.0,,,
Workout_042,2024-10-05 00:20:50,Chest,5,Chest Fly (Machine),chest,machine,1,normal,21.0,20.0,,,
Workout_042,2024-10-05 00:20:50,Chest,5,Chest Fly (Machine),chest,machine,2,normal,21.0,20.0,,,
Workout_042,2024-10-05 00:20:50,Chest,5,Chest Fly (Machine),chest,machine,3,normal,21.0,20.0,,,
Workout_042,2024-10-05 00:20:50,Chest,6,Hammer Curl (Dumbbell),biceps,dumbbell,1,normal,10.0,20.0,,,
Workout_042,2024-10-05 00:20:50,Chest,6,Hammer Curl (Dumbbell),biceps,dumbbell,2,normal,10.0,20.0,,,
Workout_042,2024-10-05 00:20:50,Chest,6,Hammer Curl (Dumbbell),biceps,dumbbell,3,normal,10.0,20.0,,,
Workout_042,2024-10-05 00:20:50,Chest,7,Bicep Curl (Cable),biceps,machine,1,normal,21.0,20.0,,,
Workout_042,2024-10-05 00:20:50,Chest,7,Bicep Curl (Cable),biceps,machine,2,normal,21.0,20.0,,,
Workout_042,2024-10-05 00:20:50,Chest,7,Bicep Curl (Cable),biceps,machine,3,normal,21.0,20.0,,,
Workout_043,2024-10-06 00:18:44,Back,1,Warm Up,full_body,none,1,normal,,,,,582.0
Workout_043,2024-10-06 00:18:44,Back,2,Lat Pulldown (Cable),lats,machine,1,normal,28.0,20.0,,,
Workout_043,2024-10-06 00:18:44,Back,2,Lat Pulldown (Cable),lats,machine,2,normal,28.0,20.0,,,
Workout_043,2024-10-06 00:18:44,Back,2,Lat Pulldown (Cable),lats,machine,3,normal,28.0,20.0,,,
Workout_043,2024-10-06 00:18:44,Back,3,Seated Cable Row - V Grip (Cable),upper_back,machine,1,normal,35.0,20.0,,,
Workout_043,2024-10-06 00:18:44,Back,3,Seated Cable Row - V Grip (Cable),upper_back,machine,2,normal,35.0,20.0,,,
Workout_043,2024-10-06 00:18:44,Back,3,Seated Cable Row - V Grip (Cable),upper_back,machine,3,normal,35.0,20.0,,,
Workout_043,2024-10-06 00:18:44,Back,4,Seated Lateral Raise (Dumbbell),shoulders,dumbbell,1,normal,10.0,20.0,,,
Workout_043,2024-10-06 00:18:44,Back,4,Seated Lateral Raise (Dumbbell),shoulders,dumbbell,2,normal,10.0,20.0,,,
Workout_043,2024-10-06 00:18:44,Back,4,Seated Lateral Raise (Dumbbell),shoulders,dumbbell,3,normal,10.0,20.0,,,
Workout_043,2024-10-06 00:18:44,Back,5,Lat Pulldown (Machine),lats,machine,1,normal,20.0,20.0,,,
Workout_043,2024-10-06 00:18:44,Back,5,Lat Pulldown (Machine),lats,machine,2,normal,20.0,20.0,,,
Workout_043,2024-10-06 00:18:44,Back,5,Lat Pulldown (Machine),lats,machine,3,normal,20.0,20.0,,,
Workout_043,2024-10-06 00:18:44,Back,6,Single Arm Tricep Extension (Dumbbell),triceps,dumbbell,1,normal,10.0,20.0,,,
Workout_043,2024-10-06 00:18:44,Back,6,Single Arm Tricep Extension (Dumbbell),triceps,dumbbell,2,normal,10.0,20.0,,,
Workout_043,2024-10-06 00:18:44,Back,6,Single Arm Tricep Extension (Dumbbell),triceps,dumbbell,3,normal,10.0,20.0,,,
Workout_043,2024-10-06 00:18:44,Back,7,Triceps Extension (Dumbbell),triceps,dumbbell,1,normal,7.5,20.0,,,
Workout_043,2024-10-06 00:18:44,Back,7,Triceps Extension (Dumbbell),triceps,dumbbell,2,normal,7.5,20.0,,,
Workout_043,2024-10-06 00:18:44,Back,7,Triceps Extension (Dumbbell),triceps,dumbbell,3,normal,7.5,20.0,,,
Workout_044,2024-10-07 00:25:51,Shoulders,1,Warm Up,full_body,none,1,normal,,,,,300.0
Workout_044,2024-10-07 00:25:51,Shoulders,2,Standing Military Press (Barbell),shoulders,barbell,1,normal,20.0,20.0,,,
Workout_044,2024-10-07 00:25:51,Shoulders,2,Standing Military Press (Barbell),shoulders,barbell,2,normal,20.0,20.0,,,
Workout_044,2024-10-07 00:25:51,Shoulders,2,Standing Military Press (Barbell),shoulders,barbell,3,normal,20.0,15.0,,,
Workout_044,2024-10-07 00:25:51,Shoulders,3,Front Raise (Barbell),shoulders,barbell,1,normal,7.5,20.0,,,
Workout_044,2024-10-07 00:25:51,Shoulders,3,Front Raise (Barbell),shoulders,barbell,2,normal,7.5,20.0,,,
Workout_044,2024-10-07 00:25:51,Shoulders,3,Front Raise (Barbell),shoulders,barbell,3,normal,7.5,20.0,,,
Workout_044,2024-10-07 00:25:51,Shoulders,4,Seated Lateral Raise (Dumbbell),shoulders,dumbbell,1,normal,5.0,20.0,,,
Workout_044,2024-10-07 00:25:51,Shoulders,4,Seated Lateral Raise (Dumbbell),shoulders,dumbbell,2,normal,5.0,20.0,,,
Workout_044,2024-10-07 00:25:51,Shoulders,4,Seated Lateral Raise (Dumbbell),shoulders,dumbbell,3,normal,5.0,20.0,,,
Workout_044,2024-10-07 00:25:51,Shoulders,5,Face Pull,shoulders,machine,1,normal,21.0,20.0,,,
Workout_044,2024-10-07 00:25:51,Shoulders,5,Face Pull,shoulders,machine,2,normal,21.0,20.0,,,
Workout_044,2024-10-07 00:25:51,Shoulders,5,Face Pull,shoulders,machine,3,normal,21.0,20.0,,,
Workout_045,2024-10-08 00:15:56,Legs 🦵,1,Warm Up,full_body,none,1,normal,,,,,600.0
Workout_045,2024-10-08 00:15:56,Legs 🦵,2,Squat (Bodyweight),quadriceps,none,1,normal,,20.0,,,
Workout_045,2024-10-08 00:15:56,Legs 🦵,2,Squat (Bodyweight),quadriceps,none,2,normal,,20.0,,,
Workout_045,2024-10-08 00:15:56,Legs 🦵,2,Squat (Bodyweight),quadriceps,none,3,normal,,20.0,,,
Workout_045,2024-10-08 00:15:56,Legs 🦵,3,Leg Press (Machine),quadriceps,machine,1,normal,25.0,20.0,,,
Workout_045,2024-10-08 00:15:56,Legs 🦵,3,Leg Press (Machine),quadriceps,machine,2,normal,25.0,10.0,,,
Workout_045,2024-10-08 00:15:56,Legs 🦵,3,Leg Press (Machine),quadriceps,machine,3,normal,25.0,15.0,,,
Workout_045,2024-10-08 00:15:56,Legs 🦵,4,Lunge,quadriceps,none,1,normal,,10.0,,,
Workout_045,2024-10-08 00:15:56,Legs 🦵,4,Lunge,quadriceps,none,2,normal,,10.0,,,
Workout_045,2024-10-08 00:15:56,Legs 🦵,4,Lunge,quadriceps,none,3,normal,,10.0,,,
Workout_045,2024-10-08 00:15:56,Legs 🦵,5,Leg Extension (Machine),quadriceps,machine,1,normal,17.5,20.0,,,
Workout_045,2024-10-08 00:15:56,Legs 🦵,5,Leg Extension (Machine),quadriceps,machine,2,normal,17.5,20.0,,,
Workout_045,2024-10-08 00:15:56,Legs 🦵,5,Leg Extension (Machine),quadriceps,machine,3,normal,17.5,20.0,,,
Workout_045,2024-10-08 00:15:56,Legs 🦵,6,Lying Leg Curl (Machine),hamstrings,machine,1,normal,7.0,25.0,,,
Workout_045,2024-10-08 00:15:56,Legs 🦵,6,Lying Leg Curl (Machine),hamstrings,machine,2,normal,14.0,15.0,,,
Workout_045,2024-10-08 00:15:56,Legs 🦵,6,Lying Leg Curl (Machine),hamstrings,machine,3,normal,14.0,15.0,,,
Workout_046,2024-10-09 00:19:58,Chest,1,Warm Up,full_body,none,1,normal,,,,,465.0
Workout_046,2024-10-09 00:19:58,Chest,2,Bench Press (Barbell),chest,barbell,1,normal,20.0,20.0,,,
Workout_046,2024-10-09 00:19:58,Chest,2,Bench Press (Barbell),chest,barbell,2,normal,20.0,20.0,,,
Workout_046,2024-10-09 00:19:58,Chest,2,Bench Press (Barbell),chest,barbell,3,normal,25.0,15.0,,,
Workout_046,2024-10-09 00:19:58,Chest,2,Bench Press (Barbell),chest,barbell,4,normal,30.0,10.0,,,
Workout_046,2024-10-09 00:19:58,Chest,3,Incline Bench Press (Barbell),chest,barbell,1,normal,30.0,10.0,,,
Workout_046,2024-10-09 00:19:58,Chest,3,Incline Bench Press (Barbell),chest,barbell,2,normal,30.0,12.0,,,
Workout_046,2024-10-09 00:19:58,Chest,3,Incline Bench Press (Barbell),chest,barbell,3,normal,30.0,12.0,,,
Workout_046,2024-10-09 00:19:58,Chest,4,Decline Bench Press (Dumbbell),chest,dumbbell,1,normal,10.0,12.0,,,
Workout_046,2024-10-09 00:19:58,Chest,4,Decline Bench Press (Dumbbell),chest,dumbbell,2,normal,10.0,20.0,,,
Workout_046,2024-10-09 00:19:58,Chest,4,Decline Bench Press (Dumbbell),chest,dumbbell,3,normal,15.0,12.0,,,
Workout_046,2024-10-09 00:19:58,Chest,5,Chest Fly (Machine),chest,machine,1,normal,21.0,20.0,,,
Workout_046,2024-10-09 00:19:58,Chest,6,Kneeling Push Up,chest,none,1,normal,,15.0,,,
Workout_046,2024-10-09 00:19:58,Chest,6,Kneeling Push Up,chest,none,2,normal,,10.0,,,
Workout_046,2024-10-09 00:19:58,Chest,6,Kneeling Push Up,chest,none,3,normal,,12.0,,,
Workout_046,2024-10-09 00:19:58,Chest,7,Incline Chest Fly (Dumbbell),chest,dumbbell,1,normal,5.0,20.0,,,
Workout_046,2024-10-09 00:19:58,Chest,7,Incline Chest Fly (Dumbbell),chest,dumbbell,2,normal,5.0,20.0,,,
Workout_046,2024-10-09 00:19:58,Chest,7,Incline Chest Fly (Dumbbell),chest,dumbbell,3,normal,10.0,15.0,,,
Workout_047,2024-10-12 00:18:26,Back,1,Warm Up,full_body,none,1,normal,,,,,388.0
Workout_047,2024-10-12 00:18:26,Back,2,Lat Pulldown (Cable),lats,machine,1,normal,21.0,20.0,,,
Workout_047,2024-10-12 00:18:26,Back,2,Lat Pulldown (Cable),lats,machine,2,normal,28.0,12.0,,,
Workout_047,2024-10-12 00:18:26,Back,2,Lat Pulldown (Cable),lats,machine,3,normal,28.0,15.0,,,
Workout_047,2024-10-12 00:18:26,Back,3,Seated Cable Row - V Grip (Cable),upper_back,machine,1,normal,21.0,25.0,,,
Workout_047,2024-10-12 00:18:26,Back,3,Seated Cable Row - V Grip (Cable),upper_back,machine,2,normal,28.0,15.0,,,
Workout_047,2024-10-12 00:18:26,Back,3,Seated Cable Row - V Grip (Cable),upper_back,machine,3,normal,28.0,20.0,,,
Workout_047,2024-10-12 00:18:26,Back,4,T Bar Row,upper_back,barbell,1,normal,10.0,15.0,,,
Workout_047,2024-10-12 00:18:26,Back,4,T Bar Row,upper_back,barbell,2,normal,10.0,20.0,,,
Workout_047,2024-10-12 00:18:26,Back,4,T Bar Row,upper_back,barbell,3,normal,10.0,10.0,,,
Workout_047,2024-10-12 00:18:26,Back,5,Dumbbell Row,lats,dumbbell,1,normal,10.0,20.0,,,
Workout_047,2024-10-12 00:18:26,Back,5,Dumbbell Row,lats,dumbbell,2,normal,10.0,20.0,,,
Workout_047,2024-10-12 00:18:26,Back,5,Dumbbell Row,lats,dumbbell,3,normal,10.0,20.0,,,
Workout_047,2024-10-12 00:18:26,Back,6,Iso-Lateral Row (Machine),upper_back,machine,1,normal,20.0,20.0,,,
Workout_047,2024-10-12 00:18:26,Back,6,Iso-Lateral Row (Machine),upper_back,machine,2,normal,20.0,20.0,,,
Workout_047,2024-10-12 00:18:26,Back,6,Iso-Lateral Row (Machine),upper_back,machine,3,normal,20.0,20.0,,,
Workout_047,2024-10-12 00:18:26,Back,7,Cable Crunch,abdominals,machine,1,normal,28.0,20.0,,,
Workout_047,2024-10-12 00:18:26,Back,7,Cable Crunch,abdominals,machine,2,normal,28.0,20.0,,,
Workout_047,2024-10-12 00:18:26,Back,7,Cable Crunch,abdominals,machine,3,normal,28.0,20.0,,,
Workout_048,2024-10-13 00:23:26,Shoulders,1,Warm Up,full_body,none,1,normal,,,,,527.0
Workout_048,2024-10-13 00:23:26,Shoulders,2,Overhead Press (Dumbbell),shoulders,dumbbell,1,normal,10.0,20.0,,,
Workout_048,2024-10-13 00:23:26,Shoulders,2,Overhead Press (Dumbbell),shoulders,dumbbell,2,normal,10.0,20.0,,,
Workout_048,2024-10-13 00:23:26,Shoulders,2,Overhead Press (Dumbbell),shoulders,dumbbell,3,normal,10.0,20.0,,,
Workout_048,2024-10-13 00:23:26,Shoulders,3,Front Raise (Barbell),shoulders,barbell,1,normal,7.5,20.0,,,
Workout_048,2024-10-13 00:23:26,Shoulders,3,Front Raise (Barbell),shoulders,barbell,2,normal,7.5,20.0,,,
Workout_048,2024-10-13 00:23:26,Shoulders,3,Front Raise (Barbell),shoulders,barbell,3,normal,12.5,12.0,,,
Workout_048,2024-10-13 00:23:26,Shoulders,4,Face Pull,shoulders,machine,1,normal,14.0,20.0,,,
Workout_048,2024-10-13 00:23:26,Shoulders,4,Face Pull,shoulders,machine,2,normal,21.0,20.0,,,
Workout_048,2024-10-13 00:23:26,Shoulders,4,Face Pull,shoulders,machine,3,normal,21.0,20.0,,,
Workout_048,2024-10-13 00:23:26,Shoulders,5,Rear Delt Reverse Fly (Machine),shoulders,machine,1,normal,14.0,20.0,,,
Workout_048,2024-10-13 00:23:26,Shoulders,5,Rear Delt Reverse Fly (Machine),shoulders,machine,2,normal,21.0,20.0,,,
Workout_048,2024-10-13 00:23:26,Shoulders,6,Shrug (Dumbbell),traps,dumbbell,1,normal,10.0,25.0,,,
Workout_048,2024-10-13 00:23:26,Shoulders,6,Shrug (Dumbbell),traps,dumbbell,2,normal,10.0,25.0,,,
Workout_048,2024-10-13 00:23:26,Shoulders,6,Shrug (Dumbbell),traps,dumbbell,3,normal,10.0,25.0,,,
Workout_049,2024-10-14 00:23:23,Triceps,1,Warm Up,full_body,none,1,normal,,,,,474.0
Workout_049,2024-10-14 00:23:23,Triceps,2,Skullcrusher (Barbell),triceps,barbell,1,normal,7.5,15.0,,,
Workout_049,2024-10-14 00:23:23,Triceps,2,Skullcrusher (Barbell),triceps,barbell,2,normal,7.5,20.0,,,
Workout_049,2024-10-14 00:23:23,Triceps,2,Skullcrusher (Barbell),triceps,barbell,3,normal,7.5,15.0,,,
Workout_049,2024-10-14 00:23:23,Triceps,3,Triceps Extension (Dumbbell),triceps,dumbbell,1,normal,7.5,20.0,,,
Workout_049,2024-10-14 00:23:23,Triceps,3,Triceps Extension (Dumbbell),triceps,dumbbell,2,normal,7.5,20.0,,,
Workout_049,2024-10-14 00:23:23,Triceps,3,Triceps Extension (Dumbbell),triceps,dumbbell,3,normal,7.5,20.0,,,
Workout_049,2024-10-14 00:23:23,Triceps,4,Single Arm Tricep Extension (Dumbbell),triceps,dumbbell,1,normal,5.0,20.0,,,
Workout_049,2024-10-14 00:23:23,Triceps,4,Single Arm Tricep Extension (Dumbbell),triceps,dumbbell,2,normal,10.0,20.0,,,
Workout_049,2024-10-14 00:23:23,Triceps,4,Single Arm Tricep Extension (Dumbbell),triceps,dumbbell,3,normal,10.0,20.0,,,
Workout_049,2024-10-14 00:23:23,Triceps,5,Triceps Pushdown,triceps,machine,1,normal,21.0,20.0,,,
Workout_049,2024-10-14 00:23:23,Triceps,5,Triceps Pushdown,triceps,machine,2,normal,21.0,20.0,,,
Workout_049,2024-10-14 00:23:23,Triceps,5,Triceps Pushdown,triceps,machine,3,normal,28.0,15.0,,,
Workout_049,2024-10-14 00:23:23,Triceps,6,Triceps Extension (Cable),triceps,machine,1,normal,21.0,25.0,,,
Workout_049,2024-10-14 00:23:23,Triceps,6,Triceps Extension (Cable),triceps,machine,2,normal,21.0,20.0,,,
Workout_049,2024-10-14 00:23:23,Triceps,6,Triceps Extension (Cable),triceps,machine,3,normal,28.0,15.0,,,
Workout_049,2024-10-14 00:23:23,Triceps,7,Triceps Kickback (Dumbbell),triceps,dumbbell,1,normal,5.0,20.0,,,
Workout_049,2024-10-14 00:23:23,Triceps,7,Triceps Kickback (Dumbbell),triceps,dumbbell,2,normal,10.0,20.0,,,
Workout_049,2024-10-14 00:23:23,Triceps,7,Triceps Kickback (Dumbbell),triceps,dumbbell,3,normal,10.0,20.0,,,
Workout_050,2024-10-15 00:21:28,Biceps,1,Warm Up,full_body,none,1,normal,,,,,451.0
Workout_050,2024-10-15 00:21:28,Biceps,2,Bicep Curl (Barbell),biceps,barbell,1,normal,15.0,20.0,,,
Workout_050,2024-10-15 00:21:28,Biceps,2,Bicep Curl (Barbell),biceps,barbell,2,normal,20.0,20.0,,,
Workout_050,2024-10-15 00:21:28,Biceps,2,Bicep Curl (Barbell),biceps,barbell,3,normal,20.0,20.0,,,
Workout_050,2024-10-15 00:21:28,Biceps,3,Hammer Curl (Dumbbell),biceps,dumbbell,1,normal,5.0,20.0,,,
Workout_050,2024-10-15 00:21:28,Biceps,3,Hammer Curl (Dumbbell),biceps,dumbbell,2,normal,10.0,20.0,,,
Workout_050,2024-10-15 00:21:28,Biceps,3,Hammer Curl (Dumbbell),biceps,dumbbell,3,normal,10.0,20.0,,,
Workout_050,2024-10-15 00:21:28,Biceps,4,Bicep Curl (Cable),biceps,machine,1,normal,21.0,20.0,,,
Workout_050,2024-10-15 00:21:28,Biceps,4,Bicep Curl (Cable),biceps,machine,2,normal,21.0,20.0,,,
Workout_050,2024-10-15 00:21:28,Biceps,4,Bicep Curl (Cable),biceps,machine,3,normal,21.0,20.0,,,
Workout_050,2024-10-15 00:21:28,Biceps,5,Bicep Curl (Cable),biceps,machine,1,normal,21.0,20.0,,,
Workout_050,2024-10-15 00:21:28,Biceps,5,Bicep Curl (Cable),biceps,machine,2,normal,21.0,20.0,,,
Workout_050,2024-10-15 00:21:28,Biceps,5,Bicep Curl (Cable),biceps,machine,3,normal,28.0,20.0,,,
Workout_050,2024-10-15 00:21:28,Biceps,6,Preacher Curl (Dumbbell),biceps,dumbbell,1,normal,5.0,20.0,,,
Workout_050,2024-10-15 00:21:28,Biceps,6,Preacher Curl (Dumbbell),biceps,dumbbell,2,normal,10.0,20.0,,,
Workout_050,2024-10-15 00:21:28,Biceps,6,Preacher Curl (Dumbbell),biceps,dumbbell,3,normal,10.0,15.0,,,
Workout_050,2024-10-15 00:21:28,Biceps,7,Single Arm Curl (Cable),biceps,machine,1,normal,5.0,20.0,,,
Workout_050,2024-10-15 00:21:28,Biceps,7,Single Arm Curl (Cable),biceps,machine,2,normal,10.0,15.0,,,
Workout_050,2024-10-15 00:21:28,Biceps,7,Single Arm Curl (Cable),biceps,machine,3,normal,10.0,15.0,,,
Workout_050,2024-10-15 00:21:28,Biceps,8,Spinning,cardio,machine,1,normal,,,,,211.0
Workout_051,2024-10-16 00:22:15,Legs 🦵🏻,1,Warm Up,full_body,none,1,normal,,,,,443.0
Workout_051,2024-10-16 00:22:15,Legs 🦵🏻,2,Squat (Bodyweight),quadriceps,none,1,normal,,25.0,,,
Workout_051,2024-10-16 00:22:15,Legs 🦵🏻,2,Squat (Bodyweight),quadriceps,none,2,normal,,25.0,,,
Workout_051,2024-10-16 00:22:15,Legs 🦵🏻,2,Squat (Bodyweight),quadriceps,none,3,normal,,20.0,,,
Workout_051,2024-10-16 00:22:15,Legs 🦵🏻,3,Lunge,quadriceps,none,1,normal,,15.0,,,
Workout_051,2024-10-16 00:22:15,Legs 🦵🏻,3,Lunge,quadriceps,none,2,normal,,15.0,,,
Workout_051,2024-10-16 00:22:15,Legs 🦵🏻,3,Lunge,quadriceps,none,3,normal,,15.0,,,
Workout_051,2024-10-16 00:22:15,Legs 🦵🏻,4,Leg Press (Machine),quadriceps,machine,1,normal,50.0,20.0,,,
Workout_051,2024-10-16 00:22:15,Legs 🦵🏻,4,Leg Press (Machine),quadriceps,machine,2,normal,50.0,20.0,,,
Workout_051,2024-10-16 00:22:15,Legs 🦵🏻,4,Leg Press (Machine),quadriceps,machine,3,normal,50.0,20.0,,,
Workout_051,2024-10-16 00:22:15,Legs 🦵🏻,5,Leg Extension (Machine),quadriceps,machine,1,normal,15.0,25.0,,,
Workout_051,2024-10-16 00:22:15,Legs 🦵🏻,5,Leg Extension (Machine),quadriceps,machine,2,normal,17.5,20.0,,,
Workout_051,2024-10-16 00:22:15,Legs 🦵🏻,5,Leg Extension (Machine),quadriceps,machine,3,normal,17.5,20.0,,,
Workout_051,2024-10-16 00:22:15,Legs 🦵🏻,6,Lying Leg Curl (Machine),hamstrings,machine,1,normal,14.0,20.0,,,
Workout_051,2024-10-16 00:22:15,Legs 🦵🏻,6,Lying Leg Curl (Machine),hamstrings,machine,2,normal,14.0,20.0,,,
Workout_051,2024-10-16 00:22:15,Legs 🦵🏻,6,Lying Leg Curl (Machine),hamstrings,machine,3,normal,14.0,20.0,,,
Workout_051,2024-10-16 00:22:15,Legs 🦵🏻,7,Single Leg Standing Calf Raise,calves,none,1,normal,,25.0,,,
Workout_051,2024-10-16 00:22:15,Legs 🦵🏻,7,Single Leg Standing Calf Raise,calves,none,2,normal,,30.0,,,
Workout_051,2024-10-16 00:22:15,Legs 🦵🏻,7,Single Leg Standing Calf Raise,calves,none,3,normal,,25.0,,,
Workout_052,2024-10-19 00:19:27,Core,1,Warm Up,full_body,none,1,normal,,,,,440.0
Workout_052,2024-10-19 00:19:27,Core,2,Farmers Walk,full_body,other,1,normal,2.5,,,20.0,
Workout_052,2024-10-19 00:19:27,Core,2,Farmers Walk,full_body,other,2,normal,10.0,,,9.0,
Workout_052,2024-10-19 00:19:27,Core,2,Farmers Walk,full_body,other,3,normal,7.0,,,9.0,
Workout_052,2024-10-19 00:19:27,Core,3,Kneeling Push Up,chest,none,1,normal,,20.0,,,
Workout_052,2024-10-19 00:19:27,Core,3,Kneeling Push Up,chest,none,2,normal,,20.0,,,
Workout_052,2024-10-19 00:19:27,Core,3,Kneeling Push Up,chest,none,3,normal,,15.0,,,
Workout_052,2024-10-19 00:19:27,Core,4,Crunch,abdominals,none,1,normal,,20.0,,,
Workout_052,2024-10-19 00:19:27,Core,4,Crunch,abdominals,none,2,normal,,20.0,,,
Workout_052,2024-10-19 00:19:27,Core,4,Crunch,abdominals,none,3,normal,,15.0,,,
Workout_052,2024-10-19 00:19:27,Core,5,Side Bend (Dumbbell),abdominals,dumbbell,1,normal,10.0,20.0,,,
Workout_052,2024-10-19 00:19:27,Core,5,Side Bend (Dumbbell),abdominals,dumbbell,2,normal,10.0,20.0,,,
Workout_052,2024-10-19 00:19:27,Core,5,Side Bend (Dumbbell),abdominals,dumbbell,3,normal,10.0,20.0,,,
Workout_052,2024-10-19 00:19:27,Core,6,Spinning,cardio,machine,1,normal,,,,,122.0
Workout_053,2024-10-20 00:21:41,Chest,1,Warm Up,full_body,none,1,normal,,,,,384.0
Workout_053,2024-10-20 00:21:41,Chest,2,Kneeling Push Up,chest,none,1,normal,,20.0,,,
Workout_053,2024-10-20 00:21:41,Chest,2,Kneeling Push Up,chest,none,2,normal,,15.0,,,
Workout_053,2024-10-20 00:21:41,Chest,2,Kneeling Push Up,chest,none,3,normal,,12.0,,,
Workout_053,2024-10-20 00:21:41,Chest,3,Incline Bench Press (Barbell),chest,barbell,1,normal,25.0,17.0,,,
Workout_053,2024-10-20 00:21:41,Chest,3,Incline Bench Press (Barbell),chest,barbell,2,normal,25.0,12.0,,,
Workout_053,2024-10-20 00:21:41,Chest,3,Incline Bench Press (Barbell),chest,barbell,3,normal,25.0,15.0,,,
Workout_053,2024-10-20 00:21:41,Chest,4,Bench Press (Barbell),chest,barbell,1,normal,25.0,20.0,,,
Workout_053,2024-10-20 00:21:41,Chest,4,Bench Press (Barbell),chest,barbell,2,normal,30.0,15.0,,,
Workout_053,2024-10-20 00:21:41,Chest,4,Bench Press (Barbell),chest,barbell,3,normal,30.0,12.0,,,
Workout_053,2024-10-20 00:21:41,Chest,5,Decline Bench Press (Dumbbell),chest,dumbbell,1,normal,10.0,20.0,,,
Workout_053,2024-10-20 00:21:41,Chest,5,Decline Bench Press (Dumbbell),chest,dumbbell,2,normal,10.0,20.0,,,
Workout_053,2024-10-20 00:21:41,Chest,5,Decline Bench Press (Dumbbell),chest,dumbbell,3,normal,15.0,15.0,,,
Workout_053,2024-10-20 00:21:41,Chest,6,Chest Fly (Dumbbell),chest,dumbbell,1,normal,5.0,20.0,,,
Workout_053,2024-10-20 00:21:41,Chest,6,Chest Fly (Dumbbell),chest,dumbbell,2,normal,10.0,20.0,,,
Workout_053,2024-10-20 00:21:41,Chest,6,Chest Fly (Dumbbell),chest,dumbbell,3,normal,10.0,15.0,,,
Workout_053,2024-10-20 00:21:41,Chest,7,Chest Fly (Machine),chest,machine,1,normal,21.0,25.0,,,
Workout_053,2024-10-20 00:21:41,Chest,7,Chest Fly (Machine),chest,machine,2,normal,28.0,20.0,,,
Workout_053,2024-10-20 00:21:41,Chest,7,Chest Fly (Machine),chest,machine,3,normal,28.0,13.0,,,
Workout_054,2024-10-21 00:22:22,Back,1,Warm Up,full_body,none,1,normal,,,,,465.0
Workout_054,2024-10-21 00:22:22,Back,2,Lat Pulldown (Cable),lats,machine,1,normal,28.0,20.0,,,
Workout_054,2024-10-21 00:22:22,Back,2,Lat Pulldown (Cable),lats,machine,2,normal,28.0,20.0,,,
Workout_054,2024-10-21 00:22:22,Back,2,Lat Pulldown (Cable),lats,machine,3,normal,28.0,15.0,,,
Workout_054,2024-10-21 00:22:22,Back,3,Seated Cable Row - V Grip (Cable),upper_back,machine,1,normal,28.0,25.0,,,
Workout_054,2024-10-21 00:22:22,Back,3,Seated Cable Row - V Grip (Cable),upper_back,machine,2,normal,28.0,20.0,,,
Workout_054,2024-10-21 00:22:22,Back,3,Seated Cable Row - V Grip (Cable),upper_back,machine,3,normal,28.0,20.0,,,
Workout_054,2024-10-21 00:22:22,Back,4,T Bar Row,upper_back,barbell,1,normal,10.0,20.0,,,
Workout_054,2024-10-21 00:22:22,Back,4,T Bar Row,upper_back,barbell,2,normal,10.0,20.0,,,
Workout_054,2024-10-21 00:22:22,Back,4,T Bar Row,upper_back,barbell,3,normal,10.0,15.0,,,
Workout_054,2024-10-21 00:22:22,Back,5,Dumbbell Row,lats,dumbbell,1,normal,10.0,20.0,,,
Workout_054,2024-10-21 00:22:22,Back,5,Dumbbell Row,lats,dumbbell,2,normal,10.0,20.0,,,
Workout_054,2024-10-21 00:22:22,Back,5,Dumbbell Row,lats,dumbbell,3,normal,15.0,20.0,,,
Workout_054,2024-10-21 00:22:22,Back,6,Iso-Lateral Row (Machine),upper_back,machine,1,normal,30.0,20.0,,,
Workout_054,2024-10-21 00:22:22,Back,6,Iso-Lateral Row (Machine),upper_back,machine,2,normal,30.0,20.0,,,
Workout_054,2024-10-21 00:22:22,Back,6,Iso-Lateral Row (Machine),upper_back,machine,3,normal,30.0,20.0,,,
Workout_054,2024-10-21 00:22:22,Back,7,Cable Crunch,abdominals,machine,1,normal,28.0,20.0,,,
Workout_054,2024-10-21 00:22:22,Back,7,Cable Crunch,abdominals,machine,2,normal,35.0,20.0,,,
Workout_054,2024-10-21 00:22:22,Back,7,Cable Crunch,abdominals,machine,3,normal,35.0,20.0,,,
Workout_054,2024-10-21 00:22:22,Back,8,Spinning,cardio,machine,1,normal,,,,,123.0
Workout_055,2024-10-22 00:25:32,Shoulder,1,Warm Up,full_body,none,1,normal,,,,,432.0
Workout_055,2024-10-22 00:25:32,Shoulder,2,Overhead Press (Dumbbell),shoulders,dumbbell,1,normal,10.0,25.0,,,
Workout_055,2024-10-22 00:25:32,Shoulder,2,Overhead Press (Dumbbell),shoulders,dumbbell,2,normal,10.0,20.0,,,
Workout_055,2024-10-22 00:25:32,Shoulder,2,Overhead Press (Dumbbell),shoulders,dumbbell,3,normal,10.0,15.0,,,
Workout_055,2024-10-22 00:25:32,Shoulder,3,Front Raise (Barbell),shoulders,barbell,1,normal,12.5,20.0,,,
Workout_055,2024-10-22 00:25:32,Shoulder,3,Front Raise (Barbell),shoulders,barbell,2,normal,12.5,18.0,,,
Workout_055,2024-10-22 00:25:32,Shoulder,3,Front Raise (Barbell),shoulders,barbell,3,normal,12.5,20.0,,,
Workout_055,2024-10-22 00:25:32,Shoulder,4,Face Pull,shoulders,machine,1,normal,28.0,20.0,,,
Workout_055,2024-10-22 00:25:32,Shoulder,4,Face Pull,shoulders,machine,2,normal,28.0,20.0,,,
Workout_055,2024-10-22 00:25:32,Shoulder,4,Face Pull,shoulders,machine,3,normal,28.0,15.0,,,
Workout_055,2024-10-22 00:25:32,Shoulder,5,Shoulder Press (Machine Plates),shoulders,machine,1,normal,7.5,16.0,,,
Workout_055,2024-10-22 00:25:32,Shoulder,5,Shoulder Press (Machine Plates),shoulders,machine,2,normal,7.5,15.0,,,
Workout_055,2024-10-22 00:25:32,Shoulder,5,Shoulder Press (Machine Plates),shoulders,machine,3,normal,7.5,16.0,,,
Workout_055,2024-10-22 00:25:32,Shoulder,6,Rear Delt Reverse Fly (Machine),shoulders,machine,1,normal,14.0,20.0,,,
Workout_055,2024-10-22 00:25:32,Shoulder,6,Rear Delt Reverse Fly (Machine),shoulders,machine,2,normal,21.0,20.0,,,
Workout_055,2024-10-22 00:25:32,Shoulder,6,Rear Delt Reverse Fly (Machine),shoulders,machine,3,normal,28.0,20.0,,,
Workout_055,2024-10-22 00:25:32,Shoulder,7,Shrug (Dumbbell),traps,dumbbell,1,normal,10.0,20.0,,,
Workout_055,2024-10-22 00:25:32,Shoulder,7,Shrug (Dumbbell),traps,dumbbell,2,normal,15.0,20.0,,,
Workout_055,2024-10-22 00:25:32,Shoulder,7,Shrug (Dumbbell),traps,dumbbell,3,normal,15.0,20.0,,,
Workout_056,2024-10-23 00:23:31,Legs,1,Warm Up,full_body,none,1,normal,,,,,413.0
Workout_056,2024-10-23 00:23:31,Legs,2,Squat (Bodyweight),quadriceps,none,1,normal,,20.0,,,
Workout_056,2024-10-23 00:23:31,Legs,2,Squat (Bodyweight),quadriceps,none,2,normal,,20.0,,,
Workout_056,2024-10-23 00:23:31,Legs,2,Squat (Bodyweight),quadriceps,none,3,normal,,20.0,,,
Workout_056,2024-10-23 00:23:31,Legs,3,Leg Press (Machine),quadriceps,machine,1,normal,50.0,20.0,,,
Workout_056,2024-10-23 00:23:31,Legs,3,Leg Press (Machine),quadriceps,machine,2,normal,70.0,20.0,,,
Workout_056,2024-10-23 00:23:31,Legs,3,Leg Press (Machine),quadriceps,machine,3,normal,70.0,20.0,,,
Workout_056,2024-10-23 00:23:31,Legs,4,Lunge,quadriceps,none,1,normal,,20.0,,,
Workout_056,2024-10-23 00:23:31,Legs,4,Lunge,quadriceps,none,2,normal,,20.0,,,
Workout_056,2024-10-23 00:23:31,Legs,4,Lunge,quadriceps,none,3,normal,,20.0,,,
Workout_056,2024-10-23 00:23:31,Legs,5,Leg Extension (Machine),quadriceps,machine,1,normal,20.0,20.0,,,
Workout_056,2024-10-23 00:23:31,Legs,5,Leg Extension (Machine),quadriceps,machine,2,normal,20.0,20.0,,,
Workout_056,2024-10-23 00:23:31,Legs,5,Leg Extension (Machine),quadriceps,machine,3,normal,20.0,20.0,,,
Workout_056,2024-10-23 00:23:31,Legs,6,Lying Leg Curl (Machine),hamstrings,machine,1,normal,21.0,15.0,,,
Workout_056,2024-10-23 00:23:31,Legs,6,Lying Leg Curl (Machine),hamstrings,machine,2,normal,21.0,15.0,,,
Workout_056,2024-10-23 00:23:31,Legs,6,Lying Leg Curl (Machine),hamstrings,machine,3,normal,21.0,15.0,,,
Workout_056,2024-10-23 00:23:31,Legs,7,Single Leg Standing Calf Raise,calves,none,1,normal,,25.0,,,
Workout_056,2024-10-23 00:23:31,Legs,7,Single Leg Standing Calf Raise,calves,none,2,normal,,30.0,,,
Workout_056,2024-10-23 00:23:31,Legs,7,Single Leg Standing Calf Raise,calves,none,3,normal,,30.0,,,
Workout_057,2024-10-26 00:25:40,Triceps,1,Warm Up,full_body,none,1,normal,,,,,381.0
Workout_057,2024-10-26 00:25:40,Triceps,2,Skullcrusher (Barbell),triceps,barbell,1,normal,7.5,15.0,,,
Workout_057,2024-10-26 00:25:40,Triceps,2,Skullcrusher (Barbell),triceps,barbell,2,normal,12.5,20.0,,,
Workout_057,2024-10-26 00:25:40,Triceps,2,Skullcrusher (Barbell),triceps,barbell,3,normal,17.5,20.0,,,
Workout_057,2024-10-26 00:25:40,Triceps,3,Triceps Extension (Dumbbell),triceps,dumbbell,1,normal,7.5,20.0,,,
Workout_057,2024-10-26 00:25:40,Triceps,3,Triceps Extension (Dumbbell),triceps,dumbbell,2,normal,7.5,20.0,,,
Workout_057,2024-10-26 00:25:40,Triceps,3,Triceps Extension (Dumbbell),triceps,dumbbell,3,normal,7.5,20.0,,,
Workout_057,2024-10-26 00:25:40,Triceps,4,Single Arm Tricep Extension (Dumbbell),triceps,dumbbell,1,normal,10.0,20.0,,,
Workout_057,2024-10-26 00:25:40,Triceps,4,Single Arm Tricep Extension (Dumbbell),triceps,dumbbell,2,normal,10.0,20.0,,,
Workout_057,2024-10-26 00:25:40,Triceps,4,Single Arm Tricep Extension (Dumbbell),triceps,dumbbell,3,normal,10.0,20.0,,,
Workout_057,2024-10-26 00:25:40,Triceps,5,Triceps Pushdown,triceps,machine,1,normal,21.0,20.0,,,
Workout_057,2024-10-26 00:25:40,Triceps,5,Triceps Pushdown,triceps,machine,2,normal,28.0,25.0,,,
Workout_057,2024-10-26 00:25:40,Triceps,5,Triceps Pushdown,triceps,machine,3,normal,28.0,20.0,,,
Workout_057,2024-10-26 00:25:40,Triceps,6,Triceps Kickback (Cable),triceps,machine,1,normal,14.0,20.0,,,
Workout_057,2024-10-26 00:25:40,Triceps,6,Triceps Kickback (Cable),triceps,machine,2,normal,14.0,20.0,,,
Workout_057,2024-10-26 00:25:40,Triceps,6,Triceps Kickback (Cable),triceps,machine,3,normal,14.0,20.0,,,
Workout_058,2024-10-27 00:24:44,Biceps,1,Warm Up,full_body,none,1,normal,,,,,475.0
Workout_058,2024-10-27 00:24:44,Biceps,2,Bicep Curl (Barbell),biceps,barbell,1,normal,15.0,20.0,,,
Workout_058,2024-10-27 00:24:44,Biceps,2,Bicep Curl (Barbell),biceps,barbell,2,normal,20.0,20.0,,,
Workout_058,2024-10-27 00:24:44,Biceps,2,Bicep Curl (Barbell),biceps,barbell,3,normal,20.0,20.0,,,
Workout_058,2024-10-27 00:24:44,Biceps,3,Hammer Curl (Dumbbell),biceps,dumbbell,1,normal,10.0,20.0,,,
Workout_058,2024-10-27 00:24:44,Biceps,3,Hammer Curl (Dumbbell),biceps,dumbbell,2,normal,10.0,20.0,,,
Workout_058,2024-10-27 00:24:44,Biceps,3,Hammer Curl (Dumbbell),biceps,dumbbell,3,normal,15.0,10.0,,,
Workout_058,2024-10-27 00:24:44,Biceps,4,Bicep Curl (Cable),biceps,machine,1,normal,21.0,20.0,,,
Workout_058,2024-10-27 00:24:44,Biceps,4,Bicep Curl (Cable),biceps,machine,2,normal,21.0,20.0,,,
Workout_058,2024-10-27 00:24:44,Biceps,4,Bicep Curl (Cable),biceps,machine,3,normal,28.0,20.0,,,
Workout_058,2024-10-27 00:24:44,Biceps,5,Bicep Curl (Cable),biceps,machine,1,normal,21.0,20.0,,,
Workout_058,2024-10-27 00:24:44,Biceps,5,Bicep Curl (Cable),biceps,machine,2,normal,21.0,20.0,,,
Workout_058,2024-10-27 00:24:44,Biceps,5,Bicep Curl (Cable),biceps,machine,3,normal,28.0,20.0,,,
Workout_058,2024-10-27 00:24:44,Biceps,6,Preacher Curl (Dumbbell),biceps,dumbbell,1,normal,10.0,20.0,,,
Workout_058,2024-10-27 00:24:44,Biceps,6,Preacher Curl (Dumbbell),biceps,dumbbell,2,normal,10.0,20.0,,,
Workout_058,2024-10-27 00:24:44,Biceps,6,Preacher Curl (Dumbbell),biceps,dumbbell,3,normal,15.0,15.0,,,
Workout_058,2024-10-27 00:24:44,Biceps,7,Concentration Curl,biceps,dumbbell,1,normal,10.0,20.0,,,
Workout_058,2024-10-27 00:24:44,Biceps,7,Concentration Curl,biceps,dumbbell,2,normal,10.0,20.0,,,
Workout_058,2024-10-27 00:24:44,Biceps,7,Concentration Curl,biceps,dumbbell,3,normal,10.0,15.0,,,
Workout_059,2024-10-28 00:18:08,Core,1,Warm Up,full_body,none,1,normal,,,,,431.0
Workout_059,2024-10-28 00:18:08,Core,2,Decline Crunch,abdominals,none,1,normal,,20.0,,,
Workout_059,2024-10-28 00:18:08,Core,2,Decline Crunch,abdominals,none,2,normal,,20.0,,,
Workout_059,2024-10-28 00:18:08,Core,2,Decline Crunch,abdominals,none,3,normal,,20.0,,,
Workout_059,2024-10-28 00:18:08,Core,3,Crunch,abdominals,none,1,normal,,20.0,,,
Workout_059,2024-10-28 00:18:08,Core,3,Crunch,abdominals,none,2,normal,,20.0,,,
Workout_059,2024-10-28 00:18:08,Core,3,Crunch,abdominals,none,3,normal,,20.0,,,
Workout_059,2024-10-28 00:18:08,Core,4,Lying Leg Raise,abdominals,none,1,normal,,20.0,,,
Workout_059,2024-10-28 00:18:08,Core,4,Lying Leg Raise,abdominals,none,2,normal,,20.0,,,
Workout_059,2024-10-28 00:18:08,Core,4,Lying Leg Raise,abdominals,none,3,normal,,20.0,,,
Workout_059,2024-10-28 00:18:08,Core,5,Ab Scissors,abdominals,none,1,normal,,20.0,,,
Workout_059,2024-10-28 00:18:08,Core,5,Ab Scissors,abdominals,none,2,normal,,20.0,,,
Workout_059,2024-10-28 00:18:08,Core,5,Ab Scissors,abdominals,none,3,normal,,20.0,,,
Workout_059,2024-10-28 00:18:08,Core,6,Russian Twist (Weighted),abdominals,plate,1,normal,2.5,20.0,,,
Workout_059,2024-10-28 00:18:08,Core,6,Russian Twist (Weighted),abdominals,plate,2,normal,2.5,20.0,,,
Workout_059,2024-10-28 00:18:08,Core,6,Russian Twist (Weighted),abdominals,plate,3,normal,2.5,20.0,,,
Workout_059,2024-10-28 00:18:08,Core,7,Seated Leg Tuck,abdominals,none,1,normal,,20.0,,,
Workout_059,2024-10-28 00:18:08,Core,7,Seated Leg Tuck,abdominals,none,2,normal,,20.0,,,
Workout_059,2024-10-28 00:18:08,Core,7,Seated Leg Tuck,abdominals,none,3,normal,,20.0,,,
Workout_060,2024-10-29 00:22:05,Legs,1,Warm Up,full_body,none,1,normal,,,,,482.0
Workout_060,2024-10-29 00:22:05,Legs,2,Squat (Bodyweight),quadriceps,none,1,normal,,20.0,,,
Workout_060,2024-10-29 00:22:05,Legs,2,Squat (Bodyweight),quadriceps,none,2,normal,,30.0,,,
Workout_060,2024-10-29 00:22:05,Legs,2,Squat (Bodyweight),quadriceps,none,3,normal,,25.0,,,
Workout_060,2024-10-29 00:22:05,Legs,2,Squat (Bodyweight),quadriceps,none,4,normal,,25.0,,,
Workout_060,2024-10-29 00:22:05,Legs,3,Leg Press (Machine),quadriceps,machine,1,normal,50.0,20.0,,,
Workout_060,2024-10-29 00:22:05,Legs,3,Leg Press (Machine),quadriceps,machine,2,normal,50.0,20.0,,,
Workout_060,2024-10-29 00:22:05,Legs,3,Leg Press (Machine),quadriceps,machine,3,normal,50.0,20.0,,,
Workout_060,2024-10-29 00:22:05,Legs,4,Lunge,quadriceps,none,1,normal,,20.0,,,
Workout_060,2024-10-29 00:22:05,Legs,4,Lunge,quadriceps,none,2,normal,,20.0,,,
Workout_060,2024-10-29 00:22:05,Legs,4,Lunge,quadriceps,none,3,normal,,20.0,,,
Workout_060,2024-10-29 00:22:05,Legs,5,Leg Extension (Machine),quadriceps,machine,1,normal,20.0,20.0,,,
Workout_060,2024-10-29 00:22:05,Legs,5,Leg Extension (Machine),quadriceps,machine,2,normal,20.0,25.0,,,
Workout_060,2024-10-29 00:22:05,Legs,5,Leg Extension (Machine),quadriceps,machine,3,normal,20.0,25.0,,,
Workout_060,2024-10-29 00:22:05,Legs,6,Lying Leg Curl (Machine),hamstrings,machine,1,normal,21.0,20.0,,,
Workout_060,2024-10-29 00:22:05,Legs,6,Lying Leg Curl (Machine),hamstrings,machine,2,normal,21.0,20.0,,,
Workout_060,2024-10-29 00:22:05,Legs,6,Lying Leg Curl (Machine),hamstrings,machine,3,normal,21.0,20.0,,,
Workout_060,2024-10-29 00:22:05,Legs,7,Single Leg Standing Calf Raise,calves,none,1,normal,,30.0,,,
Workout_060,2024-10-29 00:22:05,Legs,7,Single Leg Standing Calf Raise,calves,none,2,normal,,30.0,,,
Workout_060,2024-10-29 00:22:05,Legs,7,Single Leg Standing Calf Raise,calves,none,3,normal,,30.0,,,
Workout_061,2024-10-30 00:23:36,Chest,1,Warm Up,full_body,none,1,normal,,,,,458.0
Workout_061,2024-10-30 00:23:36,Chest,2,Bench Press (Barbell),chest,barbell,1,normal,30.0,20.0,,,
Workout_061,2024-10-30 00:23:36,Chest,2,Bench Press (Barbell),chest,barbell,2,normal,30.0,20.0,,,
Workout_061,2024-10-30 00:23:36,Chest,2,Bench Press (Barbell),chest,barbell,3,normal,35.0,14.0,,,
Workout_061,2024-10-30 00:23:36,Chest,3,Decline Bench Press (Barbell),chest,barbell,1,normal,30.0,14.0,,,
Workout_061,2024-10-30 00:23:36,Chest,3,Decline Bench Press (Barbell),chest,barbell,2,normal,30.0,16.0,,,
Workout_061,2024-10-30 00:23:36,Chest,3,Decline Bench Press (Barbell),chest,barbell,3,normal,35.0,11.0,,,
Workout_061,2024-10-30 00:23:36,Chest,4,Incline Bench Press (Dumbbell),chest,dumbbell,1,normal,10.0,20.0,,,
Workout_061,2024-10-30 00:23:36,Chest,4,Incline Bench Press (Dumbbell),chest,dumbbell,2,normal,15.0,20.0,,,
Workout_061,2024-10-30 00:23:36,Chest,4,Incline Bench Press (Dumbbell),chest,dumbbell,3,normal,20.0,12.0,,,
Workout_061,2024-10-30 00:23:36,Chest,5,Incline Chest Fly (Dumbbell),chest,dumbbell,1,normal,10.0,20.0,,,
Workout_061,2024-10-30 00:23:36,Chest,5,Incline Chest Fly (Dumbbell),chest,dumbbell,2,normal,15.0,12.0,,,
Workout_061,2024-10-30 00:23:36,Chest,5,Incline Chest Fly (Dumbbell),chest,dumbbell,3,normal,15.0,15.0,,,
Workout_061,2024-10-30 00:23:36,Chest,6,Chest Fly (Machine),chest,machine,1,normal,28.0,25.0,,,
Workout_061,2024-10-30 00:23:36,Chest,6,Chest Fly (Machine),chest,machine,2,normal,28.0,20.0,,,
Workout_061,2024-10-30 00:23:36,Chest,6,Chest Fly (Machine),chest,machine,3,normal,35.0,10.0,,,
Workout_061,2024-10-30 00:23:36,Chest,7,Kneeling Push Up,chest,none,1,normal,,17.0,,,
Workout_061,2024-10-30 00:23:36,Chest,8,Spinning,cardio,machine,1,normal,,,,,301.0
Workout_062,2024-11-02 00:27:52,Back,1,Warm Up,full_body,none,1,normal,,,,,428.0
Workout_062,2024-11-02 00:27:52,Back,2,Bent Over Row (Barbell),upper_back,barbell,1,normal,20.0,20.0,,,
Workout_062,2024-11-02 00:27:52,Back,2,Bent Over Row (Barbell),upper_back,barbell,2,normal,25.0,20.0,,,
Workout_062,2024-11-02 00:27:52,Back,2,Bent Over Row (Barbell),upper_back,barbell,3,normal,30.0,20.0,,,
Workout_062,2024-11-02 00:27:52,Back,2,Bent Over Row (Barbell),upper_back,barbell,4,normal,30.0,20.0,,,
Workout_062,2024-11-02 00:27:52,Back,3,Lat Pulldown (Cable),lats,machine,1,normal,28.0,20.0,,,
Workout_062,2024-11-02 00:27:52,Back,3,Lat Pulldown (Cable),lats,machine,2,normal,28.0,20.0,,,
Workout_062,2024-11-02 00:27:52,Back,3,Lat Pulldown (Cable),lats,machine,3,normal,35.0,12.0,,,
Workout_062,2024-11-02 00:27:52,Back,4,Iso-Lateral Row (Machine),upper_back,machine,1,normal,40.0,20.0,,,
Workout_062,2024-11-02 00:27:52,Back,4,Iso-Lateral Row (Machine),upper_back,machine,2,normal,40.0,20.0,,,
Workout_062,2024-11-02 00:27:52,Back,4,Iso-Lateral Row (Machine),upper_back,machine,3,normal,50.0,12.0,,,
Workout_062,2024-11-02 00:27:52,Back,5,T Bar Row,upper_back,barbell,1,normal,15.0,12.0,,,
Workout_062,2024-11-02 00:27:52,Back,5,T Bar Row,upper_back,barbell,2,normal,15.0,15.0,,,
Workout_062,2024-11-02 00:27:52,Back,5,T Bar Row,upper_back,barbell,3,normal,15.0,15.0,,,
Workout_062,2024-11-02 00:27:52,Back,6,Dumbbell Row,lats,dumbbell,1,normal,15.0,20.0,,,
Workout_062,2024-11-02 00:27:52,Back,6,Dumbbell Row,lats,dumbbell,2,normal,15.0,20.0,,,
Workout_062,2024-11-02 00:27:52,Back,6,Dumbbell Row,lats,dumbbell,3,normal,20.0,20.0,,,
Workout_063,2024-11-03 00:28:03,Biceps,1,Warm Up,full_body,none,1,normal,,,,,382.0
Workout_063,2024-11-03 00:28:03,Biceps,2,Bicep Curl (Barbell),biceps,barbell,1,normal,15.0,20.0,,,
Workout_063,2024-11-03 00:28:03,Biceps,2,Bicep Curl (Barbell),biceps,barbell,2,normal,20.0,20.0,,,
Workout_063,2024-11-03 00:28:03,Biceps,2,Bicep Curl (Barbell),biceps,barbell,3,normal,25.0,10.0,,,
Workout_063,2024-11-03 00:28:03,Biceps,2,Bicep Curl (Barbell),biceps,barbell,4,normal,25.0,6.0,,,
Workout_063,2024-11-03 00:28:03,Biceps,3,Hammer Curl (Dumbbell),biceps,dumbbell,1,normal,5.0,20.0,,,
Workout_063,2024-11-03 00:28:03,Biceps,3,Hammer Curl (Dumbbell),biceps,dumbbell,2,normal,10.0,20.0,,,
Workout_063,2024-11-03 00:28:03,Biceps,3,Hammer Curl (Dumbbell),biceps,dumbbell,3,normal,15.0,15.0,,,
Workout_063,2024-11-03 00:28:03,Biceps,4,Bicep Curl (Dumbbell),biceps,dumbbell,1,normal,5.0,20.0,,,
Workout_063,2024-11-03 00:28:03,Biceps,4,Bicep Curl (Dumbbell),biceps,dumbbell,2,normal,10.0,20.0,,,
Workout_063,2024-11-03 00:28:03,Biceps,4,Bicep Curl (Dumbbell),biceps,dumbbell,3,normal,15.0,15.0,,,
Workout_063,2024-11-03 00:28:03,Biceps,5,Bicep Curl (Cable),biceps,machine,1,normal,21.0,20.0,,,
Workout_063,2024-11-03 00:28:03,Biceps,5,Bicep Curl (Cable),biceps,machine,2,normal,21.0,25.0,,,
Workout_063,2024-11-03 00:28:03,Biceps,5,Bicep Curl (Cable),biceps,machine,3,normal,28.0,15.0,,,
Workout_063,2024-11-03 00:28:03,Biceps,6,Preacher Curl (Dumbbell),biceps,dumbbell,1,normal,10.0,20.0,,,
Workout_063,2024-11-03 00:28:03,Biceps,6,Preacher Curl (Dumbbell),biceps,dumbbell,2,normal,15.0,20.0,,,
Workout_063,2024-11-03 00:28:03,Biceps,6,Preacher Curl (Dumbbell),biceps,dumbbell,3,normal,15.0,20.0,,,
Workout_063,2024-11-03 00:28:03,Biceps,7,Concentration Curl,biceps,dumbbell,1,normal,10.0,20.0,,,
Workout_063,2024-11-03 00:28:03,Biceps,7,Concentration Curl,biceps,dumbbell,2,normal,15.0,15.0,,,
Workout_063,2024-11-03 00:28:03,Biceps,7,Concentration Curl,biceps,dumbbell,3,normal,15.0,15.0,,,
Workout_064,2024-11-04 00:16:33,Triceps,1,Warm Up,full_body,none,1,normal,,,,,503.0
Workout_064,2024-11-04 00:16:33,Triceps,2,Skullcrusher (Barbell),triceps,barbell,1,normal,12.5,20.0,,,
Workout_064,2024-11-04 00:16:33,Triceps,2,Skullcrusher (Barbell),triceps,barbell,2,normal,17.5,20.0,,,
Workout_064,2024-11-04 00:16:33,Triceps,2,Skullcrusher (Barbell),triceps,barbell,3,normal,17.5,20.0,,,
Workout_064,2024-11-04 00:16:33,Triceps,3,Triceps Extension (Dumbbell),triceps,dumbbell,1,normal,10.0,20.0,,,
Workout_064,2024-11-04 00:16:33,Triceps,3,Triceps Extension (Dumbbell),triceps,dumbbell,2,normal,10.0,20.0,,,
Workout_064,2024-11-04 00:16:33,Triceps,3,Triceps Extension (Dumbbell),triceps,dumbbell,3,normal,10.0,20.0,,,
Workout_064,2024-11-04 00:16:33,Triceps,4,Single Arm Tricep Extension (Dumbbell),triceps,dumbbell,1,normal,10.0,20.0,,,
Workout_064,2024-11-04 00:16:33,Triceps,4,Single Arm Tricep Extension (Dumbbell),triceps,dumbbell,2,normal,10.0,20.0,,,
Workout_064,2024-11-04 00:16:33,Triceps,4,Single Arm Tricep Extension (Dumbbell),triceps,dumbbell,3,normal,10.0,20.0,,,
Workout_064,2024-11-04 00:16:33,Triceps,5,Triceps Pushdown,triceps,machine,1,normal,28.0,20.0,,,
Workout_064,2024-11-04 00:16:33,Triceps,5,Triceps Pushdown,triceps,machine,2,normal,28.0,20.0,,,
Workout_064,2024-11-04 00:16:33,Triceps,5,Triceps Pushdown,triceps,machine,3,normal,35.0,10.0,,,
Workout_064,2024-11-04 00:16:33,Triceps,6,Triceps Kickback (Cable),triceps,machine,1,normal,21.0,20.0,,,
Workout_064,2024-11-04 00:16:33,Triceps,6,Triceps Kickback (Cable),triceps,machine,2,normal,21.0,20.0,,,
Workout_064,2024-11-04 00:16:33,Triceps,6,Triceps Kickback (Cable),triceps,machine,3,normal,21.0,20.0,,,
Workout_064,2024-11-04 00:16:33,Triceps,7,Triceps Extension (Cable),triceps,machine,1,normal,28.0,20.0,,,
Workout_064,2024-11-04 00:16:33,Triceps,7,Triceps Extension (Cable),triceps,machine,2,normal,35.0,15.0,,,
Workout_064,2024-11-04 00:16:33,Triceps,7,Triceps Extension (Cable),triceps,machine,3,normal,35.0,15.0,,,
Workout_065,2024-11-05 00:25:52,Legs,1,Warm Up,full_body,none,1,normal,,,,,406.0
Workout_065,2024-11-05 00:25:52,Legs,2,Squat (Bodyweight),quadriceps,none,1,normal,,30.0,,,
Workout_065,2024-11-05 00:25:52,Legs,2,Squat (Bodyweight),quadriceps,none,2,normal,,35.0,,,
Workout_065,2024-11-05 00:25:52,Legs,2,Squat (Bodyweight),quadriceps,none,3,normal,,35.0,,,
Workout_065,2024-11-05 00:25:52,Legs,3,Leg Press (Machine),quadriceps,machine,1,normal,70.0,15.0,,,
Workout_065,2024-11-05 00:25:52,Legs,3,Leg Press (Machine),quadriceps,machine,2,normal,70.0,20.0,,,
Workout_065,2024-11-05 00:25:52,Legs,3,Leg Press (Machine),quadriceps,machine,3,normal,70.0,20.0,,,
Workout_065,2024-11-05 00:25:52,Legs,4,Lunge,quadriceps,none,1,normal,,20.0,,,
Workout_065,2024-11-05 00:25:52,Legs,4,Lunge,quadriceps,none,2,normal,,20.0,,,
Workout_065,2024-11-05 00:25:52,Legs,4,Lunge,quadriceps,none,3,normal,,20.0,,,
Workout_065,2024-11-05 00:25:52,Legs,5,Leg Extension (Machine),quadriceps,machine,1,normal,20.0,25.0,,,
Workout_065,2024-11-05 00:25:52,Legs,5,Leg Extension (Machine),quadriceps,machine,2,normal,25.0,20.0,,,
Workout_065,2024-11-05 00:25:52,Legs,5,Leg Extension (Machine),quadriceps,machine,3,normal,25.0,20.0,,,
Workout_065,2024-11-05 00:25:52,Legs,6,Lying Leg Curl (Machine),hamstrings,machine,1,normal,21.0,20.0,,,
Workout_065,2024-11-05 00:25:52,Legs,6,Lying Leg Curl (Machine),hamstrings,machine,2,normal,21.0,25.0,,,
Workout_065,2024-11-05 00:25:52,Legs,6,Lying Leg Curl (Machine),hamstrings,machine,3,normal,21.0,22.0,,,
Workout_065,2024-11-05 00:25:52,Legs,7,Single Leg Standing Calf Raise,calves,none,1,normal,,30.0,,,
Workout_065,2024-11-05 00:25:52,Legs,7,Single Leg Standing Calf Raise,calves,none,2,normal,,35.0,,,
Workout_065,2024-11-05 00:25:52,Legs,7,Single Leg Standing Calf Raise,calves,none,3,normal,,40.0,,,
Workout_066,2024-11-06 00:27:20,Shoulders,1,Warm Up,full_body,none,1,normal,,,,,461.0
Workout_066,2024-11-06 00:27:20,Shoulders,2,Overhead Press (Dumbbell),shoulders,dumbbell,1,normal,10.0,25.0,,,
Workout_066,2024-11-06 00:27:20,Shoulders,2,Overhead Press (Dumbbell),shoulders,dumbbell,2,normal,10.0,20.0,,,
Workout_066,2024-11-06 00:27:20,Shoulders,2,Overhead Press (Dumbbell),shoulders,dumbbell,3,normal,10.0,20.0,,,
Workout_066,2024-11-06 00:27:20,Shoulders,3,Front Raise (Barbell),shoulders,barbell,1,normal,12.5,20.0,,,
Workout_066,2024-11-06 00:27:20,Shoulders,3,Front Raise (Barbell),shoulders,barbell,2,normal,12.5,20.0,,,
Workout_066,2024-11-06 00:27:20,Shoulders,3,Front Raise (Barbell),shoulders,barbell,3,normal,17.5,10.0,,,
Workout_066,2024-11-06 00:27:20,Shoulders,4,Face Pull,shoulders,machine,1,normal,28.0,25.0,,,
Workout_066,2024-11-06 00:27:20,Shoulders,4,Face Pull,shoulders,machine,2,normal,35.0,20.0,,,
Workout_066,2024-11-06 00:27:20,Shoulders,4,Face Pull,shoulders,machine,3,normal,35.0,20.0,,,
Workout_066,2024-11-06 00:27:20,Shoulders,5,Shoulder Press (Machine Plates),shoulders,machine,1,normal,15.0,25.0,,,
Workout_066,2024-11-06 00:27:20,Shoulders,5,Shoulder Press (Machine Plates),shoulders,machine,2,normal,25.0,20.0,,,
Workout_066,2024-11-06 00:27:20,Shoulders,5,Shoulder Press (Machine Plates),shoulders,machine,3,normal,25.0,16.0,,,
Workout_066,2024-11-06 00:27:20,Shoulders,6,Rear Delt Reverse Fly (Machine),shoulders,machine,1,normal,21.0,25.0,,,
Workout_066,2024-11-06 00:27:20,Shoulders,6,Rear Delt Reverse Fly (Machine),shoulders,machine,2,normal,28.0,20.0,,,
Workout_066,2024-11-06 00:27:20,Shoulders,6,Rear Delt Reverse Fly (Machine),shoulders,machine,3,normal,35.0,15.0,,,
Workout_066,2024-11-06 00:27:20,Shoulders,7,Shrug (Dumbbell),traps,dumbbell,1,normal,17.0,20.0,,,
Workout_066,2024-11-06 00:27:20,Shoulders,7,Shrug (Dumbbell),traps,dumbbell,2,normal,17.0,25.0,,,
Workout_066,2024-11-06 00:27:20,Shoulders,7,Shrug (Dumbbell),traps,dumbbell,3,normal,20.0,25.0,,,
Workout_066,2024-11-06 00:27:20,Shoulders,8,Seated Lateral Raise (Dumbbell),shoulders,dumbbell,1,normal,10.0,15.0,,,
Workout_066,2024-11-06 00:27:20,Shoulders,8,Seated Lateral Raise (Dumbbell),shoulders,dumbbell,2,normal,10.0,10.0,,,
Workout_067,2024-11-09 00:21:47,Core,1,Warm Up,full_body,none,1,normal,,,,,385.0
Workout_067,2024-11-09 00:21:47,Core,2,Decline Crunch,abdominals,none,1,normal,,20.0,,,
Workout_067,2024-11-09 00:21:47,Core,2,Decline Crunch,abdominals,none,2,normal,,20.0,,,
Workout_067,2024-11-09 00:21:47,Core,2,Decline Crunch,abdominals,none,3,normal,,20.0,,,
Workout_067,2024-11-09 00:21:47,Core,3,Crunch,abdominals,none,1,normal,,25.0,,,
Workout_067,2024-11-09 00:21:47,Core,3,Crunch,abdominals,none,2,normal,,25.0,,,
Workout_067,2024-11-09 00:21:47,Core,3,Crunch,abdominals,none,3,normal,,25.0,,,
Workout_067,2024-11-09 00:21:47,Core,4,Lying Leg Raise,abdominals,none,1,normal,,20.0,,,
Workout_067,2024-11-09 00:21:47,Core,4,Lying Leg Raise,abdominals,none,2,normal,,20.0,,,
Workout_067,2024-11-09 00:21:47,Core,4,Lying Leg Raise,abdominals,none,3,normal,,20.0,,,
Workout_067,2024-11-09 00:21:47,Core,5,Ab Scissors,abdominals,none,1,normal,,20.0,,,
Workout_067,2024-11-09 00:21:47,Core,5,Ab Scissors,abdominals,none,2,normal,,20.0,,,
Workout_067,2024-11-09 00:21:47,Core,5,Ab Scissors,abdominals,none,3,normal,,25.0,,,
Workout_067,2024-11-09 00:21:47,Core,6,Russian Twist (Weighted),abdominals,plate,1,normal,2.5,20.0,,,
Workout_067,2024-11-09 00:21:47,Core,6,Russian Twist (Weighted),abdominals,plate,2,normal,2.5,20.0,,,
Workout_067,2024-11-09 00:21:47,Core,6,Russian Twist (Weighted),abdominals,plate,3,normal,5.0,20.0,,,
Workout_067,2024-11-09 00:21:47,Core,7,Seated Leg Tuck,abdominals,none,1,normal,,25.0,,,
Workout_067,2024-11-09 00:21:47,Core,7,Seated Leg Tuck,abdominals,none,2,normal,,25.0,,,
Workout_067,2024-11-09 00:21:47,Core,7,Seated Leg Tuck,abdominals,none,3,normal,,20.0,,,
Workout_068,2024-11-10 00:09:17,Chest,1,Warm Up,full_body,none,1,normal,,,,,465.0
Workout_068,2024-11-10 00:09:17,Chest,2,Bench Press (Barbell),chest,barbell,1,normal,30.0,20.0,,,
Workout_068,2024-11-10 00:09:17,Chest,2,Bench Press (Barbell),chest,barbell,2,normal,30.0,25.0,,,
Workout_068,2024-11-10 00:09:17,Chest,2,Bench Press (Barbell),chest,barbell,3,normal,30.0,20.0,,,
Workout_068,2024-11-10 00:09:17,Chest,3,Decline Bench Press (Barbell),chest,barbell,1,normal,30.0,20.0,,,
Workout_068,2024-11-10 00:09:17,Chest,3,Decline Bench Press (Barbell),chest,barbell,2,normal,30.0,25.0,,,
Workout_068,2024-11-10 00:09:17,Chest,3,Decline Bench Press (Barbell),chest,barbell,3,normal,35.0,20.0,,,
Workout_068,2024-11-10 00:09:17,Chest,4,Incline Chest Fly (Dumbbell),chest,dumbbell,1,normal,10.0,25.0,,,
Workout_068,2024-11-10 00:09:17,Chest,4,Incline Chest Fly (Dumbbell),chest,dumbbell,2,normal,15.0,20.0,,,
Workout_068,2024-11-10 00:09:17,Chest,4,Incline Chest Fly (Dumbbell),chest,dumbbell,3,normal,15.0,20.0,,,
Workout_068,2024-11-10 00:09:17,Chest,5,Incline Chest Fly (Dumbbell),chest,dumbbell,1,normal,10.0,25.0,,,
Workout_068,2024-11-10 00:09:17,Chest,5,Incline Chest Fly (Dumbbell),chest,dumbbell,2,normal,15.0,20.0,,,
Workout_068,2024-11-10 00:09:17,Chest,5,Incline Chest Fly (Dumbbell),chest,dumbbell,3,normal,15.0,20.0,,,
Workout_068,2024-11-10 00:09:17,Chest,6,Chest Fly (Machine),chest,machine,1,normal,28.0,25.0,,,
Workout_068,2024-11-10 00:09:17,Chest,6,Chest Fly (Machine),chest,machine,2,normal,35.0,15.0,,,
Workout_068,2024-11-10 00:09:17,Chest,6,Chest Fly (Machine),chest,machine,3,normal,35.0,18.0,,,
Workout_068,2024-11-10 00:09:17,Chest,7,Spinning,cardio,machine,1,normal,,,,,87.0
Workout_069,2024-11-11 00:17:34,Back,1,Warm Up,full_body,none,1,normal,,,,,469.0
Workout_069,2024-11-11 00:17:34,Back,2,Bent Over Row (Barbell),upper_back,barbell,1,normal,25.0,30.0,,,
Workout_069,2024-11-11 00:17:34,Back,2,Bent Over Row (Barbell),upper_back,barbell,2,normal,30.0,20.0,,,
Workout_069,2024-11-11 00:17:34,Back,2,Bent Over Row (Barbell),upper_back,barbell,3,normal,30.0,20.0,,,
Workout_069,2024-11-11 00:17:34,Back,3,Lat Pulldown (Cable),lats,machine,1,normal,28.0,20.0,,,
Workout_069,2024-11-11 00:17:34,Back,3,Lat Pulldown (Cable),lats,machine,2,normal,28.0,20.0,,,
Workout_069,2024-11-11 00:17:34,Back,3,Lat Pulldown (Cable),lats,machine,3,normal,35.0,15.0,,,
Workout_069,2024-11-11 00:17:34,Back,4,Iso-Lateral Row (Machine),upper_back,machine,1,normal,30.0,15.0,,,
Workout_069,2024-11-11 00:17:34,Back,4,Iso-Lateral Row (Machine),upper_back,machine,2,normal,30.0,15.0,,,
Workout_069,2024-11-11 00:17:34,Back,4,Iso-Lateral Row (Machine),upper_back,machine,3,normal,30.0,20.0,,,
Workout_069,2024-11-11 00:17:34,Back,5,T Bar Row,upper_back,barbell,1,normal,15.0,20.0,,,
Workout_069,2024-11-11 00:17:34,Back,5,T Bar Row,upper_back,barbell,2,normal,15.0,20.0,,,
Workout_069,2024-11-11 00:17:34,Back,5,T Bar Row,upper_back,barbell,3,normal,17.5,10.0,,,
Workout_069,2024-11-11 00:17:34,Back,6,Dumbbell Row,lats,dumbbell,1,normal,15.0,20.0,,,
Workout_069,2024-11-11 00:17:34,Back,6,Dumbbell Row,lats,dumbbell,2,normal,20.0,20.0,,,
Workout_069,2024-11-11 00:17:34,Back,6,Dumbbell Row,lats,dumbbell,3,normal,20.0,20.0,,,
Workout_070,2024-11-12 00:30:09,Shoulders,1,Warm Up,full_body,none,1,normal,,,,,593.0
Workout_070,2024-11-12 00:30:09,Shoulders,2,Overhead Press (Dumbbell),shoulders,dumbbell,1,normal,10.0,25.0,,,
Workout_070,2024-11-12 00:30:09,Shoulders,2,Overhead Press (Dumbbell),shoulders,dumbbell,2,normal,15.0,15.0,,,
Workout_070,2024-11-12 00:30:09,Shoulders,2,Overhead Press (Dumbbell),shoulders,dumbbell,3,normal,15.0,15.0,,,
Workout_070,2024-11-12 00:30:09,Shoulders,3,Front Raise (Barbell),shoulders,barbell,1,normal,12.5,20.0,,,
Workout_070,2024-11-12 00:30:09,Shoulders,3,Front Raise (Barbell),shoulders,barbell,2,normal,17.5,10.0,,,
Workout_070,2024-11-12 00:30:09,Shoulders,3,Front Raise (Barbell),shoulders,barbell,3,normal,17.5,10.0,,,
Workout_070,2024-11-12 00:30:09,Shoulders,4,Face Pull,shoulders,machine,1,normal,28.0,25.0,,,
Workout_070,2024-11-12 00:30:09,Shoulders,4,Face Pull,shoulders,machine,2,normal,35.0,20.0,,,
Workout_070,2024-11-12 00:30:09,Shoulders,4,Face Pull,shoulders,machine,3,normal,35.0,20.0,,,
Workout_070,2024-11-12 00:30:09,Shoulders,5,Rear Delt Reverse Fly (Machine),shoulders,machine,1,normal,28.0,20.0,,,
Workout_070,2024-11-12 00:30:09,Shoulders,5,Rear Delt Reverse Fly (Machine),shoulders,machine,2,normal,28.0,20.0,,,
Workout_070,2024-11-12 00:30:09,Shoulders,5,Rear Delt Reverse Fly (Machine),shoulders,machine,3,normal,35.0,15.0,,,
Workout_070,2024-11-12 00:30:09,Shoulders,6,Shrug (Dumbbell),traps,dumbbell,1,normal,15.0,25.0,,,
Workout_070,2024-11-12 00:30:09,Shoulders,6,Shrug (Dumbbell),traps,dumbbell,2,normal,20.0,25.0,,,
Workout_070,2024-11-12 00:30:09,Shoulders,6,Shrug (Dumbbell),traps,dumbbell,3,normal,20.0,25.0,,,
Workout_071,2024-11-13 00:17:26,Biceps,1,Warm Up,full_body,none,1,normal,,,,,470.0
Workout_071,2024-11-13 00:17:26,Biceps,2,Bicep Curl (Barbell),biceps,barbell,1,normal,15.0,35.0,,,
Workout_071,2024-11-13 00:17:26,Biceps,2,Bicep Curl (Barbell),biceps,barbell,2,normal,20.0,15.0,,,
Workout_071,2024-11-13 00:17:26,Biceps,2,Bicep Curl (Barbell),biceps,barbell,3,normal,25.0,12.0,,,
Workout_071,2024-11-13 00:17:26,Biceps,3,Hammer Curl (Dumbbell),biceps,dumbbell,1,normal,10.0,20.0,,,
Workout_071,2024-11-13 00:17:26,Biceps,3,Hammer Curl (Dumbbell),biceps,dumbbell,2,normal,10.0,20.0,,,
Workout_071,2024-11-13 00:17:26,Biceps,3,Hammer Curl (Dumbbell),biceps,dumbbell,3,normal,15.0,15.0,,,
Workout_071,2024-11-13 00:17:26,Biceps,4,Bicep Curl (Cable),biceps,machine,1,normal,28.0,15.0,,,
Workout_071,2024-11-13 00:17:26,Biceps,4,Bicep Curl (Cable),biceps,machine,2,normal,28.0,15.0,,,
Workout_071,2024-11-13 00:17:26,Biceps,4,Bicep Curl (Cable),biceps,machine,3,normal,31.0,12.0,,,
Workout_071,2024-11-13 00:17:26,Biceps,5,Seated Incline Curl (Dumbbell),biceps,dumbbell,1,normal,5.0,25.0,,,
Workout_071,2024-11-13 00:17:26,Biceps,5,Seated Incline Curl (Dumbbell),biceps,dumbbell,2,normal,10.0,20.0,,,
Workout_071,2024-11-13 00:17:26,Biceps,5,Seated Incline Curl (Dumbbell),biceps,dumbbell,3,normal,10.0,20.0,,,
Workout_071,2024-11-13 00:17:26,Biceps,6,Preacher Curl (Dumbbell),biceps,dumbbell,1,normal,10.0,25.0,,,
Workout_071,2024-11-13 00:17:26,Biceps,6,Preacher Curl (Dumbbell),biceps,dumbbell,2,normal,10.0,25.0,,,
Workout_071,2024-11-13 00:17:26,Biceps,6,Preacher Curl (Dumbbell),biceps,dumbbell,3,normal,15.0,20.0,,,
Workout_071,2024-11-13 00:17:26,Biceps,7,Concentration Curl,biceps,dumbbell,1,normal,10.0,20.0,,,
Workout_071,2024-11-13 00:17:26,Biceps,7,Concentration Curl,biceps,dumbbell,2,normal,15.0,15.0,,,
Workout_071,2024-11-13 00:17:26,Biceps,7,Concentration Curl,biceps,dumbbell,3,normal,15.0,15.0,,,
Workout_072,2024-11-16 00:13:20,Triceps,1,Warm Up,full_body,none,1,normal,,,,,515.0
Workout_072,2024-11-16 00:13:20,Triceps,2,Skullcrusher (Barbell),triceps,barbell,1,normal,7.5,25.0,,,
Workout_072,2024-11-16 00:13:20,Triceps,2,Skullcrusher (Barbell),triceps,barbell,2,normal,12.5,20.0,,,
Workout_072,2024-11-16 00:13:20,Triceps,2,Skullcrusher (Barbell),triceps,barbell,3,normal,17.5,16.0,,,
Workout_072,2024-11-16 00:13:20,Triceps,3,Triceps Extension (Dumbbell),triceps,dumbbell,1,normal,15.0,20.0,,,
Workout_072,2024-11-16 00:13:20,Triceps,3,Triceps Extension (Dumbbell),triceps,dumbbell,2,normal,15.0,20.0,,,
Workout_072,2024-11-16 00:13:20,Triceps,3,Triceps Extension (Dumbbell),triceps,dumbbell,3,normal,20.0,15.0,,,
Workout_072,2024-11-16 00:13:20,Triceps,4,Single Arm Tricep Extension (Dumbbell),triceps,dumbbell,1,normal,10.0,20.0,,,
Workout_072,2024-11-16 00:13:20,Triceps,4,Single Arm Tricep Extension (Dumbbell),triceps,dumbbell,2,normal,10.0,20.0,,,
Workout_072,2024-11-16 00:13:20,Triceps,4,Single Arm Tricep Extension (Dumbbell),triceps,dumbbell,3,normal,15.0,20.0,,,
Workout_072,2024-11-16 00:13:20,Triceps,5,Triceps Pushdown,triceps,machine,1,normal,21.0,20.0,,,
Workout_072,2024-11-16 00:13:20,Triceps,5,Triceps Pushdown,triceps,machine,2,normal,28.0,20.0,,,
Workout_072,2024-11-16 00:13:20,Triceps,5,Triceps Pushdown,triceps,machine,3,normal,28.0,20.0,,,
Workout_072,2024-11-16 00:13:20,Triceps,6,Triceps Extension (Cable),triceps,machine,1,normal,21.0,25.0,,,
Workout_072,2024-11-16 00:13:20,Triceps,6,Triceps Extension (Cable),triceps,machine,2,normal,28.0,20.0,,,
Workout_072,2024-11-16 00:13:20,Triceps,6,Triceps Extension (Cable),triceps,machine,3,normal,28.0,20.0,,,
Workout_072,2024-11-16 00:13:20,Triceps,7,Triceps Kickback (Dumbbell),triceps,dumbbell,1,normal,5.0,20.0,,,
Workout_072,2024-11-16 00:13:20,Triceps,7,Triceps Kickback (Dumbbell),triceps,dumbbell,2,normal,10.0,20.0,,,
Workout_072,2024-11-16 00:13:20,Triceps,7,Triceps Kickback (Dumbbell),triceps,dumbbell,3,normal,10.0,20.0,,,
Workout_073,2024-11-17 00:15:05,Legs,1,Warm Up,full_body,none,1,normal,,,,,423.0
Workout_073,2024-11-17 00:15:05,Legs,2,Squat (Bodyweight),quadriceps,none,1,normal,,30.0,,,
Workout_073,2024-11-17 00:15:05,Legs,2,Squat (Bodyweight),quadriceps,none,2,normal,,35.0,,,
Workout_073,2024-11-17 00:15:05,Legs,2,Squat (Bodyweight),quadriceps,none,3,normal,,35.0,,,
Workout_073,2024-11-17 00:15:05,Legs,3,Leg Press (Machine),quadriceps,machine,1,normal,60.0,20.0,,,
Workout_073,2024-11-17 00:15:05,Legs,3,Leg Press (Machine),quadriceps,machine,2,normal,60.0,20.0,,,
Workout_073,2024-11-17 00:15:05,Legs,3,Leg Press (Machine),quadriceps,machine,3,normal,60.0,20.0,,,
Workout_073,2024-11-17 00:15:05,Legs,3,Leg Press (Machine),quadriceps,machine,4,normal,70.0,20.0,,,
Workout_073,2024-11-17 00:15:05,Legs,4,Lunge,quadriceps,none,1,normal,,20.0,,,
Workout_073,2024-11-17 00:15:05,Legs,4,Lunge,quadriceps,none,2,normal,,20.0,,,
Workout_073,2024-11-17 00:15:05,Legs,4,Lunge,quadriceps,none,3,normal,,20.0,,,
Workout_073,2024-11-17 00:15:05,Legs,5,Leg Extension (Machine),quadriceps,machine,1,normal,25.0,25.0,,,
Workout_073,2024-11-17 00:15:05,Legs,5,Leg Extension (Machine),quadriceps,machine,2,normal,30.0,20.0,,,
Workout_073,2024-11-17 00:15:05,Legs,5,Leg Extension (Machine),quadriceps,machine,3,normal,35.0,20.0,,,
Workout_073,2024-11-17 00:15:05,Legs,6,Lying Leg Curl (Machine),hamstrings,machine,1,normal,21.0,20.0,,,
Workout_073,2024-11-17 00:15:05,Legs,6,Lying Leg Curl (Machine),hamstrings,machine,2,normal,28.0,15.0,,,
Workout_073,2024-11-17 00:15:05,Legs,6,Lying Leg Curl (Machine),hamstrings,machine,3,normal,28.0,10.0,,,
Workout_073,2024-11-17 00:15:05,Legs,7,Single Leg Standing Calf Raise,calves,none,1,normal,,30.0,,,
Workout_073,2024-11-17 00:15:05,Legs,7,Single Leg Standing Calf Raise,calves,none,2,normal,,30.0,,,
Workout_073,2024-11-17 00:15:05,Legs,7,Single Leg Standing Calf Raise,calves,none,3,normal,,30.0,,,
Workout_074,2024-11-19 00:25:37,Core,1,Warm Up,full_body,none,1,normal,,,,,630.0
Workout_074,2024-11-19 00:25:37,Core,2,Decline Crunch,abdominals,none,1,normal,,20.0,,,
Workout_074,2024-11-19 00:25:37,Core,2,Decline Crunch,abdominals,none,2,normal,,20.0,,,
Workout_074,2024-11-19 00:25:37,Core,2,Decline Crunch,abdominals,none,3,normal,,20.0,,,
Workout_074,2024-11-19 00:25:37,Core,3,Crunch,abdominals,none,1,normal,,20.0,,,
Workout_074,2024-11-19 00:25:37,Core,3,Crunch,abdominals,none,2,normal,,20.0,,,
Workout_074,2024-11-19 00:25:37,Core,3,Crunch,abdominals,none,3,normal,,20.0,,,
Workout_074,2024-11-19 00:25:37,Core,4,Farmers Walk,full_body,other,1,normal,2.5,,,20.0,
Workout_074,2024-11-19 00:25:37,Core,5,Lying Leg Raise,abdominals,none,1,normal,,25.0,,,
Workout_074,2024-11-19 00:25:37,Core,5,Lying Leg Raise,abdominals,none,2,normal,,25.0,,,
Workout_074,2024-11-19 00:25:37,Core,5,Lying Leg Raise,abdominals,none,3,normal,,25.0,,,
Workout_074,2024-11-19 00:25:37,Core,6,Ab Scissors,abdominals,none,1,normal,,30.0,,,
Workout_074,2024-11-19 00:25:37,Core,6,Ab Scissors,abdominals,none,2,normal,,30.0,,,
Workout_074,2024-11-19 00:25:37,Core,6,Ab Scissors,abdominals,none,3,normal,,30.0,,,
Workout_074,2024-11-19 00:25:37,Core,7,Russian Twist (Weighted),abdominals,plate,1,normal,5.0,25.0,,,
Workout_074,2024-11-19 00:25:37,Core,7,Russian Twist (Weighted),abdominals,plate,2,normal,5.0,25.0,,,
Workout_074,2024-11-19 00:25:37,Core,7,Russian Twist (Weighted),abdominals,plate,3,normal,7.5,15.0,,,
Workout_074,2024-11-19 00:25:37,Core,8,Seated Leg Tuck,abdominals,none,1,normal,,20.0,,,
Workout_074,2024-11-19 00:25:37,Core,8,Seated Leg Tuck,abdominals,none,2,normal,,20.0,,,
Workout_074,2024-11-19 00:25:37,Core,8,Seated Leg Tuck,abdominals,none,3,normal,,30.0,,,
Workout_075,2024-11-20 00:27:56,Chest,1,Warm Up,full_body,none,1,normal,,,,,423.0
Workout_075,2024-11-20 00:27:56,Chest,2,Bench Press (Barbell),chest,barbell,1,normal,35.0,10.0,,,
Workout_075,2024-11-20 00:27:56,Chest,2,Bench Press (Barbell),chest,barbell,2,normal,30.0,20.0,,,
Workout_075,2024-11-20 00:27:56,Chest,2,Bench Press (Barbell),chest,barbell,3,normal,30.0,20.0,,,
Workout_075,2024-11-20 00:27:56,Chest,3,Incline Bench Press (Barbell),chest,barbell,1,normal,30.0,20.0,,,
Workout_075,2024-11-20 00:27:56,Chest,3,Incline Bench Press (Barbell),chest,barbell,2,normal,30.0,20.0,,,
Workout_075,2024-11-20 00:27:56,Chest,3,Incline Bench Press (Barbell),chest,barbell,3,normal,35.0,10.0,,,
Workout_075,2024-11-20 00:27:56,Chest,4,Decline Bench Press (Dumbbell),chest,dumbbell,1,normal,15.0,20.0,,,
Workout_075,2024-11-20 00:27:56,Chest,4,Decline Bench Press (Dumbbell),chest,dumbbell,2,normal,15.0,20.0,,,
Workout_075,2024-11-20 00:27:56,Chest,4,Decline Bench Press (Dumbbell),chest,dumbbell,3,normal,20.0,10.0,,,
Workout_075,2024-11-20 00:27:56,Chest,5,Chest Fly (Dumbbell),chest,dumbbell,1,normal,10.0,20.0,,,
Workout_075,2024-11-20 00:27:56,Chest,5,Chest Fly (Dumbbell),chest,dumbbell,2,normal,15.0,20.0,,,
Workout_075,2024-11-20 00:27:56,Chest,5,Chest Fly (Dumbbell),chest,dumbbell,3,normal,15.0,20.0,,,
Workout_075,2024-11-20 00:27:56,Chest,6,Chest Fly (Machine),chest,machine,1,normal,35.0,20.0,,,
Workout_075,2024-11-20 00:27:56,Chest,6,Chest Fly (Machine),chest,machine,2,normal,35.0,20.0,,,
Workout_075,2024-11-20 00:27:56,Chest,6,Chest Fly (Machine),chest,machine,3,normal,35.0,20.0,,,
Workout_076,2024-11-20 23:58:38,Back,1,Warm Up,full_body,none,1,normal,,,,,371.0
Workout_076,2024-11-20 23:58:38,Back,2,Rack Pull,upper_back,barbell,1,normal,40.0,15.0,,,
Workout_076,2024-11-20 23:58:38,Back,2,Rack Pull,upper_back,barbell,2,normal,40.0,15.0,,,
Workout_076,2024-11-20 23:58:38,Back,2,Rack Pull,upper_back,barbell,3,normal,50.0,10.0,,,
Workout_076,2024-11-20 23:58:38,Back,3,Bent Over Row (Barbell),upper_back,barbell,1,normal,35.0,20.0,,,
Workout_076,2024-11-20 23:58:38,Back,3,Bent Over Row (Barbell),upper_back,barbell,2,normal,35.0,20.0,,,
Workout_076,2024-11-20 23:58:38,Back,3,Bent Over Row (Barbell),upper_back,barbell,3,normal,45.0,10.0,,,
Workout_076,2024-11-20 23:58:38,Back,4,Lat Pulldown (Cable),lats,machine,1,normal,35.0,15.0,,,
Workout_076,2024-11-20 23:58:38,Back,4,Lat Pulldown (Cable),lats,machine,2,normal,35.0,13.0,,,
Workout_076,2024-11-20 23:58:38,Back,4,Lat Pulldown (Cable),lats,machine,3,normal,35.0,15.0,,,
Workout_076,2024-11-20 23:58:38,Back,5,Seated Cable Row - V Grip (Cable),upper_back,machine,1,normal,35.0,20.0,,,
Workout_076,2024-11-20 23:58:38,Back,5,Seated Cable Row - V Grip (Cable),upper_back,machine,2,normal,35.0,20.0,,,
Workout_076,2024-11-20 23:58:38,Back,5,Seated Cable Row - V Grip (Cable),upper_back,machine,3,normal,42.0,20.0,,,
Workout_076,2024-11-20 23:58:38,Back,6,Dumbbell Row,lats,dumbbell,1,normal,15.0,20.0,,,
Workout_076,2024-11-20 23:58:38,Back,6,Dumbbell Row,lats,dumbbell,2,normal,15.0,20.0,,,
Workout_077,2024-11-23 00:23:32,Shoulder,1,Warm Up,full_body,none,1,normal,,,,,419.0
Workout_077,2024-11-23 00:23:32,Shoulder,2,Overhead Press (Dumbbell),shoulders,dumbbell,1,normal,15.0,20.0,,,
Workout_077,2024-11-23 00:23:32,Shoulder,2,Overhead Press (Dumbbell),shoulders,dumbbell,2,normal,15.0,20.0,,,
Workout_077,2024-11-23 00:23:32,Shoulder,2,Overhead Press (Dumbbell),shoulders,dumbbell,3,normal,20.0,10.0,,,
Workout_077,2024-11-23 00:23:32,Shoulder,3,Front Raise (Barbell),shoulders,barbell,1,normal,17.5,15.0,,,
Workout_077,2024-11-23 00:23:32,Shoulder,3,Front Raise (Barbell),shoulders,barbell,2,normal,17.5,15.0,,,
Workout_077,2024-11-23 00:23:32,Shoulder,3,Front Raise (Barbell),shoulders,barbell,3,normal,17.5,15.0,,,
Workout_077,2024-11-23 00:23:32,Shoulder,4,Face Pull,shoulders,machine,1,normal,35.0,20.0,,,
Workout_077,2024-11-23 00:23:32,Shoulder,4,Face Pull,shoulders,machine,2,normal,35.0,20.0,,,
Workout_077,2024-11-23 00:23:32,Shoulder,4,Face Pull,shoulders,machine,3,normal,35.0,20.0,,,
Workout_077,2024-11-23 00:23:32,Shoulder,5,Rear Delt Reverse Fly (Machine),shoulders,machine,1,normal,28.0,20.0,,,
Workout_077,2024-11-23 00:23:32,Shoulder,5,Rear Delt Reverse Fly (Machine),shoulders,machine,2,normal,35.0,15.0,,,
Workout_077,2024-11-23 00:23:32,Shoulder,5,Rear Delt Reverse Fly (Machine),shoulders,machine,3,normal,35.0,10.0,,,
Workout_077,2024-11-23 00:23:32,Shoulder,6,Shrug (Dumbbell),traps,dumbbell,1,normal,20.0,25.0,,,
Workout_077,2024-11-23 00:23:32,Shoulder,6,Shrug (Dumbbell),traps,dumbbell,2,normal,20.0,25.0,,,
Workout_077,2024-11-23 00:23:32,Shoulder,6,Shrug (Dumbbell),traps,dumbbell,3,normal,25.0,25.0,,,
Workout_078,2024-11-24 00:21:10,Biceps,1,Warm Up,full_body,none,1,normal,,,,,458.0
Workout_078,2024-11-24 00:21:10,Biceps,2,Bicep Curl (Barbell),biceps,barbell,1,normal,15.0,20.0,,,
Workout_078,2024-11-24 00:21:10,Biceps,2,Bicep Curl (Barbell),biceps,barbell,2,normal,25.0,15.0,,,
Workout_078,2024-11-24 00:21:10,Biceps,2,Bicep Curl (Barbell),biceps,barbell,3,normal,25.0,15.0,,,
Workout_078,2024-11-24 00:21:10,Biceps,3,Hammer Curl (Dumbbell),biceps,dumbbell,1,normal,10.0,20.0,,,
Workout_078,2024-11-24 00:21:10,Biceps,3,Hammer Curl (Dumbbell),biceps,dumbbell,2,normal,10.0,20.0,,,
Workout_078,2024-11-24 00:21:10,Biceps,3,Hammer Curl (Dumbbell),biceps,dumbbell,3,normal,15.0,15.0,,,
Workout_078,2024-11-24 00:21:10,Biceps,4,Bicep Curl (Cable),biceps,machine,1,normal,28.0,20.0,,,
Workout_078,2024-11-24 00:21:10,Biceps,4,Bicep Curl (Cable),biceps,machine,2,normal,28.0,20.0,,,
Workout_078,2024-11-24 00:21:10,Biceps,4,Bicep Curl (Cable),biceps,machine,3,normal,31.0,15.0,,,
Workout_078,2024-11-24 00:21:10,Biceps,5,Preacher Curl (Dumbbell),biceps,dumbbell,1,normal,10.0,20.0,,,
Workout_078,2024-11-24 00:21:10,Biceps,5,Preacher Curl (Dumbbell),biceps,dumbbell,2,normal,10.0,20.0,,,
Workout_078,2024-11-24 00:21:10,Biceps,5,Preacher Curl (Dumbbell),biceps,dumbbell,3,normal,15.0,20.0,,,
Workout_078,2024-11-24 00:21:10,Biceps,6,Concentration Curl,biceps,dumbbell,1,normal,10.0,20.0,,,
Workout_078,2024-11-24 00:21:10,Biceps,6,Concentration Curl,biceps,dumbbell,2,normal,15.0,20.0,,,
Workout_078,2024-11-24 00:21:10,Biceps,6,Concentration Curl,biceps,dumbbell,3,normal,15.0,20.0,,,
Workout_079,2024-11-25 00:25:32,Triceps,1,Warm Up,full_body,none,1,normal,,,,,430.0
Workout_079,2024-11-25 00:25:32,Triceps,2,Skullcrusher (Barbell),triceps,barbell,1,normal,12.5,20.0,,,
Workout_079,2024-11-25 00:25:32,Triceps,2,Skullcrusher (Barbell),triceps,barbell,2,normal,17.5,20.0,,,
Workout_079,2024-11-25 00:25:32,Triceps,2,Skullcrusher (Barbell),triceps,barbell,3,normal,17.5,15.0,,,
Workout_079,2024-11-25 00:25:32,Triceps,3,Triceps Rope Pushdown,triceps,machine,1,normal,21.0,20.0,,,
Workout_079,2024-11-25 00:25:32,Triceps,3,Triceps Rope Pushdown,triceps,machine,2,normal,21.0,20.0,,,
Workout_079,2024-11-25 00:25:32,Triceps,3,Triceps Rope Pushdown,triceps,machine,3,normal,28.0,10.0,,,
Workout_079,2024-11-25 00:25:32,Triceps,4,Triceps Pushdown,triceps,machine,1,normal,28.0,20.0,,,
Workout_079,2024-11-25 00:25:32,Triceps,4,Triceps Pushdown,triceps,machine,2,normal,28.0,20.0,,,
Workout_079,2024-11-25 00:25:32,Triceps,4,Triceps Pushdown,triceps,machine,3,normal,35.0,15.0,,,
Workout_079,2024-11-25 00:25:32,Triceps,5,Triceps Extension (Cable),triceps,machine,1,normal,28.0,20.0,,,
Workout_079,2024-11-25 00:25:32,Triceps,5,Triceps Extension (Cable),triceps,machine,2,normal,28.0,20.0,,,
Workout_079,2024-11-25 00:25:32,Triceps,5,Triceps Extension (Cable),triceps,machine,3,normal,35.0,15.0,,,
Workout_079,2024-11-25 00:25:32,Triceps,6,Triceps Kickback (Dumbbell),triceps,dumbbell,1,normal,10.0,20.0,,,
Workout_079,2024-11-25 00:25:32,Triceps,6,Triceps Kickback (Dumbbell),triceps,dumbbell,2,normal,10.0,20.0,,,
Workout_079,2024-11-25 00:25:32,Triceps,6,Triceps Kickback (Dumbbell),triceps,dumbbell,3,normal,15.0,20.0,,,
Workout_080,2024-11-26 00:26:35,Legs,1,Warm Up,full_body,none,1,normal,,,,,420.0
Workout_080,2024-11-26 00:26:35,Legs,2,Squat (Dumbbell),quadriceps,dumbbell,1,normal,0.0,30.0,,,
Workout_080,2024-11-26 00:26:35,Legs,2,Squat (Dumbbell),quadriceps,dumbbell,2,normal,5.0,30.0,,,
Workout_080,2024-11-26 00:26:35,Legs,2,Squat (Dumbbell),quadriceps,dumbbell,3,normal,10.0,20.0,,,
Workout_080,2024-11-26 00:26:35,Legs,3,Leg Press (Machine),quadriceps,machine,1,normal,60.0,20.0,,,
Workout_080,2024-11-26 00:26:35,Legs,3,Leg Press (Machine),quadriceps,machine,2,normal,70.0,20.0,,,
Workout_080,2024-11-26 00:26:35,Legs,3,Leg Press (Machine),quadriceps,machine,3,normal,80.0,20.0,,,
Workout_080,2024-11-26 00:26:35,Legs,4,Lunge,quadriceps,none,1,normal,,20.0,,,
Workout_080,2024-11-26 00:26:35,Legs,4,Lunge,quadriceps,none,2,normal,,20.0,,,
Workout_080,2024-11-26 00:26:35,Legs,4,Lunge,quadriceps,none,3,normal,,20.0,,,
Workout_080,2024-11-26 00:26:35,Legs,5,Leg Extension (Machine),quadriceps,machine,1,normal,30.0,25.0,,,
Workout_080,2024-11-26 00:26:35,Legs,5,Leg Extension (Machine),quadriceps,machine,2,normal,35.0,25.0,,,
Workout_080,2024-11-26 00:26:35,Legs,5,Leg Extension (Machine),quadriceps,machine,3,normal,40.0,25.0,,,
Workout_080,2024-11-26 00:26:35,Legs,6,Lying Leg Curl (Machine),hamstrings,machine,1,normal,28.0,20.0,,,
Workout_080,2024-11-26 00:26:35,Legs,6,Lying Leg Curl (Machine),hamstrings,machine,2,normal,28.0,20.0,,,
Workout_080,2024-11-26 00:26:35,Legs,6,Lying Leg Curl (Machine),hamstrings,machine,3,normal,28.0,15.0,,,
Workout_080,2024-11-26 00:26:35,Legs,7,Single Leg Standing Calf Raise,calves,none,1,normal,,40.0,,,
Workout_080,2024-11-26 00:26:35,Legs,7,Single Leg Standing Calf Raise,calves,none,2,normal,,40.0,,,
Workout_080,2024-11-26 00:26:35,Legs,7,Single Leg Standing Calf Raise,calves,none,3,normal,,40.0,,,
Workout_081,2024-11-27 00:26:34,Core,1,Warm Up,full_body,none,1,normal,,,,,600.0
Workout_081,2024-11-27 00:26:34,Core,2,Deadlift (Trap bar),glutes,barbell,1,normal,30.0,20.0,,,
Workout_081,2024-11-27 00:26:34,Core,2,Deadlift (Trap bar),glutes,barbell,2,normal,35.0,20.0,,,
Workout_081,2024-11-27 00:26:34,Core,2,Deadlift (Trap bar),glutes,barbell,3,normal,45.0,20.0,,,
Workout_081,2024-11-27 00:26:34,Core,3,Farmers Walk,full_body,other,1,normal,30.0,,,10.0,
Workout_081,2024-11-27 00:26:34,Core,3,Farmers Walk,full_body,other,2,normal,35.0,,,6.0,
Workout_081,2024-11-27 00:26:34,Core,3,Farmers Walk,full_body,other,3,normal,35.0,,,8.0,
Workout_081,2024-11-27 00:26:34,Core,4,Decline Crunch,abdominals,none,1,normal,,20.0,,,
Workout_081,2024-11-27 00:26:34,Core,4,Decline Crunch,abdominals,none,2,normal,,20.0,,,
Workout_081,2024-11-27 00:26:34,Core,4,Decline Crunch,abdominals,none,3,normal,,20.0,,,
Workout_081,2024-11-27 00:26:34,Core,5,Crunch,abdominals,none,1,normal,,20.0,,,
Workout_081,2024-11-27 00:26:34,Core,5,Crunch,abdominals,none,2,normal,,20.0,,,
Workout_081,2024-11-27 00:26:34,Core,5,Crunch,abdominals,none,3,normal,,20.0,,,
Workout_081,2024-11-27 00:26:34,Core,6,Ab Scissors,abdominals,none,1,normal,,30.0,,,
Workout_081,2024-11-27 00:26:34,Core,6,Ab Scissors,abdominals,none,2,normal,,25.0,,,
Workout_081,2024-11-27 00:26:34,Core,6,Ab Scissors,abdominals,none,3,normal,,30.0,,,
Workout_081,2024-11-27 00:26:34,Core,7,Plank,abdominals,none,1,normal,,,,,45.0
Workout_081,2024-11-27 00:26:34,Core,7,Plank,abdominals,none,2,normal,,,,,23.0
Workout_082,2024-11-28 00:30:21,Chest,1,Warm Up,full_body,none,1,normal,,,,,420.0
Workout_082,2024-11-28 00:30:21,Chest,2,Kneeling Push Up,chest,none,1,normal,,20.0,,,
Workout_082,2024-11-28 00:30:21,Chest,2,Kneeling Push Up,chest,none,2,normal,,17.0,,,
Workout_082,2024-11-28 00:30:21,Chest,2,Kneeling Push Up,chest,none,3,normal,,20.0,,,
Workout_082,2024-11-28 00:30:21,Chest,3,Bench Press (Barbell),chest,barbell,1,normal,35.0,20.0,,,
Workout_082,2024-11-28 00:30:21,Chest,3,Bench Press (Barbell),chest,barbell,2,normal,35.0,20.0,,,
Workout_082,2024-11-28 00:30:21,Chest,3,Bench Press (Barbell),chest,barbell,3,normal,40.0,10.0,,,
Workout_082,2024-11-28 00:30:21,Chest,4,Incline Bench Press (Dumbbell),chest,dumbbell,1,normal,15.0,20.0,,,
Workout_082,2024-11-28 00:30:21,Chest,4,Incline Bench Press (Dumbbell),chest,dumbbell,2,normal,20.0,10.0,,,
Workout_082,2024-11-28 00:30:21,Chest,4,Incline Bench Press (Dumbbell),chest,dumbbell,3,normal,20.0,14.0,,,
Workout_082,2024-11-28 00:30:21,Chest,5,Decline Bench Press (Barbell),chest,barbell,1,normal,35.0,20.0,,,
Workout_082,2024-11-28 00:30:21,Chest,5,Decline Bench Press (Barbell),chest,barbell,2,normal,35.0,17.0,,,
Workout_082,2024-11-28 00:30:21,Chest,5,Decline Bench Press (Barbell),chest,barbell,3,normal,40.0,20.0,,,
Workout_082,2024-11-28 00:30:21,Chest,6,Decline Chest Fly (Dumbbell),chest,dumbbell,1,normal,15.0,20.0,,,
Workout_082,2024-11-28 00:30:21,Chest,6,Decline Chest Fly (Dumbbell),chest,dumbbell,2,normal,15.0,20.0,,,
Workout_082,2024-11-28 00:30:21,Chest,6,Decline Chest Fly (Dumbbell),chest,dumbbell,3,normal,20.0,15.0,,,
Workout_082,2024-11-28 00:30:21,Chest,7,Cable Fly Crossovers,chest,machine,1,normal,24.0,20.0,,,
Workout_082,2024-11-28 00:30:21,Chest,7,Cable Fly Crossovers,chest,machine,2,normal,24.0,15.0,,,
Workout_082,2024-11-28 00:30:21,Chest,7,Cable Fly Crossovers,chest,machine,3,normal,24.0,12.0,,,
Workout_082,2024-11-28 00:30:21,Chest,8,Chest Fly (Machine),chest,machine,1,normal,35.0,20.0,,,
Workout_082,2024-11-28 00:30:21,Chest,8,Chest Fly (Machine),chest,machine,2,normal,35.0,20.0,,,
Workout_082,2024-11-28 00:30:21,Chest,8,Chest Fly (Machine),chest,machine,3,normal,42.0,10.0,,,
Workout_083,2024-11-30 00:30:28,Back,1,Warm Up,full_body,none,1,normal,,,,,385.0
Workout_083,2024-11-30 00:30:28,Back,2,Deadlift (Trap bar),glutes,barbell,1,normal,35.0,20.0,,,
Workout_083,2024-11-30 00:30:28,Back,2,Deadlift (Trap bar),glutes,barbell,2,normal,40.0,20.0,,,
Workout_083,2024-11-30 00:30:28,Back,2,Deadlift (Trap bar),glutes,barbell,3,normal,45.0,20.0,,,
Workout_083,2024-11-30 00:30:28,Back,3,Bent Over Row (Barbell),upper_back,barbell,1,normal,35.0,20.0,,,
Workout_083,2024-11-30 00:30:28,Back,3,Bent Over Row (Barbell),upper_back,barbell,2,normal,45.0,20.0,,,
Workout_083,2024-11-30 00:30:28,Back,3,Bent Over Row (Barbell),upper_back,barbell,3,normal,45.0,15.0,,,
Workout_083,2024-11-30 00:30:28,Back,4,Lat Pulldown (Cable),lats,machine,1,normal,35.0,20.0,,,
Workout_083,2024-11-30 00:30:28,Back,4,Lat Pulldown (Cable),lats,machine,2,normal,42.0,10.0,,,
Workout_083,2024-11-30 00:30:28,Back,4,Lat Pulldown (Cable),lats,machine,3,normal,42.0,15.0,,,
Workout_083,2024-11-30 00:30:28,Back,5,Seated Cable Row - V Grip (Cable),upper_back,machine,1,normal,35.0,20.0,,,
Workout_083,2024-11-30 00:30:28,Back,5,Seated Cable Row - V Grip (Cable),upper_back,machine,2,normal,42.0,20.0,,,
Workout_083,2024-11-30 00:30:28,Back,5,Seated Cable Row - V Grip (Cable),upper_back,machine,3,normal,42.0,20.0,,,
Workout_083,2024-11-30 00:30:28,Back,6,T Bar Row,upper_back,barbell,1,normal,15.0,20.0,,,
Workout_083,2024-11-30 00:30:28,Back,6,T Bar Row,upper_back,barbell,2,normal,20.0,15.0,,,
Workout_083,2024-11-30 00:30:28,Back,6,T Bar Row,upper_back,barbell,3,normal,20.0,15.0,,,
Workout_083,2024-11-30 00:30:28,Back,7,Dumbbell Row,lats,dumbbell,1,normal,15.0,20.0,,,
Workout_083,2024-11-30 00:30:28,Back,7,Dumbbell Row,lats,dumbbell,2,normal,20.0,20.0,,,
Workout_083,2024-11-30 00:30:28,Back,7,Dumbbell Row,lats,dumbbell,3,normal,20.0,20.0,,,
Workout_084,2024-12-02 00:22:53,Biceps,1,Warm Up,full_body,none,1,normal,,,,,413.0
Workout_084,2024-12-02 00:22:53,Biceps,2,Bicep Curl (Barbell),biceps,barbell,1,normal,20.0,25.0,,,
Workout_084,2024-12-02 00:22:53,Biceps,2,Bicep Curl (Barbell),biceps,barbell,2,normal,25.0,20.0,,,
Workout_084,2024-12-02 00:22:53,Biceps,2,Bicep Curl (Barbell),biceps,barbell,3,normal,30.0,15.0,,,
Workout_084,2024-12-02 00:22:53,Biceps,3,Hammer Curl (Dumbbell),biceps,dumbbell,1,normal,10.0,20.0,,,
Workout_084,2024-12-02 00:22:53,Biceps,3,Hammer Curl (Dumbbell),biceps,dumbbell,2,normal,15.0,20.0,,,
Workout_084,2024-12-02 00:22:53,Biceps,3,Hammer Curl (Dumbbell),biceps,dumbbell,3,normal,15.0,20.0,,,
Workout_084,2024-12-02 00:22:53,Biceps,4,Single Arm Curl (Cable),biceps,machine,1,normal,7.0,20.0,,,
Workout_084,2024-12-02 00:22:53,Biceps,4,Single Arm Curl (Cable),biceps,machine,2,normal,7.0,20.0,,,
Workout_084,2024-12-02 00:22:53,Biceps,4,Single Arm Curl (Cable),biceps,machine,3,normal,14.0,15.0,,,
Workout_084,2024-12-02 00:22:53,Biceps,5,Bicep Curl (Cable),biceps,machine,1,normal,28.0,20.0,,,
Workout_084,2024-12-02 00:22:53,Biceps,5,Bicep Curl (Cable),biceps,machine,2,normal,35.0,15.0,,,
Workout_084,2024-12-02 00:22:53,Biceps,5,Bicep Curl (Cable),biceps,machine,3,normal,35.0,10.0,,,
Workout_084,2024-12-02 00:22:53,Biceps,6,Seated Incline Curl (Dumbbell),biceps,dumbbell,1,normal,10.0,20.0,,,
Workout_084,2024-12-02 00:22:53,Biceps,6,Seated Incline Curl (Dumbbell),biceps,dumbbell,2,normal,10.0,20.0,,,
Workout_084,2024-12-02 00:22:53,Biceps,6,Seated Incline Curl (Dumbbell),biceps,dumbbell,3,normal,15.0,10.0,,,
Workout_084,2024-12-02 00:22:53,Biceps,7,Concentration Curl,biceps,dumbbell,1,normal,10.0,20.0,,,
Workout_084,2024-12-02 00:22:53,Biceps,7,Concentration Curl,biceps,dumbbell,2,normal,15.0,20.0,,,
Workout_084,2024-12-02 00:22:53,Biceps,7,Concentration Curl,biceps,dumbbell,3,normal,15.0,20.0,,,
Workout_085,2024-12-04 00:21:14,Shoulder,1,Warm Up,full_body,none,1,normal,,,,,388.0
Workout_085,2024-12-04 00:21:14,Shoulder,2,Shoulder Press (Machine Plates),shoulders,machine,1,normal,15.0,20.0,,,
Workout_085,2024-12-04 00:21:14,Shoulder,2,Shoulder Press (Machine Plates),shoulders,machine,2,normal,25.0,15.0,,,
Workout_085,2024-12-04 00:21:14,Shoulder,2,Shoulder Press (Machine Plates),shoulders,machine,3,normal,30.0,15.0,,,
Workout_085,2024-12-04 00:21:14,Shoulder,3,Front Raise (Dumbbell),shoulders,dumbbell,1,normal,5.0,20.0,,,
Workout_085,2024-12-04 00:21:14,Shoulder,3,Front Raise (Dumbbell),shoulders,dumbbell,2,normal,10.0,20.0,,,
Workout_085,2024-12-04 00:21:14,Shoulder,3,Front Raise (Dumbbell),shoulders,dumbbell,3,normal,10.0,20.0,,,
Workout_085,2024-12-04 00:21:14,Shoulder,4,Rear Delt Reverse Fly (Dumbbell),shoulders,dumbbell,1,normal,5.0,20.0,,,
Workout_085,2024-12-04 00:21:14,Shoulder,4,Rear Delt Reverse Fly (Dumbbell),shoulders,dumbbell,2,normal,10.0,15.0,,,
Workout_085,2024-12-04 00:21:14,Shoulder,4,Rear Delt Reverse Fly (Dumbbell),shoulders,dumbbell,3,normal,10.0,20.0,,,
Workout_085,2024-12-04 00:21:14,Shoulder,5,Face Pull,shoulders,machine,1,normal,35.0,20.0,,,
Workout_085,2024-12-04 00:21:14,Shoulder,5,Face Pull,shoulders,machine,2,normal,35.0,20.0,,,
Workout_085,2024-12-04 00:21:14,Shoulder,5,Face Pull,shoulders,machine,3,normal,42.0,15.0,,,
Workout_085,2024-12-04 00:21:14,Shoulder,6,Shrug (Dumbbell),traps,dumbbell,1,normal,20.0,20.0,,,
Workout_085,2024-12-04 00:21:14,Shoulder,6,Shrug (Dumbbell),traps,dumbbell,2,normal,25.0,20.0,,,
Workout_085,2024-12-04 00:21:14,Shoulder,6,Shrug (Dumbbell),traps,dumbbell,3,normal,30.0,20.0,,,
Workout_086,2024-12-05 00:28:30,Legs,1,Warm Up,full_body,none,1,normal,,,,,385.0
Workout_086,2024-12-05 00:28:30,Legs,2,Squat (Bodyweight),quadriceps,none,1,normal,,20.0,,,
Workout_086,2024-12-05 00:28:30,Legs,2,Squat (Bodyweight),quadriceps,none,2,normal,,20.0,,,
Workout_086,2024-12-05 00:28:30,Legs,2,Squat (Bodyweight),quadriceps,none,3,normal,,30.0,,,
Workout_086,2024-12-05 00:28:30,Legs,2,Squat (Bodyweight),quadriceps,none,4,normal,,30.0,,,
Workout_086,2024-12-05 00:28:30,Legs,3,Leg Press (Machine),quadriceps,machine,1,normal,70.0,20.0,,,
Workout_086,2024-12-05 00:28:30,Legs,3,Leg Press (Machine),quadriceps,machine,2,normal,80.0,20.0,,,
Workout_086,2024-12-05 00:28:30,Legs,3,Leg Press (Machine),quadriceps,machine,3,normal,90.0,20.0,,,
Workout_086,2024-12-05 00:28:30,Legs,4,Lunge,quadriceps,none,1,normal,,20.0,,,
Workout_086,2024-12-05 00:28:30,Legs,4,Lunge,quadriceps,none,2,normal,,20.0,,,
Workout_086,2024-12-05 00:28:30,Legs,4,Lunge,quadriceps,none,3,normal,,20.0,,,
Workout_086,2024-12-05 00:28:30,Legs,5,Leg Extension (Machine),quadriceps,machine,1,normal,35.0,20.0,,,
Workout_086,2024-12-05 00:28:30,Legs,5,Leg Extension (Machine),quadriceps,machine,2,normal,35.0,25.0,,,
Workout_086,2024-12-05 00:28:30,Legs,5,Leg Extension (Machine),quadriceps,machine,3,normal,40.0,20.0,,,
Workout_086,2024-12-05 00:28:30,Legs,6,Standing Leg Curls,calves,other,1,normal,15.0,20.0,,,
Workout_086,2024-12-05 00:28:30,Legs,6,Standing Leg Curls,calves,other,2,normal,15.0,25.0,,,
Workout_086,2024-12-05 00:28:30,Legs,6,Standing Leg Curls,calves,other,3,normal,20.0,20.0,,,
Workout_086,2024-12-05 00:28:30,Legs,7,Single Leg Standing Calf Raise,calves,none,1,normal,,50.0,,,
Workout_086,2024-12-05 00:28:30,Legs,7,Single Leg Standing Calf Raise,calves,none,2,normal,,50.0,,,
Workout_086,2024-12-05 00:28:30,Legs,7,Single Leg Standing Calf Raise,calves,none,3,normal,,50.0,,,
Workout_087,2024-12-07 00:28:12,Triceps,1,Warm Up,full_body,none,1,normal,,,,,473.0
Workout_087,2024-12-07 00:28:12,Triceps,2,Skullcrusher (Barbell),triceps,barbell,1,normal,17.5,20.0,,,
Workout_087,2024-12-07 00:28:12,Triceps,2,Skullcrusher (Barbell),triceps,barbell,2,normal,17.5,20.0,,,
Workout_087,2024-12-07 00:28:12,Triceps,2,Skullcrusher (Barbell),triceps,barbell,3,normal,17.5,20.0,,,
Workout_087,2024-12-07 00:28:12,Triceps,3,Triceps Rope Pushdown,triceps,machine,1,normal,21.0,20.0,,,
Workout_087,2024-12-07 00:28:12,Triceps,3,Triceps Rope Pushdown,triceps,machine,2,normal,28.0,20.0,,,
Workout_087,2024-12-07 00:28:12,Triceps,3,Triceps Rope Pushdown,triceps,machine,3,normal,35.0,10.0,,,
Workout_087,2024-12-07 00:28:12,Triceps,4,Triceps Pushdown,triceps,machine,1,normal,28.0,20.0,,,
Workout_087,2024-12-07 00:28:12,Triceps,4,Triceps Pushdown,triceps,machine,2,normal,35.0,20.0,,,
Workout_087,2024-12-07 00:28:12,Triceps,4,Triceps Pushdown,triceps,machine,3,normal,35.0,20.0,,,
Workout_087,2024-12-07 00:28:12,Triceps,5,Triceps Extension (Cable),triceps,machine,1,normal,28.0,20.0,,,
Workout_087,2024-12-07 00:28:12,Triceps,5,Triceps Extension (Cable),triceps,machine,2,normal,35.0,20.0,,,
Workout_087,2024-12-07 00:28:12,Triceps,5,Triceps Extension (Cable),triceps,machine,3,normal,35.0,20.0,,,
Workout_087,2024-12-07 00:28:12,Triceps,6,Triceps Kickback (Dumbbell),triceps,dumbbell,1,normal,10.0,20.0,,,
Workout_087,2024-12-07 00:28:12,Triceps,6,Triceps Kickback (Dumbbell),triceps,dumbbell,2,normal,15.0,20.0,,,
Workout_087,2024-12-07 00:28:12,Triceps,6,Triceps Kickback (Dumbbell),triceps,dumbbell,3,normal,15.0,20.0,,,
Workout_088,2024-12-08 00:26:22,Core,1,Warm Up,full_body,none,1,normal,,,,,409.0
Workout_088,2024-12-08 00:26:22,Core,2,Russian Twist (Weighted),abdominals,plate,1,normal,0.0,20.0,,,
Workout_088,2024-12-08 00:26:22,Core,2,Russian Twist (Weighted),abdominals,plate,2,normal,5.0,20.0,,,
Workout_088,2024-12-08 00:26:22,Core,2,Russian Twist (Weighted),abdominals,plate,3,normal,5.0,20.0,,,
Workout_088,2024-12-08 00:26:22,Core,3,Seated Leg Tuck,abdominals,none,1,normal,,20.0,,,
Workout_088,2024-12-08 00:26:22,Core,3,Seated Leg Tuck,abdominals,none,2,normal,,20.0,,,
Workout_088,2024-12-08 00:26:22,Core,3,Seated Leg Tuck,abdominals,none,3,normal,,20.0,,,
Workout_088,2024-12-08 00:26:22,Core,4,Lying Leg Raise,abdominals,none,1,normal,,20.0,,,
Workout_088,2024-12-08 00:26:22,Core,4,Lying Leg Raise,abdominals,none,2,normal,,20.0,,,
Workout_088,2024-12-08 00:26:22,Core,4,Lying Leg Raise,abdominals,none,3,normal,,20.0,,,
Workout_088,2024-12-08 00:26:22,Core,5,Ab Scissors,abdominals,none,1,normal,,30.0,,,
Workout_088,2024-12-08 00:26:22,Core,5,Ab Scissors,abdominals,none,2,normal,,30.0,,,
Workout_088,2024-12-08 00:26:22,Core,5,Ab Scissors,abdominals,none,3,normal,,20.0,,,
Workout_088,2024-12-08 00:26:22,Core,6,Side Bend (Dumbbell),abdominals,dumbbell,1,normal,42.0,20.0,,,
Workout_088,2024-12-08 00:26:22,Core,6,Side Bend (Dumbbell),abdominals,dumbbell,2,normal,42.0,20.0,,,
Workout_088,2024-12-08 00:26:22,Core,6,Side Bend (Dumbbell),abdominals,dumbbell,3,normal,56.0,20.0,,,
Workout_088,2024-12-08 00:26:22,Core,7,Plank,abdominals,none,1,normal,,,,,62.0
Workout_088,2024-12-08 00:26:22,Core,7,Plank,abdominals,none,2,normal,,,,,61.0
Workout_088,2024-12-08 00:26:22,Core,7,Plank,abdominals,none,3,normal,,,,,40.0
Workout_089,2024-12-09 00:25:37,Chest,1,Warm Up,full_body,none,1,normal,,,,,442.0
Workout_089,2024-12-09 00:25:37,Chest,2,Push Up,chest,none,1,normal,,20.0,,,
Workout_089,2024-12-09 00:25:37,Chest,3,Kneeling Push Up,chest,none,1,normal,,20.0,,,
Workout_089,2024-12-09 00:25:37,Chest,3,Kneeling Push Up,chest,none,2,normal,,20.0,,,
Workout_089,2024-12-09 00:25:37,Chest,4,Bench Press (Barbell),chest,barbell,1,normal,35.0,20.0,,,
Workout_089,2024-12-09 00:25:37,Chest,4,Bench Press (Barbell),chest,barbell,2,normal,35.0,20.0,,,
Workout_089,2024-12-09 00:25:37,Chest,4,Bench Press (Barbell),chest,barbell,3,normal,40.0,15.0,,,
Workout_089,2024-12-09 00:25:37,Chest,5,Incline Bench Press (Dumbbell),chest,dumbbell,1,normal,15.0,20.0,,,
Workout_089,2024-12-09 00:25:37,Chest,5,Incline Bench Press (Dumbbell),chest,dumbbell,2,normal,20.0,20.0,,,
Workout_089,2024-12-09 00:25:37,Chest,5,Incline Bench Press (Dumbbell),chest,dumbbell,3,normal,20.0,20.0,,,
Workout_089,2024-12-09 00:25:37,Chest,6,Decline Bench Press (Barbell),chest,barbell,1,normal,35.0,20.0,,,
Workout_089,2024-12-09 00:25:37,Chest,6,Decline Bench Press (Barbell),chest,barbell,2,normal,35.0,20.0,,,
Workout_089,2024-12-09 00:25:37,Chest,6,Decline Bench Press (Barbell),chest,barbell,3,normal,40.0,20.0,9.0,,
Workout_089,2024-12-09 00:25:37,Chest,7,Chest Fly (Dumbbell),chest,dumbbell,1,normal,15.0,20.0,,,
Workout_089,2024-12-09 00:25:37,Chest,7,Chest Fly (Dumbbell),chest,dumbbell,2,normal,15.0,20.0,,,
Workout_089,2024-12-09 00:25:37,Chest,7,Chest Fly (Dumbbell),chest,dumbbell,3,normal,20.0,15.0,,,
Workout_089,2024-12-09 00:25:37,Chest,8,Chest Fly (Machine),chest,machine,1,normal,35.0,20.0,,,
Workout_089,2024-12-09 00:25:37,Chest,8,Chest Fly (Machine),chest,machine,2,normal,35.0,20.0,,,
Workout_089,2024-12-09 00:25:37,Chest,8,Chest Fly (Machine),chest,machine,3,normal,42.0,15.0,,,
Workout_090,2024-12-10 00:25:00,Back,1,Warm Up,full_body,none,1,normal,,,,,471.0
Workout_090,2024-12-10 00:25:00,Back,2,Bent Over Row (Barbell),upper_back,barbell,1,normal,35.0,20.0,,,
Workout_090,2024-12-10 00:25:00,Back,2,Bent Over Row (Barbell),upper_back,barbell,2,normal,35.0,20.0,,,
Workout_090,2024-12-10 00:25:00,Back,2,Bent Over Row (Barbell),upper_back,barbell,3,normal,45.0,20.0,,,
Workout_090,2024-12-10 00:25:00,Back,3,Lat Pulldown (Machine),lats,machine,1,normal,15.0,20.0,,,
Workout_090,2024-12-10 00:25:00,Back,3,Lat Pulldown (Machine),lats,machine,2,normal,20.0,20.0,,,
Workout_090,2024-12-10 00:25:00,Back,3,Lat Pulldown (Machine),lats,machine,3,normal,30.0,20.0,,,
Workout_090,2024-12-10 00:25:00,Back,4,Seated Cable Row - Bar Grip,upper_back,machine,1,normal,49.0,15.0,,,
Workout_090,2024-12-10 00:25:00,Back,4,Seated Cable Row - Bar Grip,upper_back,machine,2,normal,49.0,20.0,,,
Workout_090,2024-12-10 00:25:00,Back,4,Seated Cable Row - Bar Grip,upper_back,machine,3,normal,56.0,20.0,,,
Workout_090,2024-12-10 00:25:00,Back,5,T Bar Row,upper_back,barbell,1,normal,20.0,20.0,,,
Workout_090,2024-12-10 00:25:00,Back,5,T Bar Row,upper_back,barbell,2,normal,20.0,15.0,,,
Workout_090,2024-12-10 00:25:00,Back,5,T Bar Row,upper_back,barbell,3,normal,25.0,10.0,,,
Workout_090,2024-12-10 00:25:00,Back,6,Dumbbell Row,lats,dumbbell,1,normal,20.0,20.0,,,
Workout_090,2024-12-10 00:25:00,Back,6,Dumbbell Row,lats,dumbbell,2,normal,20.0,20.0,,,
Workout_090,2024-12-10 00:25:00,Back,6,Dumbbell Row,lats,dumbbell,3,normal,25.0,20.0,,,
Workout_090,2024-12-10 00:25:00,Back,7,Iso-Lateral Row (Machine),upper_back,machine,1,normal,30.0,20.0,,,
Workout_090,2024-12-10 00:25:00,Back,7,Iso-Lateral Row (Machine),upper_back,machine,2,normal,40.0,10.0,,,
Workout_090,2024-12-10 00:25:00,Back,7,Iso-Lateral Row (Machine),upper_back,machine,3,normal,40.0,15.0,,,
Workout_091,2024-12-11 00:25:35,Biceps,1,Warm Up,full_body,none,1,normal,,,,,528.0
Workout_091,2024-12-11 00:25:35,Biceps,2,Bicep Curl (Barbell),biceps,barbell,1,normal,15.0,20.0,,,
Workout_091,2024-12-11 00:25:35,Biceps,2,Bicep Curl (Barbell),biceps,barbell,2,normal,25.0,15.0,,,
Workout_091,2024-12-11 00:25:35,Biceps,2,Bicep Curl (Barbell),biceps,barbell,3,normal,25.0,20.0,,,
Workout_091,2024-12-11 00:25:35,Biceps,2,Bicep Curl (Barbell),biceps,barbell,4,normal,30.0,10.0,,,
Workout_091,2024-12-11 00:25:35,Biceps,3,Hammer Curl (Dumbbell),biceps,dumbbell,1,normal,15.0,20.0,,,
Workout_091,2024-12-11 00:25:35,Biceps,3,Hammer Curl (Dumbbell),biceps,dumbbell,2,normal,15.0,20.0,,,
Workout_091,2024-12-11 00:25:35,Biceps,3,Hammer Curl (Dumbbell),biceps,dumbbell,3,normal,20.0,15.0,,,
Workout_091,2024-12-11 00:25:35,Biceps,4,Bicep Curl (Cable),biceps,machine,1,normal,28.0,10.0,,,
Workout_091,2024-12-11 00:25:35,Biceps,4,Bicep Curl (Cable),biceps,machine,2,normal,28.0,20.0,,,
Workout_091,2024-12-11 00:25:35,Biceps,4,Bicep Curl (Cable),biceps,machine,3,normal,35.0,10.0,,,
Workout_091,2024-12-11 00:25:35,Biceps,5,Bicep Curl (Cable),biceps,machine,1,normal,28.0,15.0,,,
Workout_091,2024-12-11 00:25:35,Biceps,5,Bicep Curl (Cable),biceps,machine,2,normal,28.0,20.0,,,
Workout_091,2024-12-11 00:25:35,Biceps,5,Bicep Curl (Cable),biceps,machine,3,normal,35.0,15.0,,,
Workout_091,2024-12-11 00:25:35,Biceps,6,Preacher Curl (Dumbbell),biceps,dumbbell,1,normal,15.0,20.0,,,
Workout_091,2024-12-11 00:25:35,Biceps,6,Preacher Curl (Dumbbell),biceps,dumbbell,2,normal,15.0,20.0,,,
Workout_091,2024-12-11 00:25:35,Biceps,6,Preacher Curl (Dumbbell),biceps,dumbbell,3,normal,20.0,15.0,,,
Workout_091,2024-12-11 00:25:35,Biceps,7,Concentration Curl,biceps,dumbbell,1,normal,15.0,20.0,,,
Workout_091,2024-12-11 00:25:35,Biceps,7,Concentration Curl,biceps,dumbbell,2,normal,15.0,15.0,,,
Workout_092,2024-12-12 00:33:01,Legs,1,Warm Up,full_body,none,1,normal,,,,,465.0
Workout_092,2024-12-12 00:33:01,Legs,2,Squat (Bodyweight),quadriceps,none,1,normal,,30.0,,,
Workout_092,2024-12-12 00:33:01,Legs,2,Squat (Bodyweight),quadriceps,none,2,normal,,35.0,,,
Workout_092,2024-12-12 00:33:01,Legs,2,Squat (Bodyweight),quadriceps,none,3,normal,,30.0,,,
Workout_092,2024-12-12 00:33:01,Legs,3,Lunge,quadriceps,none,1,normal,,20.0,,,
Workout_092,2024-12-12 00:33:01,Legs,3,Lunge,quadriceps,none,2,normal,,20.0,,,
Workout_092,2024-12-12 00:33:01,Legs,3,Lunge,quadriceps,none,3,normal,,20.0,,,
Workout_092,2024-12-12 00:33:01,Legs,4,Leg Press (Machine),quadriceps,machine,1,normal,80.0,20.0,,,
Workout_092,2024-12-12 00:33:01,Legs,4,Leg Press (Machine),quadriceps,machine,2,normal,80.0,20.0,,,
Workout_092,2024-12-12 00:33:01,Legs,4,Leg Press (Machine),quadriceps,machine,3,normal,100.0,20.0,,,
Workout_092,2024-12-12 00:33:01,Legs,5,Leg Extension (Machine),quadriceps,machine,1,normal,35.0,20.0,,,
Workout_092,2024-12-12 00:33:01,Legs,5,Leg Extension (Machine),quadriceps,machine,2,normal,40.0,20.0,,,
Workout_092,2024-12-12 00:33:01,Legs,5,Leg Extension (Machine),quadriceps,machine,3,normal,45.0,20.0,,,
Workout_092,2024-12-12 00:33:01,Legs,6,Standing Leg Curls,calves,other,1,normal,15.0,20.0,,,
Workout_092,2024-12-12 00:33:01,Legs,6,Standing Leg Curls,calves,other,2,normal,20.0,20.0,,,
Workout_092,2024-12-12 00:33:01,Legs,6,Standing Leg Curls,calves,other,3,normal,25.0,17.0,,,
Workout_092,2024-12-12 00:33:01,Legs,7,Single Leg Standing Calf Raise,calves,none,1,normal,,60.0,,,
Workout_092,2024-12-12 00:33:01,Legs,7,Single Leg Standing Calf Raise,calves,none,2,normal,,60.0,,,
Workout_092,2024-12-12 00:33:01,Legs,7,Single Leg Standing Calf Raise,calves,none,3,normal,,60.0,,,
Workout_093,2024-12-14 00:26:25,Shoulders,1,Warm Up,full_body,none,1,normal,,,,,405.0
Workout_093,2024-12-14 00:26:25,Shoulders,2,Overhead Press (Barbell),shoulders,barbell,1,normal,15.0,20.0,,,
Workout_093,2024-12-14 00:26:25,Shoulders,2,Overhead Press (Barbell),shoulders,barbell,2,normal,25.0,20.0,,,
Workout_093,2024-12-14 00:26:25,Shoulders,2,Overhead Press (Barbell),shoulders,barbell,3,normal,30.0,10.0,,,
Workout_093,2024-12-14 00:26:25,Shoulders,3,Front Raise (Dumbbell),shoulders,dumbbell,1,normal,10.0,20.0,,,
Workout_093,2024-12-14 00:26:25,Shoulders,3,Front Raise (Dumbbell),shoulders,dumbbell,2,normal,10.0,20.0,,,
Workout_093,2024-12-14 00:26:25,Shoulders,3,Front Raise (Dumbbell),shoulders,dumbbell,3,normal,15.0,15.0,,,
Workout_093,2024-12-14 00:26:25,Shoulders,4,Lateral Raise (Dumbbell),shoulders,dumbbell,1,normal,10.0,20.0,,,
Workout_093,2024-12-14 00:26:25,Shoulders,4,Lateral Raise (Dumbbell),shoulders,dumbbell,2,normal,10.0,20.0,,,
Workout_093,2024-12-14 00:26:25,Shoulders,4,Lateral Raise (Dumbbell),shoulders,dumbbell,3,normal,15.0,10.0,,,
Workout_093,2024-12-14 00:26:25,Shoulders,5,Rear Delt Reverse Fly (Machine),shoulders,machine,1,normal,28.0,20.0,,,
Workout_093,2024-12-14 00:26:25,Shoulders,5,Rear Delt Reverse Fly (Machine),shoulders,machine,2,normal,35.0,20.0,,,
Workout_093,2024-12-14 00:26:25,Shoulders,5,Rear Delt Reverse Fly (Machine),shoulders,machine,3,normal,35.0,20.0,,,
Workout_093,2024-12-14 00:26:25,Shoulders,6,Face Pull,shoulders,machine,1,normal,35.0,20.0,,,
Workout_093,2024-12-14 00:26:25,Shoulders,6,Face Pull,shoulders,machine,2,normal,42.0,20.0,,,
Workout_093,2024-12-14 00:26:25,Shoulders,6,Face Pull,shoulders,machine,3,normal,42.0,15.0,,,
Workout_093,2024-12-14 00:26:25,Shoulders,7,Shrug (Dumbbell),traps,dumbbell,1,normal,25.0,20.0,,,
Workout_093,2024-12-14 00:26:25,Shoulders,7,Shrug (Dumbbell),traps,dumbbell,2,normal,25.0,20.0,,,
Workout_093,2024-12-14 00:26:25,Shoulders,7,Shrug (Dumbbell),traps,dumbbell,3,normal,25.0,20.0,,,
Workout_094,2024-12-16 00:22:02,Chest,1,Warm Up,full_body,none,1,normal,,,,,425.0
Workout_094,2024-12-16 00:22:02,Chest,2,Push Up,chest,none,1,normal,,20.0,,,
Workout_094,2024-12-16 00:22:02,Chest,2,Push Up,chest,none,2,normal,,20.0,,,
Workout_094,2024-12-16 00:22:02,Chest,2,Push Up,chest,none,3,normal,,17.0,,,
Workout_094,2024-12-16 00:22:02,Chest,3,Bench Press (Barbell),chest,barbell,1,normal,35.0,20.0,,,
Workout_094,2024-12-16 00:22:02,Chest,3,Bench Press (Barbell),chest,barbell,2,normal,35.0,20.0,,,
Workout_094,2024-12-16 00:22:02,Chest,3,Bench Press (Barbell),chest,barbell,3,normal,35.0,20.0,,,
Workout_094,2024-12-16 00:22:02,Chest,4,Incline Bench Press (Barbell),chest,barbell,1,normal,30.0,20.0,,,
Workout_094,2024-12-16 00:22:02,Chest,4,Incline Bench Press (Barbell),chest,barbell,2,normal,30.0,20.0,,,
Workout_094,2024-12-16 00:22:02,Chest,4,Incline Bench Press (Barbell),chest,barbell,3,normal,35.0,10.0,,,
Workout_094,2024-12-16 00:22:02,Chest,5,Decline Bench Press (Dumbbell),chest,dumbbell,1,normal,15.0,20.0,,,
Workout_094,2024-12-16 00:22:02,Chest,5,Decline Bench Press (Dumbbell),chest,dumbbell,2,normal,15.0,20.0,,,
Workout_094,2024-12-16 00:22:02,Chest,5,Decline Bench Press (Dumbbell),chest,dumbbell,3,normal,20.0,10.0,,,
Workout_094,2024-12-16 00:22:02,Chest,6,Chest Fly (Dumbbell),chest,dumbbell,1,normal,15.0,20.0,,,
Workout_094,2024-12-16 00:22:02,Chest,6,Chest Fly (Dumbbell),chest,dumbbell,2,normal,15.0,20.0,,,
Workout_094,2024-12-16 00:22:02,Chest,6,Chest Fly (Dumbbell),chest,dumbbell,3,normal,20.0,15.0,,,
Workout_094,2024-12-16 00:22:02,Chest,7,Chest Fly (Machine),chest,machine,1,normal,35.0,20.0,,,
Workout_094,2024-12-16 00:22:02,Chest,7,Chest Fly (Machine),chest,machine,2,normal,35.0,20.0,,,
Workout_094,2024-12-16 00:22:02,Chest,7,Chest Fly (Machine),chest,machine,3,normal,42.0,15.0,,,
Workout_095,2024-12-17 00:27:58,Back,1,Warm Up,full_body,none,1,normal,,,,,503.0
Workout_095,2024-12-17 00:27:58,Back,2,Lat Pulldown (Cable),lats,machine,1,normal,21.0,20.0,,,
Workout_095,2024-12-17 00:27:58,Back,2,Lat Pulldown (Cable),lats,machine,2,normal,28.0,20.0,,,
Workout_095,2024-12-17 00:27:58,Back,2,Lat Pulldown (Cable),lats,machine,3,normal,35.0,10.0,,,
Workout_095,2024-12-17 00:27:58,Back,3,Seated Cable Row - Bar Grip,upper_back,machine,1,normal,38.0,20.0,,,
Workout_095,2024-12-17 00:27:58,Back,3,Seated Cable Row - Bar Grip,upper_back,machine,2,normal,49.0,20.0,,,
Workout_095,2024-12-17 00:27:58,Back,3,Seated Cable Row - Bar Grip,upper_back,machine,3,normal,56.0,20.0,,,
Workout_095,2024-12-17 00:27:58,Back,4,T Bar Row,upper_back,barbell,1,normal,20.0,20.0,,,
Workout_095,2024-12-17 00:27:58,Back,4,T Bar Row,upper_back,barbell,2,normal,20.0,20.0,,,
Workout_095,2024-12-17 00:27:58,Back,4,T Bar Row,upper_back,barbell,3,normal,25.0,10.0,,,
Workout_095,2024-12-17 00:27:58,Back,5,Dumbbell Row,lats,dumbbell,1,normal,20.0,20.0,,,
Workout_095,2024-12-17 00:27:58,Back,5,Dumbbell Row,lats,dumbbell,2,normal,20.0,20.0,,,
Workout_095,2024-12-17 00:27:58,Back,5,Dumbbell Row,lats,dumbbell,3,normal,25.0,15.0,,,
Workout_095,2024-12-17 00:27:58,Back,6,Iso-Lateral Row (Machine),upper_back,machine,1,normal,35.0,20.0,,,
Workout_095,2024-12-17 00:27:58,Back,6,Iso-Lateral Row (Machine),upper_back,machine,2,normal,35.0,20.0,,,
Workout_096,2024-12-18 00:25:54,Biceps,1,Warm Up,full_body,none,1,normal,,,,,414.0
Workout_096,2024-12-18 00:25:54,Biceps,2,Bicep Curl (Barbell),biceps,barbell,1,normal,15.0,20.0,,,
Workout_096,2024-12-18 00:25:54,Biceps,2,Bicep Curl (Barbell),biceps,barbell,2,normal,25.0,20.0,,,
Workout_096,2024-12-18 00:25:54,Biceps,2,Bicep Curl (Barbell),biceps,barbell,3,normal,25.0,20.0,,,
Workout_096,2024-12-18 00:25:54,Biceps,3,Hammer Curl (Dumbbell),biceps,dumbbell,1,normal,15.0,20.0,,,
Workout_096,2024-12-18 00:25:54,Biceps,3,Hammer Curl (Dumbbell),biceps,dumbbell,2,normal,15.0,20.0,,,
Workout_096,2024-12-18 00:25:54,Biceps,3,Hammer Curl (Dumbbell),biceps,dumbbell,3,normal,20.0,15.0,,,
Workout_096,2024-12-18 00:25:54,Biceps,4,Bicep Curl (Cable),biceps,machine,1,normal,21.0,20.0,,,
Workout_096,2024-12-18 00:25:54,Biceps,4,Bicep Curl (Cable),biceps,machine,2,normal,28.0,20.0,,,
Workout_096,2024-12-18 00:25:54,Biceps,4,Bicep Curl (Cable),biceps,machine,3,normal,35.0,10.0,,,
Workout_096,2024-12-18 00:25:54,Biceps,5,Bicep Curl (Cable),biceps,machine,1,normal,42.0,15.0,,,
Workout_096,2024-12-18 00:25:54,Biceps,5,Bicep Curl (Cable),biceps,machine,2,normal,28.0,20.0,,,
Workout_096,2024-12-18 00:25:54,Biceps,5,Bicep Curl (Cable),biceps,machine,3,normal,35.0,15.0,,,
Workout_096,2024-12-18 00:25:54,Biceps,6,Preacher Curl (Dumbbell),biceps,dumbbell,1,normal,15.0,20.0,,,
Workout_096,2024-12-18 00:25:54,Biceps,6,Preacher Curl (Dumbbell),biceps,dumbbell,2,normal,15.0,20.0,,,
Workout_096,2024-12-18 00:25:54,Biceps,6,Preacher Curl (Dumbbell),biceps,dumbbell,3,normal,20.0,15.0,,,
Workout_096,2024-12-18 00:25:54,Biceps,7,Reverse Curl (Cable),biceps,machine,1,normal,21.0,20.0,,,
Workout_096,2024-12-18 00:25:54,Biceps,7,Reverse Curl (Cable),biceps,machine,2,normal,28.0,20.0,,,
Workout_096,2024-12-18 00:25:54,Biceps,7,Reverse Curl (Cable),biceps,machine,3,normal,28.0,10.0,,,
Workout_097,2024-12-19 00:24:56,Shoulders,1,Warm Up,full_body,none,1,normal,,,,,427.0
Workout_097,2024-12-19 00:24:56,Shoulders,2,Seated Overhead Press (Barbell),shoulders,barbell,1,normal,20.0,20.0,,,
Workout_097,2024-12-19 00:24:56,Shoulders,2,Seated Overhead Press (Barbell),shoulders,barbell,2,normal,30.0,10.0,,,
Workout_097,2024-12-19 00:24:56,Shoulders,2,Seated Overhead Press (Barbell),shoulders,barbell,3,normal,30.0,10.0,,,
Workout_097,2024-12-19 00:24:56,Shoulders,3,Arnold Press (Dumbbell),shoulders,dumbbell,1,normal,10.0,20.0,,,
Workout_097,2024-12-19 00:24:56,Shoulders,3,Arnold Press (Dumbbell),shoulders,dumbbell,2,normal,10.0,20.0,,,
Workout_097,2024-12-19 00:24:56,Shoulders,3,Arnold Press (Dumbbell),shoulders,dumbbell,3,normal,10.0,20.0,,,
Workout_097,2024-12-19 00:24:56,Shoulders,4,Front Raise (Barbell),shoulders,barbell,1,normal,17.5,20.0,,,
Workout_097,2024-12-19 00:24:56,Shoulders,4,Front Raise (Barbell),shoulders,barbell,2,normal,17.5,20.0,,,
Workout_097,2024-12-19 00:24:56,Shoulders,4,Front Raise (Barbell),shoulders,barbell,3,normal,17.5,20.0,,,
Workout_097,2024-12-19 00:24:56,Shoulders,5,Lateral Raise (Dumbbell),shoulders,dumbbell,1,normal,10.0,20.0,,,
Workout_097,2024-12-19 00:24:56,Shoulders,5,Lateral Raise (Dumbbell),shoulders,dumbbell,2,normal,15.0,15.0,,,
Workout_097,2024-12-19 00:24:56,Shoulders,5,Lateral Raise (Dumbbell),shoulders,dumbbell,3,normal,15.0,15.0,,,
Workout_097,2024-12-19 00:24:56,Shoulders,6,Face Pull,shoulders,machine,1,normal,35.0,20.0,,,
Workout_097,2024-12-19 00:24:56,Shoulders,6,Face Pull,shoulders,machine,2,normal,42.0,20.0,,,
Workout_097,2024-12-19 00:24:56,Shoulders,6,Face Pull,shoulders,machine,3,normal,42.0,20.0,,,
Workout_097,2024-12-19 00:24:56,Shoulders,7,Shrug (Dumbbell),traps,dumbbell,1,normal,25.0,20.0,,,
Workout_097,2024-12-19 00:24:56,Shoulders,7,Shrug (Dumbbell),traps,dumbbell,2,normal,25.0,20.0,,,
Workout_097,2024-12-19 00:24:56,Shoulders,7,Shrug (Dumbbell),traps,dumbbell,3,normal,30.0,20.0,,,
Workout_098,2024-12-21 00:10:57,Triceps,1,Warm Up,full_body,none,1,normal,,,,,490.0
Workout_098,2024-12-21 00:10:57,Triceps,2,Skullcrusher (Barbell),triceps,barbell,1,normal,7.5,20.0,,,
Workout_098,2024-12-21 00:10:57,Triceps,2,Skullcrusher (Barbell),triceps,barbell,2,normal,17.5,20.0,,,
Workout_098,2024-12-21 00:10:57,Triceps,2,Skullcrusher (Barbell),triceps,barbell,3,normal,17.5,20.0,,,
Workout_098,2024-12-21 00:10:57,Triceps,3,Triceps Extension (Dumbbell),triceps,dumbbell,1,normal,12.5,20.0,,,
Workout_098,2024-12-21 00:10:57,Triceps,3,Triceps Extension (Dumbbell),triceps,dumbbell,2,normal,15.0,20.0,,,
Workout_098,2024-12-21 00:10:57,Triceps,3,Triceps Extension (Dumbbell),triceps,dumbbell,3,normal,15.0,20.0,,,
Workout_098,2024-12-21 00:10:57,Triceps,4,Single Arm Tricep Extension (Dumbbell),triceps,dumbbell,1,normal,15.0,20.0,,,
Workout_098,2024-12-21 00:10:57,Triceps,4,Single Arm Tricep Extension (Dumbbell),triceps,dumbbell,2,normal,15.0,20.0,,,
Workout_098,2024-12-21 00:10:57,Triceps,4,Single Arm Tricep Extension (Dumbbell),triceps,dumbbell,3,normal,15.0,20.0,,,
Workout_098,2024-12-21 00:10:57,Triceps,5,Triceps Pushdown,triceps,machine,1,normal,28.0,20.0,,,
Workout_098,2024-12-21 00:10:57,Triceps,5,Triceps Pushdown,triceps,machine,2,normal,35.0,15.0,,,
Workout_098,2024-12-21 00:10:57,Triceps,5,Triceps Pushdown,triceps,machine,3,normal,35.0,20.0,,,
Workout_098,2024-12-21 00:10:57,Triceps,6,Triceps Extension (Cable),triceps,machine,1,normal,28.0,20.0,,,
Workout_098,2024-12-21 00:10:57,Triceps,6,Triceps Extension (Cable),triceps,machine,2,normal,35.0,20.0,,,
Workout_098,2024-12-21 00:10:57,Triceps,6,Triceps Extension (Cable),triceps,machine,3,normal,35.0,20.0,,,
Workout_098,2024-12-21 00:10:57,Triceps,7,Triceps Kickback (Dumbbell),triceps,dumbbell,1,normal,15.0,20.0,,,
Workout_098,2024-12-21 00:10:57,Triceps,7,Triceps Kickback (Dumbbell),triceps,dumbbell,2,normal,15.0,20.0,,,
Workout_098,2024-12-21 00:10:57,Triceps,7,Triceps Kickback (Dumbbell),triceps,dumbbell,3,normal,20.0,10.0,,,
Workout_099,2024-12-22 00:22:26,Core,1,Warm Up,full_body,none,1,normal,,,,,435.0
Workout_099,2024-12-22 00:22:26,Core,2,Farmers Walk,full_body,other,1,normal,30.0,,,10.0,
Workout_099,2024-12-22 00:22:26,Core,2,Farmers Walk,full_body,other,2,normal,35.0,,,7.0,
Workout_099,2024-12-22 00:22:26,Core,2,Farmers Walk,full_body,other,3,normal,35.0,,,10.0,
Workout_099,2024-12-22 00:22:26,Core,3,Crunch,abdominals,none,1,normal,,20.0,,,
Workout_099,2024-12-22 00:22:26,Core,3,Crunch,abdominals,none,2,normal,,20.0,,,
Workout_099,2024-12-22 00:22:26,Core,3,Crunch,abdominals,none,3,normal,,20.0,,,
Workout_099,2024-12-22 00:22:26,Core,4,Bicycle Crunch,abdominals,none,1,normal,,15.0,,,
Workout_099,2024-12-22 00:22:26,Core,4,Bicycle Crunch,abdominals,none,2,normal,,20.0,,,
Workout_099,2024-12-22 00:22:26,Core,4,Bicycle Crunch,abdominals,none,3,normal,,20.0,,,
Workout_099,2024-12-22 00:22:26,Core,5,Lying Leg Raise,abdominals,none,1,normal,,25.0,,,
Workout_099,2024-12-22 00:22:26,Core,5,Lying Leg Raise,abdominals,none,2,normal,,25.0,,,
Workout_099,2024-12-22 00:22:26,Core,5,Lying Leg Raise,abdominals,none,3,normal,,16.0,,,
Workout_099,2024-12-22 00:22:26,Core,6,Mountain Climber,full_body,none,1,normal,,20.0,,,
Workout_099,2024-12-22 00:22:26,Core,6,Mountain Climber,full_body,none,2,normal,,20.0,,,
Workout_099,2024-12-22 00:22:26,Core,6,Mountain Climber,full_body,none,3,normal,,20.0,,,
Workout_099,2024-12-22 00:22:26,Core,7,Side Bend (Dumbbell),abdominals,dumbbell,1,normal,42.0,20.0,,,
Workout_099,2024-12-22 00:22:26,Core,7,Side Bend (Dumbbell),abdominals,dumbbell,2,normal,42.0,20.0,,,
Workout_099,2024-12-22 00:22:26,Core,7,Side Bend (Dumbbell),abdominals,dumbbell,3,normal,56.0,20.0,,,
Workout_100,2024-12-23 00:29:57,Chest,1,Warm Up,full_body,none,1,normal,,,,,521.0
Workout_100,2024-12-23 00:29:57,Chest,2,Incline Bench Press (Dumbbell),chest,dumbbell,1,normal,15.0,35.0,,,
Workout_100,2024-12-23 00:29:57,Chest,2,Incline Bench Press (Dumbbell),chest,dumbbell,2,normal,20.0,20.0,,,
Workout_100,2024-12-23 00:29:57,Chest,2,Incline Bench Press (Dumbbell),chest,dumbbell,3,normal,20.0,20.0,,,
Workout_100,2024-12-23 00:29:57,Chest,3,Bench Press (Barbell),chest,barbell,1,normal,30.0,20.0,,,
Workout_100,2024-12-23 00:29:57,Chest,3,Bench Press (Barbell),chest,barbell,2,normal,35.0,20.0,,,
Workout_100,2024-12-23 00:29:57,Chest,3,Bench Press (Barbell),chest,barbell,3,normal,35.0,20.0,,,
Workout_100,2024-12-23 00:29:57,Chest,4,Decline Bench Press (Barbell),chest,barbell,1,normal,35.0,20.0,,,
Workout_100,2024-12-23 00:29:57,Chest,4,Decline Bench Press (Barbell),chest,barbell,2,normal,35.0,20.0,,,
Workout_100,2024-12-23 00:29:57,Chest,4,Decline Bench Press (Barbell),chest,barbell,3,normal,40.0,20.0,,,
Workout_100,2024-12-23 00:29:57,Chest,5,Incline Chest Fly (Dumbbell),chest,dumbbell,1,normal,10.0,25.0,,,
Workout_100,2024-12-23 00:29:57,Chest,5,Incline Chest Fly (Dumbbell),chest,dumbbell,2,normal,15.0,20.0,,,
Workout_100,2024-12-23 00:29:57,Chest,5,Incline Chest Fly (Dumbbell),chest,dumbbell,3,normal,15.0,20.0,,,
Workout_100,2024-12-23 00:29:57,Chest,6,Cable Fly Crossovers,chest,machine,1,normal,28.0,20.0,,,
Workout_100,2024-12-23 00:29:57,Chest,6,Cable Fly Crossovers,chest,machine,2,normal,28.0,20.0,,,
Workout_100,2024-12-23 00:29:57,Chest,6,Cable Fly Crossovers,chest,machine,3,normal,42.0,7.0,,,
Workout_100,2024-12-23 00:29:57,Chest,7,Chest Fly (Machine),chest,machine,1,normal,35.0,20.0,,,
Workout_100,2024-12-23 00:29:57,Chest,7,Chest Fly (Machine),chest,machine,2,normal,35.0,20.0,,,
Workout_100,2024-12-23 00:29:57,Chest,7,Chest Fly (Machine),chest,machine,3,normal,42.0,10.0,,,
Workout_101,2024-12-25 00:22:58,Biceps,1,Warm Up,full_body,none,1,normal,,,,,459.0
Workout_101,2024-12-25 00:22:58,Biceps,2,Bicep Curl (Barbell),biceps,barbell,1,normal,25.0,20.0,,,
Workout_101,2024-12-25 00:22:58,Biceps,2,Bicep Curl (Barbell),biceps,barbell,2,normal,25.0,20.0,,,
Workout_101,2024-12-25 00:22:58,Biceps,2,Bicep Curl (Barbell),biceps,barbell,3,normal,25.0,20.0,,,
Workout_101,2024-12-25 00:22:58,Biceps,3,Bicep Curl (Dumbbell),biceps,dumbbell,1,normal,15.0,20.0,,,
Workout_101,2024-12-25 00:22:58,Biceps,3,Bicep Curl (Dumbbell),biceps,dumbbell,2,normal,15.0,20.0,,,
Workout_101,2024-12-25 00:22:58,Biceps,3,Bicep Curl (Dumbbell),biceps,dumbbell,3,normal,15.0,15.0,,,
Workout_101,2024-12-25 00:22:58,Biceps,4,Plate Curl,biceps,plate,1,normal,7.5,20.0,,,
Workout_101,2024-12-25 00:22:58,Biceps,4,Plate Curl,biceps,plate,2,normal,7.5,25.0,,,
Workout_101,2024-12-25 00:22:58,Biceps,4,Plate Curl,biceps,plate,3,normal,10.0,20.0,,,
Workout_101,2024-12-25 00:22:58,Biceps,5,Bicep Curl (Cable),biceps,machine,1,normal,21.0,20.0,,,
Workout_101,2024-12-25 00:22:58,Biceps,5,Bicep Curl (Cable),biceps,machine,2,normal,21.0,20.0,,,
Workout_101,2024-12-25 00:22:58,Biceps,5,Bicep Curl (Cable),biceps,machine,3,normal,21.0,25.0,,,
Workout_101,2024-12-25 00:22:58,Biceps,6,Reverse Curl (Barbell),biceps,barbell,1,normal,12.5,20.0,,,
Workout_101,2024-12-25 00:22:58,Biceps,6,Reverse Curl (Barbell),biceps,barbell,2,normal,12.5,20.0,,,
Workout_101,2024-12-25 00:22:58,Biceps,6,Reverse Curl (Barbell),biceps,barbell,3,normal,17.5,10.0,,,
Workout_102,2024-12-30 04:38:39,Morning workout ☀️,1,Warm Up,full_body,none,1,normal,,,,,420.0
Workout_103,2025-01-04 00:17:56,Circuit,1,Warm Up,full_body,none,1,normal,,,,,494.0
Workout_103,2025-01-04 00:17:56,Circuit,2,Bench Press (Barbell),chest,barbell,1,normal,20.0,20.0,,,
Workout_103,2025-01-04 00:17:56,Circuit,2,Bench Press (Barbell),chest,barbell,2,normal,25.0,20.0,,,
Workout_103,2025-01-04 00:17:56,Circuit,2,Bench Press (Barbell),chest,barbell,3,normal,30.0,20.0,,,
Workout_103,2025-01-04 00:17:56,Circuit,3,Chest Fly (Machine),chest,machine,1,normal,28.0,20.0,,,
Workout_103,2025-01-04 00:17:56,Circuit,3,Chest Fly (Machine),chest,machine,2,normal,28.0,20.0,,,
Workout_103,2025-01-04 00:17:56,Circuit,3,Chest Fly (Machine),chest,machine,3,normal,35.0,15.0,,,
Workout_103,2025-01-04 00:17:56,Circuit,4,Lat Pulldown (Cable),lats,machine,1,normal,28.0,20.0,,,
Workout_103,2025-01-04 00:17:56,Circuit,4,Lat Pulldown (Cable),lats,machine,2,normal,28.0,20.0,,,
Workout_103,2025-01-04 00:17:56,Circuit,4,Lat Pulldown (Cable),lats,machine,3,normal,35.0,15.0,,,
Workout_103,2025-01-04 00:17:56,Circuit,5,Iso-Lateral Row (Machine),upper_back,machine,1,normal,20.0,20.0,,,
Workout_103,2025-01-04 00:17:56,Circuit,5,Iso-Lateral Row (Machine),upper_back,machine,2,normal,20.0,20.0,,,
Workout_103,2025-01-04 00:17:56,Circuit,5,Iso-Lateral Row (Machine),upper_back,machine,3,normal,20.0,20.0,,,
Workout_103,2025-01-04 00:17:56,Circuit,6,Bicep Curl (Dumbbell),biceps,dumbbell,1,normal,10.0,20.0,,,
Workout_103,2025-01-04 00:17:56,Circuit,6,Bicep Curl (Dumbbell),biceps,dumbbell,2,normal,10.0,20.0,,,
Workout_103,2025-01-04 00:17:56,Circuit,6,Bicep Curl (Dumbbell),biceps,dumbbell,3,normal,15.0,15.0,,,
Workout_103,2025-01-04 00:17:56,Circuit,7,Hammer Curl (Dumbbell),biceps,dumbbell,1,normal,10.0,20.0,,,
Workout_103,2025-01-04 00:17:56,Circuit,7,Hammer Curl (Dumbbell),biceps,dumbbell,2,normal,10.0,20.0,,,
Workout_103,2025-01-04 00:17:56,Circuit,7,Hammer Curl (Dumbbell),biceps,dumbbell,3,normal,15.0,20.0,,,
Workout_104,2025-01-05 00:22:10,Morning workout ☀️,1,Warm Up,full_body,none,1,normal,,,,,408.0
Workout_104,2025-01-05 00:22:10,Morning workout ☀️,2,Overhead Press (Barbell),shoulders,barbell,1,normal,15.0,20.0,,,
Workout_104,2025-01-05 00:22:10,Morning workout ☀️,2,Overhead Press (Barbell),shoulders,barbell,2,normal,20.0,20.0,,,
Workout_104,2025-01-05 00:22:10,Morning workout ☀️,2,Overhead Press (Barbell),shoulders,barbell,3,normal,20.0,20.0,,,
Workout_104,2025-01-05 00:22:10,Morning workout ☀️,3,Front Raise (Dumbbell),shoulders,dumbbell,1,normal,10.0,20.0,,,
Workout_104,2025-01-05 00:22:10,Morning workout ☀️,3,Front Raise (Dumbbell),shoulders,dumbbell,2,normal,15.0,15.0,,,
Workout_104,2025-01-05 00:22:10,Morning workout ☀️,3,Front Raise (Dumbbell),shoulders,dumbbell,3,normal,15.0,20.0,,,
Workout_104,2025-01-05 00:22:10,Morning workout ☀️,4,Skullcrusher (Barbell),triceps,barbell,1,normal,7.5,20.0,,,
Workout_104,2025-01-05 00:22:10,Morning workout ☀️,4,Skullcrusher (Barbell),triceps,barbell,2,normal,12.5,20.0,,,
Workout_104,2025-01-05 00:22:10,Morning workout ☀️,4,Skullcrusher (Barbell),triceps,barbell,3,normal,12.5,20.0,,,
Workout_104,2025-01-05 00:22:10,Morning workout ☀️,5,Triceps Extension (Dumbbell),triceps,dumbbell,1,normal,7.5,20.0,,,
Workout_104,2025-01-05 00:22:10,Morning workout ☀️,5,Triceps Extension (Dumbbell),triceps,dumbbell,2,normal,10.0,20.0,,,
Workout_104,2025-01-05 00:22:10,Morning workout ☀️,5,Triceps Extension (Dumbbell),triceps,dumbbell,3,normal,10.0,20.0,,,
Workout_104,2025-01-05 00:22:10,Morning workout ☀️,6,Triceps Pushdown,triceps,machine,1,normal,21.0,20.0,,,
Workout_104,2025-01-05 00:22:10,Morning workout ☀️,6,Triceps Pushdown,triceps,machine,2,normal,28.0,20.0,,,
Workout_104,2025-01-05 00:22:10,Morning workout ☀️,6,Triceps Pushdown,triceps,machine,3,normal,28.0,20.0,,,
Workout_105,2025-01-07 00:28:30,Legs,1,Warm Up,full_body,none,1,normal,,,,,505.0
Workout_105,2025-01-07 00:28:30,Legs,2,Squat (Bodyweight),quadriceps,none,1,normal,,25.0,,,
Workout_105,2025-01-07 00:28:30,Legs,2,Squat (Bodyweight),quadriceps,none,2,normal,,20.0,,,
Workout_105,2025-01-07 00:28:30,Legs,2,Squat (Bodyweight),quadriceps,none,3,normal,,15.0,,,
Workout_105,2025-01-07 00:28:30,Legs,3,Leg Press (Machine),quadriceps,machine,1,normal,50.0,20.0,,,
Workout_105,2025-01-07 00:28:30,Legs,3,Leg Press (Machine),quadriceps,machine,2,normal,70.0,20.0,,,
Workout_105,2025-01-07 00:28:30,Legs,3,Leg Press (Machine),quadriceps,machine,3,normal,80.0,20.0,,,
Workout_105,2025-01-07 00:28:30,Legs,4,Leg Extension (Machine),quadriceps,machine,1,normal,21.0,20.0,,,
Workout_105,2025-01-07 00:28:30,Legs,4,Leg Extension (Machine),quadriceps,machine,2,normal,21.0,20.0,,,
Workout_105,2025-01-07 00:28:30,Legs,4,Leg Extension (Machine),quadriceps,machine,3,normal,28.0,10.0,,,
Workout_105,2025-01-07 00:28:30,Legs,5,Lying Leg Curl (Machine),hamstrings,machine,1,normal,21.0,20.0,,,
Workout_105,2025-01-07 00:28:30,Legs,5,Lying Leg Curl (Machine),hamstrings,machine,2,normal,21.0,10.0,,,
Workout_105,2025-01-07 00:28:30,Legs,5,Lying Leg Curl (Machine),hamstrings,machine,3,normal,21.0,15.0,,,
Workout_105,2025-01-07 00:28:30,Legs,6,Single Leg Standing Calf Raise,calves,none,1,normal,,50.0,,,
Workout_105,2025-01-07 00:28:30,Legs,6,Single Leg Standing Calf Raise,calves,none,2,normal,,50.0,,,
Workout_105,2025-01-07 00:28:30,Legs,6,Single Leg Standing Calf Raise,calves,none,3,normal,,50.0,,,
Workout_106,2025-01-08 00:30:44,Core,1,Warm Up,full_body,none,1,normal,,,,,476.0
Workout_106,2025-01-08 00:30:44,Core,2,Farmers Walk,full_body,other,1,normal,30.0,,,10.0,
Workout_106,2025-01-08 00:30:44,Core,2,Farmers Walk,full_body,other,2,normal,40.0,,,7.0,
Workout_106,2025-01-08 00:30:44,Core,2,Farmers Walk,full_body,other,3,normal,40.0,,,5.0,
Workout_106,2025-01-08 00:30:44,Core,3,Decline Crunch,abdominals,none,1,normal,,20.0,,,
Workout_106,2025-01-08 00:30:44,Core,3,Decline Crunch,abdominals,none,2,normal,,20.0,,,
Workout_106,2025-01-08 00:30:44,Core,3,Decline Crunch,abdominals,none,3,normal,,20.0,,,
Workout_106,2025-01-08 00:30:44,Core,4,Ab Scissors,abdominals,none,1,normal,,20.0,,,
Workout_106,2025-01-08 00:30:44,Core,4,Ab Scissors,abdominals,none,2,normal,,20.0,,,
Workout_106,2025-01-08 00:30:44,Core,4,Ab Scissors,abdominals,none,3,normal,,20.0,,,
Workout_106,2025-01-08 00:30:44,Core,5,Side Bend (Dumbbell),abdominals,dumbbell,1,normal,42.0,20.0,,,
Workout_106,2025-01-08 00:30:44,Core,5,Side Bend (Dumbbell),abdominals,dumbbell,2,normal,56.0,20.0,,,
Workout_106,2025-01-08 00:30:44,Core,5,Side Bend (Dumbbell),abdominals,dumbbell,3,normal,56.0,20.0,,,
Workout_107,2025-01-11 00:50:15,Morning workout ☀️,1,Warm Up,full_body,none,1,normal,,,,,375.0
Workout_107,2025-01-11 00:50:15,Morning workout ☀️,2,Bench Press (Barbell),chest,barbell,1,normal,30.0,20.0,,,
Workout_107,2025-01-11 00:50:15,Morning workout ☀️,2,Bench Press (Barbell),chest,barbell,2,normal,30.0,20.0,,,
Workout_107,2025-01-11 00:50:15,Morning workout ☀️,2,Bench Press (Barbell),chest,barbell,3,normal,30.0,20.0,,,
Workout_107,2025-01-11 00:50:15,Morning workout ☀️,3,Decline Bench Press (Barbell),chest,barbell,1,normal,30.0,20.0,,,
Workout_107,2025-01-11 00:50:15,Morning workout ☀️,3,Decline Bench Press (Barbell),chest,barbell,2,normal,35.0,20.0,,,
Workout_107,2025-01-11 00:50:15,Morning workout ☀️,3,Decline Bench Press (Barbell),chest,barbell,3,normal,35.0,20.0,,,
Workout_107,2025-01-11 00:50:15,Morning workout ☀️,4,Incline Chest Fly (Dumbbell),chest,dumbbell,1,normal,10.0,20.0,,,
Workout_107,2025-01-11 00:50:15,Morning workout ☀️,4,Incline Chest Fly (Dumbbell),chest,dumbbell,2,normal,15.0,20.0,,,
Workout_107,2025-01-11 00:50:15,Morning workout ☀️,4,Incline Chest Fly (Dumbbell),chest,dumbbell,3,normal,15.0,20.0,,,
Workout_108,2025-01-15 00:23:06,Shoulder,1,Warm Up,full_body,none,1,normal,,,,,509.0
Workout_108,2025-01-15 00:23:06,Shoulder,2,Overhead Press (Barbell),shoulders,barbell,1,normal,20.0,20.0,,,
Workout_108,2025-01-15 00:23:06,Shoulder,2,Overhead Press (Barbell),shoulders,barbell,2,normal,20.0,20.0,,,
Workout_108,2025-01-15 00:23:06,Shoulder,2,Overhead Press (Barbell),shoulders,barbell,3,normal,25.0,20.0,,,
Workout_108,2025-01-15 00:23:06,Shoulder,3,Arnold Press (Dumbbell),shoulders,dumbbell,1,normal,10.0,20.0,,,
Workout_108,2025-01-15 00:23:06,Shoulder,3,Arnold Press (Dumbbell),shoulders,dumbbell,2,normal,10.0,20.0,,,
Workout_108,2025-01-15 00:23:06,Shoulder,3,Arnold Press (Dumbbell),shoulders,dumbbell,3,normal,15.0,20.0,,,
Workout_108,2025-01-15 00:23:06,Shoulder,4,Front Raise (Barbell),shoulders,barbell,1,normal,7.5,20.0,,,
Workout_108,2025-01-15 00:23:06,Shoulder,4,Front Raise (Barbell),shoulders,barbell,2,normal,12.5,20.0,,,
Workout_108,2025-01-15 00:23:06,Shoulder,4,Front Raise (Barbell),shoulders,barbell,3,normal,12.5,20.0,,,
Workout_108,2025-01-15 00:23:06,Shoulder,5,Lateral Raise (Dumbbell),shoulders,dumbbell,1,normal,10.0,20.0,,,
Workout_108,2025-01-15 00:23:06,Shoulder,5,Lateral Raise (Dumbbell),shoulders,dumbbell,2,normal,10.0,20.0,,,
Workout_108,2025-01-15 00:23:06,Shoulder,5,Lateral Raise (Dumbbell),shoulders,dumbbell,3,normal,15.0,10.0,,,
Workout_109,2025-01-18 00:21:53,Triceps,1,Warm Up,full_body,none,1,normal,,,,,395.0
Workout_109,2025-01-18 00:21:53,Triceps,2,Skullcrusher (Barbell),triceps,barbell,1,normal,12.5,20.0,,,
Workout_109,2025-01-18 00:21:53,Triceps,2,Skullcrusher (Barbell),triceps,barbell,2,normal,17.5,20.0,,,
Workout_109,2025-01-18 00:21:53,Triceps,2,Skullcrusher (Barbell),triceps,barbell,3,normal,17.5,20.0,,,
Workout_109,2025-01-18 00:21:53,Triceps,3,Triceps Extension (Dumbbell),triceps,dumbbell,1,normal,10.0,20.0,,,
Workout_109,2025-01-18 00:21:53,Triceps,3,Triceps Extension (Dumbbell),triceps,dumbbell,2,normal,10.0,20.0,,,
Workout_109,2025-01-18 00:21:53,Triceps,3,Triceps Extension (Dumbbell),triceps,dumbbell,3,normal,15.0,10.0,,,
Workout_109,2025-01-18 00:21:53,Triceps,4,Triceps Pushdown,triceps,machine,1,normal,21.0,20.0,,,
Workout_109,2025-01-18 00:21:53,Triceps,4,Triceps Pushdown,triceps,machine,2,normal,28.0,20.0,,,
Workout_109,2025-01-18 00:21:53,Triceps,4,Triceps Pushdown,triceps,machine,3,normal,28.0,20.0,,,
Workout_109,2025-01-18 00:21:53,Triceps,5,Triceps Kickback (Dumbbell),triceps,dumbbell,1,normal,15.0,20.0,,,
Workout_109,2025-01-18 00:21:53,Triceps,5,Triceps Kickback (Dumbbell),triceps,dumbbell,2,normal,15.0,10.0,,,
Workout_110,2025-01-19 00:23:26,Shoulder,1,Warm Up,full_body,none,1,normal,,,,,359.0
Workout_110,2025-01-19 00:23:26,Shoulder,2,Lat Pulldown (Cable),lats,machine,1,normal,21.0,20.0,,,
Workout_110,2025-01-19 00:23:26,Shoulder,2,Lat Pulldown (Cable),lats,machine,2,normal,28.0,20.0,,,
Workout_110,2025-01-19 00:23:26,Shoulder,2,Lat Pulldown (Cable),lats,machine,3,normal,35.0,20.0,,,
Workout_110,2025-01-19 00:23:26,Shoulder,3,Seated Cable Row - V Grip (Cable),upper_back,machine,1,normal,35.0,20.0,,,
Workout_110,2025-01-19 00:23:26,Shoulder,3,Seated Cable Row - V Grip (Cable),upper_back,machine,2,normal,42.0,20.0,,,
Workout_110,2025-01-19 00:23:26,Shoulder,3,Seated Cable Row - V Grip (Cable),upper_back,machine,3,normal,42.0,20.0,,,
Workout_110,2025-01-19 00:23:26,Shoulder,4,Dumbbell Row,lats,dumbbell,1,normal,15.0,20.0,,,
Workout_110,2025-01-19 00:23:26,Shoulder,4,Dumbbell Row,lats,dumbbell,2,normal,15.0,20.0,,,
Workout_110,2025-01-19 00:23:26,Shoulder,5,Bent Over Row (Barbell),upper_back,barbell,1,normal,15.0,20.0,,,
Workout_110,2025-01-19 00:23:26,Shoulder,5,Bent Over Row (Barbell),upper_back,barbell,2,normal,25.0,20.0,,,
Workout_110,2025-01-19 00:23:26,Shoulder,5,Bent Over Row (Barbell),upper_back,barbell,3,normal,25.0,20.0,,,
Workout_111,2025-01-20 00:25:14,Biceps,1,Warm Up,full_body,none,1,normal,,,,,436.0
Workout_111,2025-01-20 00:25:14,Biceps,2,Bicep Curl (Barbell),biceps,barbell,1,normal,25.0,20.0,,,
Workout_111,2025-01-20 00:25:14,Biceps,2,Bicep Curl (Barbell),biceps,barbell,2,normal,25.0,20.0,,,
Workout_111,2025-01-20 00:25:14,Biceps,2,Bicep Curl (Barbell),biceps,barbell,3,normal,25.0,20.0,,,
Workout_111,2025-01-20 00:25:14,Biceps,3,Hammer Curl (Dumbbell),biceps,dumbbell,1,normal,10.0,20.0,,,
Workout_111,2025-01-20 00:25:14,Biceps,3,Hammer Curl (Dumbbell),biceps,dumbbell,2,normal,15.0,20.0,,,
Workout_111,2025-01-20 00:25:14,Biceps,3,Hammer Curl (Dumbbell),biceps,dumbbell,3,normal,15.0,20.0,,,
Workout_111,2025-01-20 00:25:14,Biceps,4,Bicep Curl (Cable),biceps,machine,1,normal,21.0,20.0,,,
Workout_111,2025-01-20 00:25:14,Biceps,4,Bicep Curl (Cable),biceps,machine,2,normal,28.0,20.0,,,
Workout_111,2025-01-20 00:25:14,Biceps,4,Bicep Curl (Cable),biceps,machine,3,normal,28.0,20.0,,,
Workout_112,2025-01-21 00:26:44,Shoulders,1,Warm Up,full_body,none,1,normal,,,,,414.0
Workout_112,2025-01-21 00:26:44,Shoulders,2,Overhead Press (Barbell),shoulders,barbell,1,normal,20.0,20.0,,,
Workout_112,2025-01-21 00:26:44,Shoulders,2,Overhead Press (Barbell),shoulders,barbell,2,normal,25.0,20.0,,,
Workout_112,2025-01-21 00:26:44,Shoulders,2,Overhead Press (Barbell),shoulders,barbell,3,normal,25.0,20.0,,,
Workout_112,2025-01-21 00:26:44,Shoulders,3,Front Raise (Dumbbell),shoulders,dumbbell,1,normal,10.0,20.0,,,
Workout_112,2025-01-21 00:26:44,Shoulders,3,Front Raise (Dumbbell),shoulders,dumbbell,2,normal,15.0,20.0,,,
Workout_112,2025-01-21 00:26:44,Shoulders,3,Front Raise (Dumbbell),shoulders,dumbbell,3,normal,15.0,20.0,,,
Workout_112,2025-01-21 00:26:44,Shoulders,4,Lateral Raise (Dumbbell),shoulders,dumbbell,1,normal,10.0,20.0,,,
Workout_112,2025-01-21 00:26:44,Shoulders,4,Lateral Raise (Dumbbell),shoulders,dumbbell,2,normal,15.0,20.0,,,
Workout_112,2025-01-21 00:26:44,Shoulders,4,Lateral Raise (Dumbbell),shoulders,dumbbell,3,normal,15.0,20.0,,,
Workout_112,2025-01-21 00:26:44,Shoulders,5,Face Pull,shoulders,machine,1,normal,35.0,20.0,,,
Workout_112,2025-01-21 00:26:44,Shoulders,5,Face Pull,shoulders,machine,2,normal,42.0,20.0,,,
Workout_112,2025-01-21 00:26:44,Shoulders,5,Face Pull,shoulders,machine,3,normal,42.0,20.0,,,
Workout_112,2025-01-21 00:26:44,Shoulders,6,Shrug (Dumbbell),traps,dumbbell,1,normal,25.0,25.0,,,
Workout_112,2025-01-21 00:26:44,Shoulders,6,Shrug (Dumbbell),traps,dumbbell,2,normal,25.0,25.0,,,
Workout_112,2025-01-21 00:26:44,Shoulders,6,Shrug (Dumbbell),traps,dumbbell,3,normal,30.0,25.0,,,
Workout_113,2025-05-18 01:05:07,Morning workout ☀️,1,Walking Lunge,quadriceps,none,1,normal,,25.0,,,
Workout_113,2025-05-18 01:05:07,Morning workout ☀️,1,Walking Lunge,quadriceps,none,2,normal,,22.0,,,
Workout_113,2025-05-18 01:05:07,Morning workout ☀️,1,Walking Lunge,quadriceps,none,3,normal,,23.0,,,
Workout_113,2025-05-18 01:05:07,Morning workout ☀️,2,Overhead Press (Dumbbell),shoulders,dumbbell,1,normal,10.0,20.0,,,
Workout_113,2025-05-18 01:05:07,Morning workout ☀️,2,Overhead Press (Dumbbell),shoulders,dumbbell,2,normal,10.0,20.0,,,
Workout_113,2025-05-18 01:05:07,Morning workout ☀️,2,Overhead Press (Dumbbell),shoulders,dumbbell,3,normal,10.0,20.0,,,
Workout_113,2025-05-18 01:05:07,Morning workout ☀️,3,Lat Pulldown (Cable),lats,machine,1,normal,21.0,20.0,,,
Workout_113,2025-05-18 01:05:07,Morning workout ☀️,3,Lat Pulldown (Cable),lats,machine,2,normal,28.0,20.0,,,
Workout_113,2025-05-18 01:05:07,Morning workout ☀️,3,Lat Pulldown (Cable),lats,machine,3,normal,28.0,15.0,,,
Workout_113,2025-05-18 01:05:07,Morning workout ☀️,4,Stair Machine (Floors),cardio,machine,1,normal,,,,,425.0
Workout_114,2025-05-20 02:21:32,Morning workout ☀️,1,Warm Up,full_body,none,1,normal,,,,,420.0
Workout_114,2025-05-20 02:21:32,Morning workout ☀️,2,Overhead Press (Barbell),shoulders,barbell,1,normal,15.0,20.0,,,
Workout_114,2025-05-20 02:21:32,Morning workout ☀️,2,Overhead Press (Barbell),shoulders,barbell,2,normal,15.0,20.0,,,
Workout_114,2025-05-20 02:21:32,Morning workout ☀️,2,Overhead Press (Barbell),shoulders,barbell,3,normal,15.0,20.0,,,
Workout_114,2025-05-20 02:21:32,Morning workout ☀️,3,Lateral Raise (Dumbbell),shoulders,dumbbell,1,normal,5.0,20.0,,,
Workout_114,2025-05-20 02:21:32,Morning workout ☀️,3,Lateral Raise (Dumbbell),shoulders,dumbbell,2,normal,5.0,20.0,,,
Workout_114,2025-05-20 02:21:32,Morning workout ☀️,3,Lateral Raise (Dumbbell),shoulders,dumbbell,3,normal,10.0,20.0,,,
Workout_114,2025-05-20 02:21:32,Morning workout ☀️,4,Face Pull,shoulders,machine,1,normal,15.0,20.0,,,
Workout_114,2025-05-20 02:21:32,Morning workout ☀️,4,Face Pull,shoulders,machine,2,normal,15.0,20.0,,,
Workout_114,2025-05-20 02:21:32,Morning workout ☀️,4,Face Pull,shoulders,machine,3,normal,20.0,20.0,,,
Workout_114,2025-05-20 02:21:32,Morning workout ☀️,5,Burpee,full_body,none,1,normal,,5.0,,,
Workout_114,2025-05-20 02:21:32,Morning workout ☀️,5,Burpee,full_body,none,2,normal,,5.0,,,
Workout_114,2025-05-20 02:21:32,Morning workout ☀️,5,Burpee,full_body,none,3,normal,,5.0,,,
Workout_114,2025-05-20 02:21:32,Morning workout ☀️,6,Plank,abdominals,none,1,normal,,,,,60.0
Workout_114,2025-05-20 02:21:32,Morning workout ☀️,6,Plank,abdominals,none,2,normal,,,,,60.0
Workout_114,2025-05-20 02:21:32,Morning workout ☀️,6,Plank,abdominals,none,3,normal,,,,,60.0
Workout_114,2025-05-20 02:21:32,Morning workout ☀️,7,Spinning,cardio,machine,1,normal,,,,,600.0
Workout_115,2025-05-21 00:46:47,Morning workout ☀️,1,Warm Up,full_body,none,1,normal,,,,,420.0
Workout_115,2025-05-21 00:46:47,Morning workout ☀️,2,Plank,abdominals,none,1,normal,,,,,182.0
Workout_115,2025-05-21 00:46:47,Morning workout ☀️,2,Plank,abdominals,none,2,normal,,,,,121.0
Workout_115,2025-05-21 00:46:47,Morning workout ☀️,2,Plank,abdominals,none,3,normal,,,,,121.0
Workout_115,2025-05-21 00:46:47,Morning workout ☀️,3,Side Bend (Dumbbell),abdominals,dumbbell,1,normal,30.0,30.0,,,
Workout_115,2025-05-21 00:46:47,Morning workout ☀️,3,Side Bend (Dumbbell),abdominals,dumbbell,2,normal,30.0,30.0,,,
Workout_115,2025-05-21 00:46:47,Morning workout ☀️,3,Side Bend (Dumbbell),abdominals,dumbbell,3,normal,30.0,30.0,,,
Workout_115,2025-05-21 00:46:47,Morning workout ☀️,4,Spinning,cardio,machine,1,normal,,,,,302.0
Workout_116,2025-05-23 23:44:12,Morning workout ☀️,1,Warm Up,full_body,none,1,normal,,,,,300.0
Workout_116,2025-05-23 23:44:12,Morning workout ☀️,2,Iso-Lateral Chest Press (Machine),chest,machine,1,normal,20.0,10.0,,,
Workout_116,2025-05-23 23:44:12,Morning workout ☀️,2,Iso-Lateral Chest Press (Machine),chest,machine,2,normal,20.0,10.0,,,
Workout_116,2025-05-23 23:44:12,Morning workout ☀️,2,Iso-Lateral Chest Press (Machine),chest,machine,3,normal,20.0,10.0,,,
Workout_117,2025-06-11 00:17:34,Morning workout ☀️,1,Spinning,cardio,machine,1,normal,,,,,600.0
Workout_117,2025-06-11 00:17:34,Morning workout ☀️,2,Lat Pulldown (Cable),lats,machine,1,normal,30.0,20.0,,,
Workout_117,2025-06-11 00:17:34,Morning workout ☀️,2,Lat Pulldown (Cable),lats,machine,2,normal,35.0,15.0,,,
Workout_117,2025-06-11 00:17:34,Morning workout ☀️,2,Lat Pulldown (Cable),lats,machine,3,normal,35.0,15.0,,,
Workout_117,2025-06-11 00:17:34,Morning workout ☀️,2,Lat Pulldown (Cable),lats,machine,4,normal,35.0,12.0,,,
Workout_117,2025-06-11 00:17:34,Morning workout ☀️,3,Iso-Lateral Row (Machine),upper_back,machine,1,normal,30.0,15.0,,,
Workout_117,2025-06-11 00:17:34,Morning workout ☀️,3,Iso-Lateral Row (Machine),upper_back,machine,2,normal,30.0,15.0,,,
Workout_117,2025-06-11 00:17:34,Morning workout ☀️,3,Iso-Lateral Row (Machine),upper_back,machine,3,normal,30.0,15.0,,,
Workout_117,2025-06-11 00:17:34,Morning workout ☀️,3,Iso-Lateral Row (Machine),upper_back,machine,4,normal,30.0,15.0,,,
Workout_117,2025-06-11 00:17:34,Morning workout ☀️,4,Back Extension (Hyperextension),lower_back,machine,1,normal,,15.0,,,
Workout_117,2025-06-11 00:17:34,Morning workout ☀️,4,Back Extension (Hyperextension),lower_back,machine,2,normal,,15.0,,,
Workout_117,2025-06-11 00:17:34,Morning workout ☀️,4,Back Extension (Hyperextension),lower_back,machine,3,normal,,15.0,,,
Workout_117,2025-06-11 00:17:34,Morning workout ☀️,4,Back Extension (Hyperextension),lower_back,machine,4,normal,,15.0,,,
Workout_117,2025-06-11 00:17:34,Morning workout ☀️,5,T Bar Row,upper_back,barbell,1,normal,20.0,15.0,,,
Workout_117,2025-06-11 00:17:34,Morning workout ☀️,5,T Bar Row,upper_back,barbell,2,normal,20.0,15.0,,,
Workout_117,2025-06-11 00:17:34,Morning workout ☀️,5,T Bar Row,upper_back,barbell,3,normal,25.0,12.0,,,
Workout_117,2025-06-11 00:17:34,Morning workout ☀️,5,T Bar Row,upper_back,barbell,4,normal,25.0,12.0,,,
Workout_117,2025-06-11 00:17:34,Morning workout ☀️,6,Iso-Lateral High Row (Machine),lats,machine,1,normal,15.0,15.0,,,
Workout_117,2025-06-11 00:17:34,Morning workout ☀️,6,Iso-Lateral High Row (Machine),lats,machine,2,normal,10.0,15.0,,,
Workout_117,2025-06-11 00:17:34,Morning workout ☀️,6,Iso-Lateral High Row (Machine),lats,machine,3,normal,15.0,12.0,,,
Workout_118,2025-06-11 23:33:09,Morning workout ☀️,1,Warm Up,full_body,none,1,normal,,,,,300.0
Workout_118,2025-06-11 23:33:09,Morning workout ☀️,2,Bench Press (Barbell),chest,barbell,1,normal,30.0,15.0,,,
Workout_118,2025-06-11 23:33:09,Morning workout ☀️,2,Bench Press (Barbell),chest,barbell,2,normal,30.0,15.0,,,
Workout_118,2025-06-11 23:33:09,Morning workout ☀️,2,Bench Press (Barbell),chest,barbell,3,normal,35.0,15.0,,,
Workout_118,2025-06-11 23:33:09,Morning workout ☀️,2,Bench Press (Barbell),chest,barbell,4,normal,35.0,15.0,,,
Workout_118,2025-06-11 23:33:09,Morning workout ☀️,3,Incline Bench Press (Barbell),chest,barbell,1,normal,30.0,15.0,,,
Workout_118,2025-06-11 23:33:09,Morning workout ☀️,3,Incline Bench Press (Barbell),chest,barbell,2,normal,30.0,15.0,,,
Workout_118,2025-06-11 23:33:09,Morning workout ☀️,3,Incline Bench Press (Barbell),chest,barbell,3,normal,25.0,15.0,,,
Workout_118,2025-06-11 23:33:09,Morning workout ☀️,3,Incline Bench Press (Barbell),chest,barbell,4,normal,25.0,15.0,,,
Workout_118,2025-06-11 23:33:09,Morning workout ☀️,4,Bench Press (Dumbbell),chest,dumbbell,1,normal,10.0,15.0,,,
Workout_118,2025-06-11 23:33:09,Morning workout ☀️,4,Bench Press (Dumbbell),chest,dumbbell,2,normal,10.0,15.0,,,
Workout_118,2025-06-11 23:33:09,Morning workout ☀️,4,Bench Press (Dumbbell),chest,dumbbell,3,normal,15.0,15.0,,,
Workout_118,2025-06-11 23:33:09,Morning workout ☀️,4,Bench Press (Dumbbell),chest,dumbbell,4,normal,20.0,15.0,,,
Workout_118,2025-06-11 23:33:09,Morning workout ☀️,5,Iso-Lateral Chest Press (Machine),chest,machine,1,normal,5.0,15.0,,,
Workout_118,2025-06-11 23:33:09,Morning workout ☀️,5,Iso-Lateral Chest Press (Machine),chest,machine,2,normal,10.0,15.0,,,
Workout_118,2025-06-11 23:33:09,Morning workout ☀️,5,Iso-Lateral Chest Press (Machine),chest,machine,3,normal,10.0,15.0,,,
Workout_118,2025-06-11 23:33:09,Morning workout ☀️,5,Iso-Lateral Chest Press (Machine),chest,machine,4,normal,15.0,10.0,,,
Workout_118,2025-06-11 23:33:09,Morning workout ☀️,6,Seated Dip Machine,triceps,machine,1,normal,20.0,15.0,,,
Workout_118,2025-06-11 23:33:09,Morning workout ☀️,6,Seated Dip Machine,triceps,machine,2,normal,20.0,15.0,,,
Workout_118,2025-06-11 23:33:09,Morning workout ☀️,6,Seated Dip Machine,triceps,machine,3,normal,20.0,15.0,,,
Workout_118,2025-06-11 23:33:09,Morning workout ☀️,6,Seated Dip Machine,triceps,machine,4,normal,20.0,15.0,,,
Workout_118,2025-06-11 23:33:09,Morning workout ☀️,7,Chest Press (Machine),chest,machine,1,normal,15.0,15.0,,,
Workout_118,2025-06-11 23:33:09,Morning workout ☀️,7,Chest Press (Machine),chest,machine,2,normal,15.0,15.0,,,
Workout_118,2025-06-11 23:33:09,Morning workout ☀️,7,Chest Press (Machine),chest,machine,3,normal,15.0,15.0,,,
Workout_118,2025-06-11 23:33:09,Morning workout ☀️,7,Chest Press (Machine),chest,machine,4,normal,15.0,15.0,,,
Workout_118,2025-06-11 23:33:09,Morning workout ☀️,8,Treadmill,cardio,machine,1,normal,,,,1000.0,716.0
Workout_119,2025-06-13 23:53:41,Morning workout ☀️,1,Warm Up,full_body,none,1,normal,,,,,420.0
Workout_119,2025-06-13 23:53:41,Morning workout ☀️,2,Lat Pulldown (Cable),lats,machine,1,normal,30.0,15.0,,,
Workout_119,2025-06-13 23:53:41,Morning workout ☀️,2,Lat Pulldown (Cable),lats,machine,2,normal,35.0,15.0,,,
Workout_119,2025-06-13 23:53:41,Morning workout ☀️,2,Lat Pulldown (Cable),lats,machine,3,normal,35.0,15.0,,,
Workout_119,2025-06-13 23:53:41,Morning workout ☀️,2,Lat Pulldown (Cable),lats,machine,4,normal,35.0,15.0,,,
Workout_119,2025-06-13 23:53:41,Morning workout ☀️,3,Iso-Lateral Row (Machine),upper_back,machine,1,normal,30.0,15.0,,,
Workout_119,2025-06-13 23:53:41,Morning workout ☀️,3,Iso-Lateral Row (Machine),upper_back,machine,2,normal,30.0,15.0,,,
Workout_119,2025-06-13 23:53:41,Morning workout ☀️,3,Iso-Lateral Row (Machine),upper_back,machine,3,normal,30.0,15.0,,,
Workout_119,2025-06-13 23:53:41,Morning workout ☀️,3,Iso-Lateral Row (Machine),upper_back,machine,4,normal,30.0,15.0,,,
Workout_119,2025-06-13 23:53:41,Morning workout ☀️,4,Back Extension (Hyperextension),lower_back,machine,1,normal,,15.0,,,
Workout_119,2025-06-13 23:53:41,Morning workout ☀️,4,Back Extension (Hyperextension),lower_back,machine,2,normal,,15.0,,,
Workout_119,2025-06-13 23:53:41,Morning workout ☀️,4,Back Extension (Hyperextension),lower_back,machine,3,normal,,15.0,,,
Workout_119,2025-06-13 23:53:41,Morning workout ☀️,4,Back Extension (Hyperextension),lower_back,machine,4,normal,,10.0,,,
Workout_119,2025-06-13 23:53:41,Morning workout ☀️,5,T Bar Row,upper_back,barbell,1,normal,25.0,12.0,,,
Workout_119,2025-06-13 23:53:41,Morning workout ☀️,5,T Bar Row,upper_back,barbell,2,normal,20.0,15.0,,,
Workout_119,2025-06-13 23:53:41,Morning workout ☀️,5,T Bar Row,upper_back,barbell,3,normal,20.0,12.0,,,
Workout_119,2025-06-13 23:53:41,Morning workout ☀️,5,T Bar Row,upper_back,barbell,4,normal,20.0,10.0,,,
Workout_119,2025-06-13 23:53:41,Morning workout ☀️,6,Bicep Curl (Barbell),biceps,barbell,1,normal,15.0,15.0,,,
Workout_119,2025-06-13 23:53:41,Morning workout ☀️,6,Bicep Curl (Barbell),biceps,barbell,2,normal,20.0,10.0,,,
Workout_119,2025-06-13 23:53:41,Morning workout ☀️,6,Bicep Curl (Barbell),biceps,barbell,3,normal,20.0,15.0,,,
Workout_119,2025-06-13 23:53:41,Morning workout ☀️,6,Bicep Curl (Barbell),biceps,barbell,4,normal,20.0,15.0,,,
Workout_119,2025-06-13 23:53:41,Morning workout ☀️,7,Treadmill,cardio,machine,1,normal,,,,1000.0,716.0
Workout_120,2025-06-14 23:55:09,Morning workout ☀️,1,Warm Up,full_body,none,1,normal,,,,,303.0
Workout_120,2025-06-14 23:55:09,Morning workout ☀️,2,Squat (Bodyweight),quadriceps,none,1,normal,,15.0,,,
Workout_120,2025-06-14 23:55:09,Morning workout ☀️,2,Squat (Bodyweight),quadriceps,none,2,normal,,15.0,,,
Workout_120,2025-06-14 23:55:09,Morning workout ☀️,2,Squat (Bodyweight),quadriceps,none,3,normal,,15.0,,,
Workout_120,2025-06-14 23:55:09,Morning workout ☀️,2,Squat (Bodyweight),quadriceps,none,4,normal,,5.0,,,
Workout_120,2025-06-14 23:55:09,Morning workout ☀️,3,Leg Press (Machine),quadriceps,machine,1,normal,30.0,15.0,,,
Workout_120,2025-06-14 23:55:09,Morning workout ☀️,3,Leg Press (Machine),quadriceps,machine,2,normal,40.0,15.0,,,
Workout_120,2025-06-14 23:55:09,Morning workout ☀️,3,Leg Press (Machine),quadriceps,machine,3,normal,40.0,15.0,,,
Workout_120,2025-06-14 23:55:09,Morning workout ☀️,3,Leg Press (Machine),quadriceps,machine,4,normal,40.0,15.0,,,
Workout_120,2025-06-14 23:55:09,Morning workout ☀️,4,Leg Extension (Machine),quadriceps,machine,1,normal,20.0,15.0,,,
Workout_120,2025-06-14 23:55:09,Morning workout ☀️,4,Leg Extension (Machine),quadriceps,machine,2,normal,20.0,15.0,,,
Workout_120,2025-06-14 23:55:09,Morning workout ☀️,4,Leg Extension (Machine),quadriceps,machine,3,normal,20.0,15.0,,,
Workout_120,2025-06-14 23:55:09,Morning workout ☀️,4,Leg Extension (Machine),quadriceps,machine,4,normal,20.0,15.0,,,
Workout_120,2025-06-14 23:55:09,Morning workout ☀️,5,Lying Leg Curl (Machine),hamstrings,machine,1,normal,25.0,15.0,,,
Workout_120,2025-06-14 23:55:09,Morning workout ☀️,5,Lying Leg Curl (Machine),hamstrings,machine,2,normal,25.0,15.0,,,
Workout_120,2025-06-14 23:55:09,Morning workout ☀️,5,Lying Leg Curl (Machine),hamstrings,machine,3,normal,25.0,15.0,,,
Workout_120,2025-06-14 23:55:09,Morning workout ☀️,5,Lying Leg Curl (Machine),hamstrings,machine,4,normal,25.0,15.0,,,
Workout_120,2025-06-14 23:55:09,Morning workout ☀️,6,Walking Lunge,quadriceps,none,1,normal,,30.0,,,
Workout_120,2025-06-14 23:55:09,Morning workout ☀️,6,Walking Lunge,quadriceps,none,2,normal,,30.0,,,
Workout_120,2025-06-14 23:55:09,Morning workout ☀️,6,Walking Lunge,quadriceps,none,3,normal,,30.0,,,
Workout_120,2025-06-14 23:55:09,Morning workout ☀️,6,Walking Lunge,quadriceps,none,4,normal,,30.0,,,
Workout_120,2025-06-14 23:55:09,Morning workout ☀️,7,Single Leg Standing Calf Raise,calves,none,1,normal,,20.0,,,
Workout_120,2025-06-14 23:55:09,Morning workout ☀️,7,Single Leg Standing Calf Raise,calves,none,2,normal,,20.0,,,
Workout_120,2025-06-14 23:55:09,Morning workout ☀️,7,Single Leg Standing Calf Raise,calves,none,3,normal,,20.0,,,
Workout_120,2025-06-14 23:55:09,Morning workout ☀️,7,Single Leg Standing Calf Raise,calves,none,4,normal,,20.0,,,
Workout_120,2025-06-14 23:55:09,Morning workout ☀️,8,Elliptical Trainer,cardio,machine,1,normal,,,,1000.0,360.0
Workout_121,2025-06-15 23:48:18,Morning workout ☀️,1,Warm Up,full_body,none,1,normal,,,,,300.0
Workout_121,2025-06-15 23:48:18,Morning workout ☀️,2,Burpee,full_body,none,1,normal,,25.0,,,
Workout_121,2025-06-15 23:48:18,Morning workout ☀️,2,Burpee,full_body,none,2,normal,,25.0,,,
Workout_121,2025-06-15 23:48:18,Morning workout ☀️,2,Burpee,full_body,none,3,normal,,25.0,,,
Workout_121,2025-06-15 23:48:18,Morning workout ☀️,2,Burpee,full_body,none,4,normal,,25.0,,,
Workout_121,2025-06-15 23:48:18,Morning workout ☀️,3,Clean and Jerk,full_body,barbell,1,normal,15.0,15.0,,,
Workout_121,2025-06-15 23:48:18,Morning workout ☀️,3,Clean and Jerk,full_body,barbell,2,normal,15.0,15.0,,,
Workout_121,2025-06-15 23:48:18,Morning workout ☀️,3,Clean and Jerk,full_body,barbell,3,normal,15.0,15.0,,,
Workout_121,2025-06-15 23:48:18,Morning workout ☀️,3,Clean and Jerk,full_body,barbell,4,normal,20.0,10.0,,,
Workout_121,2025-06-15 23:48:18,Morning workout ☀️,4,Sit Up,abdominals,none,1,normal,,25.0,,,
Workout_122,2025-06-17 00:06:28,Morning workout ☀️,1,Warm Up,full_body,none,1,normal,,,,,326.0
Workout_122,2025-06-17 00:06:28,Morning workout ☀️,2,Chest Press (Machine),chest,machine,1,normal,15.0,15.0,,,
Workout_122,2025-06-17 00:06:28,Morning workout ☀️,2,Chest Press (Machine),chest,machine,2,normal,20.0,15.0,,,
Workout_122,2025-06-17 00:06:28,Morning workout ☀️,2,Chest Press (Machine),chest,machine,3,normal,20.0,15.0,,,
Workout_122,2025-06-17 00:06:28,Morning workout ☀️,2,Chest Press (Machine),chest,machine,4,normal,20.0,15.0,,,
Workout_122,2025-06-17 00:06:28,Morning workout ☀️,3,Chest Fly (Machine),chest,machine,1,normal,25.0,15.0,,,
Workout_122,2025-06-17 00:06:28,Morning workout ☀️,3,Chest Fly (Machine),chest,machine,2,normal,25.0,15.0,,,
Workout_122,2025-06-17 00:06:28,Morning workout ☀️,3,Chest Fly (Machine),chest,machine,3,normal,25.0,15.0,,,
Workout_122,2025-06-17 00:06:28,Morning workout ☀️,3,Chest Fly (Machine),chest,machine,4,normal,25.0,15.0,,,
Workout_122,2025-06-17 00:06:28,Morning workout ☀️,4,Bench Press (Barbell),chest,barbell,1,normal,35.0,15.0,,,
Workout_122,2025-06-17 00:06:28,Morning workout ☀️,4,Bench Press (Barbell),chest,barbell,2,normal,35.0,12.0,,,
Workout_122,2025-06-17 00:06:28,Morning workout ☀️,4,Bench Press (Barbell),chest,barbell,3,normal,35.0,9.0,,,
Workout_122,2025-06-17 00:06:28,Morning workout ☀️,4,Bench Press (Barbell),chest,barbell,4,normal,35.0,15.0,,,
Workout_122,2025-06-17 00:06:28,Morning workout ☀️,5,Iso-Lateral Chest Press (Machine),chest,machine,1,normal,10.0,15.0,,,
Workout_122,2025-06-17 00:06:28,Morning workout ☀️,5,Iso-Lateral Chest Press (Machine),chest,machine,2,normal,10.0,15.0,,,
Workout_122,2025-06-17 00:06:28,Morning workout ☀️,5,Iso-Lateral Chest Press (Machine),chest,machine,3,normal,10.0,15.0,,,
Workout_122,2025-06-17 00:06:28,Morning workout ☀️,5,Iso-Lateral Chest Press (Machine),chest,machine,4,normal,15.0,10.0,,,
Workout_122,2025-06-17 00:06:28,Morning workout ☀️,6,Bench Press (Dumbbell),chest,dumbbell,1,normal,10.0,15.0,,,
Workout_122,2025-06-17 00:06:28,Morning workout ☀️,6,Bench Press (Dumbbell),chest,dumbbell,2,normal,10.0,15.0,,,
Workout_122,2025-06-17 00:06:28,Morning workout ☀️,6,Bench Press (Dumbbell),chest,dumbbell,3,normal,15.0,15.0,,,
Workout_122,2025-06-17 00:06:28,Morning workout ☀️,6,Bench Press (Dumbbell),chest,dumbbell,4,normal,15.0,15.0,,,
Workout_122,2025-06-17 00:06:28,Morning workout ☀️,7,Chest Fly (Dumbbell),chest,dumbbell,1,normal,10.0,15.0,,,
Workout_122,2025-06-17 00:06:28,Morning workout ☀️,7,Chest Fly (Dumbbell),chest,dumbbell,2,normal,10.0,15.0,,,
Workout_122,2025-06-17 00:06:28,Morning workout ☀️,7,Chest Fly (Dumbbell),chest,dumbbell,3,normal,10.0,15.0,,,
Workout_122,2025-06-17 00:06:28,Morning workout ☀️,7,Chest Fly (Dumbbell),chest,dumbbell,4,normal,10.0,15.0,,,
Workout_122,2025-06-17 00:06:28,Morning workout ☀️,8,Seated Dip Machine,triceps,machine,1,normal,25.0,20.0,,,
Workout_122,2025-06-17 00:06:28,Morning workout ☀️,8,Seated Dip Machine,triceps,machine,2,normal,25.0,20.0,,,
Workout_122,2025-06-17 00:06:28,Morning workout ☀️,8,Seated Dip Machine,triceps,machine,3,normal,25.0,20.0,,,
Workout_122,2025-06-17 00:06:28,Morning workout ☀️,9,Spinning,cardio,machine,1,normal,,,,,336.0
Workout_123,2025-06-18 00:04:01,Triceps,1,Diamond Push Up,triceps,none,1,normal,,10.0,,,
Workout_123,2025-06-18 00:04:01,Triceps,1,Diamond Push Up,triceps,none,2,normal,,10.0,,,
Workout_123,2025-06-18 00:04:01,Triceps,1,Diamond Push Up,triceps,none,3,normal,,10.0,,,
Workout_123,2025-06-18 00:04:01,Triceps,2,Triceps Pushdown,triceps,machine,1,normal,20.0,20.0,,,
Workout_123,2025-06-18 00:04:01,Triceps,2,Triceps Pushdown,triceps,machine,2,normal,20.0,20.0,,,
Workout_123,2025-06-18 00:04:01,Triceps,2,Triceps Pushdown,triceps,machine,3,normal,25.0,15.0,,,
Workout_123,2025-06-18 00:04:01,Triceps,2,Triceps Pushdown,triceps,machine,4,normal,25.0,15.0,,,
Workout_123,2025-06-18 00:04:01,Triceps,3,Skullcrusher (Barbell),triceps,barbell,1,normal,10.0,20.0,,,
Workout_123,2025-06-18 00:04:01,Triceps,3,Skullcrusher (Barbell),triceps,barbell,2,normal,10.0,20.0,,,
Workout_123,2025-06-18 00:04:01,Triceps,3,Skullcrusher (Barbell),triceps,barbell,3,normal,15.0,15.0,,,
Workout_123,2025-06-18 00:04:01,Triceps,3,Skullcrusher (Barbell),triceps,barbell,4,normal,15.0,15.0,,,
Workout_123,2025-06-18 00:04:01,Triceps,4,Triceps Extension (Dumbbell),triceps,dumbbell,1,normal,7.5,20.0,,,
Workout_123,2025-06-18 00:04:01,Triceps,4,Triceps Extension (Dumbbell),triceps,dumbbell,2,normal,10.0,20.0,,,
Workout_123,2025-06-18 00:04:01,Triceps,4,Triceps Extension (Dumbbell),triceps,dumbbell,3,normal,10.0,20.0,,,
Workout_123,2025-06-18 00:04:01,Triceps,4,Triceps Extension (Dumbbell),triceps,dumbbell,4,normal,10.0,15.0,,,
Workout_123,2025-06-18 00:04:01,Triceps,5,Triceps Pressdown,triceps,machine,1,normal,20.0,20.0,,,
Workout_123,2025-06-18 00:04:01,Triceps,5,Triceps Pressdown,triceps,machine,2,normal,20.0,20.0,,,
Workout_123,2025-06-18 00:04:01,Triceps,5,Triceps Pressdown,triceps,machine,3,normal,15.0,20.0,,,
Workout_123,2025-06-18 00:04:01,Triceps,5,Triceps Pressdown,triceps,machine,4,normal,15.0,20.0,,,
Workout_123,2025-06-18 00:04:01,Triceps,6,Plank,abdominals,none,1,normal,,,,,82.0
Workout_123,2025-06-18 00:04:01,Triceps,6,Plank,abdominals,none,2,normal,,,,,65.0
Workout_123,2025-06-18 00:04:01,Triceps,6,Plank,abdominals,none,3,normal,,,,,42.0
Workout_123,2025-06-18 00:04:01,Triceps,7,Elliptical Trainer,cardio,machine,1,normal,,,,1000.0,340.0
Workout_124,2025-06-20 23:57:55,Chest,1,Warm Up,full_body,none,1,normal,,,,,352.0
Workout_124,2025-06-20 23:57:55,Chest,2,Incline Bench Press (Dumbbell),chest,dumbbell,1,normal,15.0,15.0,,,
Workout_124,2025-06-20 23:57:55,Chest,2,Incline Bench Press (Dumbbell),chest,dumbbell,2,normal,15.0,15.0,,,
Workout_124,2025-06-20 23:57:55,Chest,2,Incline Bench Press (Dumbbell),chest,dumbbell,3,normal,20.0,15.0,,,
Workout_124,2025-06-20 23:57:55,Chest,2,Incline Bench Press (Dumbbell),chest,dumbbell,4,normal,20.0,10.0,,,
Workout_124,2025-06-20 23:57:55,Chest,3,Incline Chest Fly (Dumbbell),chest,dumbbell,1,normal,15.0,15.0,,,
Workout_124,2025-06-20 23:57:55,Chest,3,Incline Chest Fly (Dumbbell),chest,dumbbell,2,normal,15.0,15.0,,,
Workout_124,2025-06-20 23:57:55,Chest,3,Incline Chest Fly (Dumbbell),chest,dumbbell,3,normal,20.0,10.0,,,
Workout_124,2025-06-20 23:57:55,Chest,4,Bench Press (Barbell),chest,barbell,1,normal,30.0,15.0,,,
Workout_124,2025-06-20 23:57:55,Chest,4,Bench Press (Barbell),chest,barbell,2,normal,30.0,10.0,,,
Workout_124,2025-06-20 23:57:55,Chest,4,Bench Press (Barbell),chest,barbell,3,normal,35.0,9.0,,,
Workout_124,2025-06-20 23:57:55,Chest,5,Chest Fly (Machine),chest,machine,1,normal,25.0,15.0,,,
Workout_124,2025-06-20 23:57:55,Chest,5,Chest Fly (Machine),chest,machine,2,normal,30.0,15.0,,,
Workout_124,2025-06-20 23:57:55,Chest,5,Chest Fly (Machine),chest,machine,3,normal,30.0,15.0,,,
Workout_124,2025-06-20 23:57:55,Chest,6,Bench Press (Dumbbell),chest,dumbbell,1,normal,10.0,20.0,,,
Workout_124,2025-06-20 23:57:55,Chest,6,Bench Press (Dumbbell),chest,dumbbell,2,normal,10.0,20.0,,,
Workout_124,2025-06-20 23:57:55,Chest,6,Bench Press (Dumbbell),chest,dumbbell,3,normal,15.0,15.0,,,
Workout_124,2025-06-20 23:57:55,Chest,6,Bench Press (Dumbbell),chest,dumbbell,4,normal,15.0,15.0,,,
Workout_124,2025-06-20 23:57:55,Chest,7,Cable Fly Crossovers,chest,machine,1,normal,20.0,20.0,,,
Workout_124,2025-06-20 23:57:55,Chest,7,Cable Fly Crossovers,chest,machine,2,normal,20.0,20.0,,,
Workout_124,2025-06-20 23:57:55,Chest,7,Cable Fly Crossovers,chest,machine,3,normal,15.0,8.0,,,
Workout_124,2025-06-20 23:57:55,Chest,8,Plank,abdominals,none,1,normal,,,,,45.0
Workout_124,2025-06-20 23:57:55,Chest,8,Plank,abdominals,none,2,normal,,,,,61.0
Workout_124,2025-06-20 23:57:55,Chest,8,Plank,abdominals,none,3,normal,,,,,64.0
Workout_124,2025-06-20 23:57:55,Chest,9,Treadmill,cardio,machine,1,normal,,,,800.0,540.0
Workout_125,2025-06-22 00:04:53,Back,1,Warm Up,full_body,none,1,normal,,,,,422.0
Workout_125,2025-06-22 00:04:53,Back,2,Pull Up (Assisted),lats,machine,1,normal,112.0,10.0,,,
Workout_125,2025-06-22 00:04:53,Back,2,Pull Up (Assisted),lats,machine,2,normal,112.0,10.0,,,
Workout_125,2025-06-22 00:04:53,Back,2,Pull Up (Assisted),lats,machine,3,normal,112.0,10.0,,,
Workout_125,2025-06-22 00:04:53,Back,3,Lat Pulldown (Cable),lats,machine,1,normal,32.5,15.0,,,
Workout_125,2025-06-22 00:04:53,Back,3,Lat Pulldown (Cable),lats,machine,2,normal,32.5,15.0,,,
Workout_125,2025-06-22 00:04:53,Back,3,Lat Pulldown (Cable),lats,machine,3,normal,32.5,15.0,,,
Workout_125,2025-06-22 00:04:53,Back,3,Lat Pulldown (Cable),lats,machine,4,normal,32.5,10.0,,,
Workout_125,2025-06-22 00:04:53,Back,4,T Bar Row,upper_back,barbell,1,normal,20.0,15.0,,,
Workout_125,2025-06-22 00:04:53,Back,4,T Bar Row,upper_back,barbell,2,normal,20.0,10.0,,,
Workout_125,2025-06-22 00:04:53,Back,4,T Bar Row,upper_back,barbell,3,normal,20.0,15.0,,,
Workout_125,2025-06-22 00:04:53,Back,4,T Bar Row,upper_back,barbell,4,normal,25.0,10.0,,,
Workout_125,2025-06-22 00:04:53,Back,5,Seated Cable Row - V Grip (Cable),upper_back,machine,1,normal,35.0,15.0,,,
Workout_125,2025-06-22 00:04:53,Back,5,Seated Cable Row - V Grip (Cable),upper_back,machine,2,normal,42.0,15.0,,,
Workout_125,2025-06-22 00:04:53,Back,5,Seated Cable Row - V Grip (Cable),upper_back,machine,3,normal,42.0,15.0,,,
Workout_125,2025-06-22 00:04:53,Back,5,Seated Cable Row - V Grip (Cable),upper_back,machine,4,normal,42.0,15.0,,,
Workout_125,2025-06-22 00:04:53,Back,6,Iso-Lateral High Row (Machine),lats,machine,1,normal,20.0,15.0,,,
Workout_125,2025-06-22 00:04:53,Back,6,Iso-Lateral High Row (Machine),lats,machine,2,normal,20.0,15.0,,,
Workout_125,2025-06-22 00:04:53,Back,6,Iso-Lateral High Row (Machine),lats,machine,3,normal,20.0,10.0,,,
Workout_125,2025-06-22 00:04:53,Back,7,Dumbbell Row,lats,dumbbell,1,normal,15.0,15.0,,,
Workout_125,2025-06-22 00:04:53,Back,7,Dumbbell Row,lats,dumbbell,2,normal,15.0,15.0,,,
Workout_125,2025-06-22 00:04:53,Back,7,Dumbbell Row,lats,dumbbell,3,normal,20.0,10.0,,,
Workout_125,2025-06-22 00:04:53,Back,8,Elliptical Trainer,cardio,machine,1,normal,,,,1000.0,360.0
Workout_126,2025-06-23 00:05:25,Shoulder,1,Warm Up,full_body,none,1,normal,,,,,420.0
Workout_126,2025-06-23 00:05:25,Shoulder,2,Overhead Press (Barbell),shoulders,barbell,1,normal,20.0,15.0,,,
Workout_126,2025-06-23 00:05:25,Shoulder,2,Overhead Press (Barbell),shoulders,barbell,2,normal,20.0,15.0,,,
Workout_126,2025-06-23 00:05:25,Shoulder,2,Overhead Press (Barbell),shoulders,barbell,3,normal,20.0,15.0,,,
Workout_126,2025-06-23 00:05:25,Shoulder,2,Overhead Press (Barbell),shoulders,barbell,4,normal,20.0,15.0,,,
Workout_126,2025-06-23 00:05:25,Shoulder,3,Overhead Press (Dumbbell),shoulders,dumbbell,1,normal,10.0,15.0,,,
Workout_126,2025-06-23 00:05:25,Shoulder,3,Overhead Press (Dumbbell),shoulders,dumbbell,2,normal,10.0,15.0,,,
Workout_126,2025-06-23 00:05:25,Shoulder,3,Overhead Press (Dumbbell),shoulders,dumbbell,3,normal,15.0,15.0,,,
Workout_126,2025-06-23 00:05:25,Shoulder,3,Overhead Press (Dumbbell),shoulders,dumbbell,4,normal,15.0,15.0,,,
Workout_126,2025-06-23 00:05:25,Shoulder,4,Lateral Raise (Dumbbell),shoulders,dumbbell,1,normal,10.0,15.0,,,
Workout_126,2025-06-23 00:05:25,Shoulder,4,Lateral Raise (Dumbbell),shoulders,dumbbell,2,normal,10.0,15.0,,,
Workout_126,2025-06-23 00:05:25,Shoulder,4,Lateral Raise (Dumbbell),shoulders,dumbbell,3,normal,10.0,15.0,,,
Workout_126,2025-06-23 00:05:25,Shoulder,4,Lateral Raise (Dumbbell),shoulders,dumbbell,4,normal,15.0,15.0,,,
Workout_126,2025-06-23 00:05:25,Shoulder,5,Front Raise (Dumbbell),shoulders,dumbbell,1,normal,10.0,15.0,,,
Workout_126,2025-06-23 00:05:25,Shoulder,5,Front Raise (Dumbbell),shoulders,dumbbell,2,normal,10.0,15.0,,,
Workout_126,2025-06-23 00:05:25,Shoulder,5,Front Raise (Dumbbell),shoulders,dumbbell,3,normal,15.0,15.0,,,
Workout_126,2025-06-23 00:05:25,Shoulder,5,Front Raise (Dumbbell),shoulders,dumbbell,4,normal,15.0,15.0,,,
Workout_126,2025-06-23 00:05:25,Shoulder,6,Shrug (Dumbbell),traps,dumbbell,1,normal,25.0,15.0,,,
Workout_126,2025-06-23 00:05:25,Shoulder,6,Shrug (Dumbbell),traps,dumbbell,2,normal,25.0,15.0,,,
Workout_126,2025-06-23 00:05:25,Shoulder,6,Shrug (Dumbbell),traps,dumbbell,3,normal,30.0,15.0,,,
Workout_126,2025-06-23 00:05:25,Shoulder,6,Shrug (Dumbbell),traps,dumbbell,4,normal,30.0,15.0,,,
Workout_126,2025-06-23 00:05:25,Shoulder,7,Spinning,cardio,machine,1,normal,,,,,620.0
Workout_127,2025-06-24 00:00:56,Legs,1,Warm Up,full_body,none,1,normal,,,,,328.0
Workout_127,2025-06-24 00:00:56,Legs,2,Spinning,cardio,machine,1,normal,,,,,625.0
Workout_127,2025-06-24 00:00:56,Legs,3,Walking Lunge,quadriceps,none,1,normal,,30.0,,,
Workout_127,2025-06-24 00:00:56,Legs,3,Walking Lunge,quadriceps,none,2,normal,,30.0,,,
Workout_127,2025-06-24 00:00:56,Legs,3,Walking Lunge,quadriceps,none,3,normal,,30.0,,,
Workout_127,2025-06-24 00:00:56,Legs,4,Leg Press (Machine),quadriceps,machine,1,normal,40.0,15.0,,,
Workout_127,2025-06-24 00:00:56,Legs,4,Leg Press (Machine),quadriceps,machine,2,normal,40.0,15.0,,,
Workout_127,2025-06-24 00:00:56,Legs,4,Leg Press (Machine),quadriceps,machine,3,normal,40.0,15.0,,,
Workout_127,2025-06-24 00:00:56,Legs,4,Leg Press (Machine),quadriceps,machine,4,normal,50.0,15.0,,,
Workout_127,2025-06-24 00:00:56,Legs,5,Leg Extension (Machine),quadriceps,machine,1,normal,20.0,20.0,,,
Workout_127,2025-06-24 00:00:56,Legs,5,Leg Extension (Machine),quadriceps,machine,2,normal,20.0,20.0,,,
Workout_127,2025-06-24 00:00:56,Legs,5,Leg Extension (Machine),quadriceps,machine,3,normal,25.0,15.0,,,
Workout_127,2025-06-24 00:00:56,Legs,5,Leg Extension (Machine),quadriceps,machine,4,normal,25.0,15.0,,,
Workout_127,2025-06-24 00:00:56,Legs,6,Lying Leg Curl (Machine),hamstrings,machine,1,normal,20.0,15.0,,,
Workout_127,2025-06-24 00:00:56,Legs,6,Lying Leg Curl (Machine),hamstrings,machine,2,normal,20.0,15.0,,,
Workout_127,2025-06-24 00:00:56,Legs,6,Lying Leg Curl (Machine),hamstrings,machine,3,normal,25.0,15.0,,,
Workout_127,2025-06-24 00:00:56,Legs,6,Lying Leg Curl (Machine),hamstrings,machine,4,normal,25.0,15.0,,,
Workout_127,2025-06-24 00:00:56,Legs,7,Sumo Squat (Dumbbell),quadriceps,dumbbell,1,normal,12.5,15.0,,,
Workout_127,2025-06-24 00:00:56,Legs,7,Sumo Squat (Dumbbell),quadriceps,dumbbell,2,normal,15.0,15.0,,,
Workout_127,2025-06-24 00:00:56,Legs,7,Sumo Squat (Dumbbell),quadriceps,dumbbell,3,normal,15.0,15.0,,,
Workout_127,2025-06-24 00:00:56,Legs,7,Sumo Squat (Dumbbell),quadriceps,dumbbell,4,normal,15.0,15.0,,,
Workout_128,2025-06-26 00:03:43,Morning workout ☀️,1,Warm Up,full_body,none,1,normal,,,,,376.0
Workout_128,2025-06-26 00:03:43,Morning workout ☀️,2,Plank,abdominals,none,1,normal,,,,,120.0
Workout_128,2025-06-26 00:03:43,Morning workout ☀️,2,Plank,abdominals,none,2,normal,,,,,120.0
Workout_128,2025-06-26 00:03:43,Morning workout ☀️,2,Plank,abdominals,none,3,normal,,,,,60.0
Workout_128,2025-06-26 00:03:43,Morning workout ☀️,3,Side Bend (Dumbbell),abdominals,dumbbell,1,normal,30.0,30.0,,,
Workout_128,2025-06-26 00:03:43,Morning workout ☀️,3,Side Bend (Dumbbell),abdominals,dumbbell,2,normal,30.0,30.0,,,
Workout_128,2025-06-26 00:03:43,Morning workout ☀️,3,Side Bend (Dumbbell),abdominals,dumbbell,3,normal,30.0,30.0,,,
Workout_128,2025-06-26 00:03:43,Morning workout ☀️,4,Burpee,full_body,none,1,normal,,10.0,,,
Workout_128,2025-06-26 00:03:43,Morning workout ☀️,4,Burpee,full_body,none,2,normal,,15.0,,,
Workout_128,2025-06-26 00:03:43,Morning workout ☀️,4,Burpee,full_body,none,3,normal,,15.0,,,
Workout_128,2025-06-26 00:03:43,Morning workout ☀️,4,Burpee,full_body,none,4,normal,,10.0,,,
Workout_128,2025-06-26 00:03:43,Morning workout ☀️,5,Jumping Jack,full_body,none,1,normal,,25.0,,,
Workout_128,2025-06-26 00:03:43,Morning workout ☀️,5,Jumping Jack,full_body,none,2,normal,,25.0,,,
Workout_128,2025-06-26 00:03:43,Morning workout ☀️,6,Treadmill,cardio,machine,1,normal,,,,850.0,600.0
Workout_129,2025-06-28 00:08:18,Chest,1,Warm Up,full_body,none,1,normal,,,,,340.0
Workout_129,2025-06-28 00:08:18,Chest,2,Bench Press (Barbell),chest,barbell,1,normal,25.0,15.0,,,
Workout_129,2025-06-28 00:08:18,Chest,2,Bench Press (Barbell),chest,barbell,2,normal,25.0,15.0,,,
Workout_129,2025-06-28 00:08:18,Chest,2,Bench Press (Barbell),chest,barbell,3,normal,30.0,10.0,,,
Workout_129,2025-06-28 00:08:18,Chest,3,Chest Press (Machine),chest,machine,1,normal,20.0,15.0,,,
Workout_129,2025-06-28 00:08:18,Chest,3,Chest Press (Machine),chest,machine,2,normal,20.0,17.0,,,
Workout_129,2025-06-28 00:08:18,Chest,3,Chest Press (Machine),chest,machine,3,normal,25.0,15.0,,,
Workout_129,2025-06-28 00:08:18,Chest,3,Chest Press (Machine),chest,machine,4,normal,25.0,15.0,,,
Workout_129,2025-06-28 00:08:18,Chest,4,Bench Press (Dumbbell),chest,dumbbell,1,normal,10.0,15.0,,,
Workout_129,2025-06-28 00:08:18,Chest,4,Bench Press (Dumbbell),chest,dumbbell,2,normal,10.0,15.0,,,
Workout_129,2025-06-28 00:08:18,Chest,4,Bench Press (Dumbbell),chest,dumbbell,3,normal,15.0,15.0,,,
Workout_129,2025-06-28 00:08:18,Chest,4,Bench Press (Dumbbell),chest,dumbbell,4,normal,15.0,15.0,,,
Workout_129,2025-06-28 00:08:18,Chest,5,Incline Chest Fly (Dumbbell),chest,dumbbell,1,normal,15.0,15.0,,,
Workout_129,2025-06-28 00:08:18,Chest,5,Incline Chest Fly (Dumbbell),chest,dumbbell,2,normal,15.0,15.0,,,
Workout_129,2025-06-28 00:08:18,Chest,5,Incline Chest Fly (Dumbbell),chest,dumbbell,3,normal,15.0,15.0,,,
Workout_129,2025-06-28 00:08:18,Chest,5,Incline Chest Fly (Dumbbell),chest,dumbbell,4,normal,20.0,15.0,,,
Workout_129,2025-06-28 00:08:18,Chest,6,Seated Dip Machine,triceps,machine,1,normal,30.0,15.0,,,
Workout_129,2025-06-28 00:08:18,Chest,6,Seated Dip Machine,triceps,machine,2,normal,30.0,15.0,,,
Workout_129,2025-06-28 00:08:18,Chest,6,Seated Dip Machine,triceps,machine,3,normal,30.0,15.0,,,
Workout_129,2025-06-28 00:08:18,Chest,6,Seated Dip Machine,triceps,machine,4,normal,30.0,15.0,,,
Workout_129,2025-06-28 00:08:18,Chest,7,Treadmill,cardio,machine,1,normal,,,,900.0,600.0
Workout_130,2025-06-29 00:02:32,Shoulder,1,Warm Up,full_body,none,1,normal,,,,,319.0
Workout_130,2025-06-29 00:02:32,Shoulder,2,Shoulder Press (Machine Plates),shoulders,machine,1,normal,25.0,15.0,,,
Workout_130,2025-06-29 00:02:32,Shoulder,2,Shoulder Press (Machine Plates),shoulders,machine,2,normal,25.0,15.0,,,
Workout_130,2025-06-29 00:02:32,Shoulder,2,Shoulder Press (Machine Plates),shoulders,machine,3,normal,25.0,10.0,,,
Workout_130,2025-06-29 00:02:32,Shoulder,2,Shoulder Press (Machine Plates),shoulders,machine,4,normal,25.0,10.0,,,
Workout_130,2025-06-29 00:02:32,Shoulder,3,Lateral Raise (Dumbbell),shoulders,dumbbell,1,normal,15.0,15.0,,,
Workout_130,2025-06-29 00:02:32,Shoulder,3,Lateral Raise (Dumbbell),shoulders,dumbbell,2,normal,15.0,15.0,,,
Workout_130,2025-06-29 00:02:32,Shoulder,3,Lateral Raise (Dumbbell),shoulders,dumbbell,3,normal,15.0,15.0,,,
Workout_130,2025-06-29 00:02:32,Shoulder,4,Front Raise (Dumbbell),shoulders,dumbbell,1,normal,15.0,15.0,,,
Workout_130,2025-06-29 00:02:32,Shoulder,4,Front Raise (Dumbbell),shoulders,dumbbell,2,normal,15.0,15.0,,,
Workout_130,2025-06-29 00:02:32,Shoulder,4,Front Raise (Dumbbell),shoulders,dumbbell,3,normal,15.0,15.0,,,
Workout_130,2025-06-29 00:02:32,Shoulder,4,Front Raise (Dumbbell),shoulders,dumbbell,4,normal,20.0,10.0,,,
Workout_130,2025-06-29 00:02:32,Shoulder,5,Face Pull,shoulders,machine,1,normal,20.0,15.0,,,
Workout_130,2025-06-29 00:02:32,Shoulder,5,Face Pull,shoulders,machine,2,normal,20.0,15.0,,,
Workout_130,2025-06-29 00:02:32,Shoulder,5,Face Pull,shoulders,machine,3,normal,25.0,15.0,,,
Workout_130,2025-06-29 00:02:32,Shoulder,5,Face Pull,shoulders,machine,4,normal,25.0,15.0,,,
Workout_130,2025-06-29 00:02:32,Shoulder,6,Upright Row (Barbell),shoulders,barbell,1,normal,15.0,15.0,,,
Workout_130,2025-06-29 00:02:32,Shoulder,6,Upright Row (Barbell),shoulders,barbell,2,normal,15.0,15.0,,,
Workout_130,2025-06-29 00:02:32,Shoulder,6,Upright Row (Barbell),shoulders,barbell,3,normal,15.0,15.0,,,
Workout_130,2025-06-29 00:02:32,Shoulder,6,Upright Row (Barbell),shoulders,barbell,4,normal,20.0,15.0,,,
Workout_130,2025-06-29 00:02:32,Shoulder,7,Rear Delt Reverse Fly (Machine),shoulders,machine,1,normal,20.0,15.0,,,
Workout_130,2025-06-29 00:02:32,Shoulder,7,Rear Delt Reverse Fly (Machine),shoulders,machine,2,normal,20.0,15.0,,,
Workout_130,2025-06-29 00:02:32,Shoulder,7,Rear Delt Reverse Fly (Machine),shoulders,machine,3,normal,20.0,15.0,,,
Workout_130,2025-06-29 00:02:32,Shoulder,7,Rear Delt Reverse Fly (Machine),shoulders,machine,4,normal,15.0,10.0,,,
Workout_130,2025-06-29 00:02:32,Shoulder,8,Shrug (Dumbbell),traps,dumbbell,1,normal,20.0,20.0,,,
Workout_130,2025-06-29 00:02:32,Shoulder,8,Shrug (Dumbbell),traps,dumbbell,2,normal,20.0,20.0,,,
Workout_130,2025-06-29 00:02:32,Shoulder,8,Shrug (Dumbbell),traps,dumbbell,3,normal,30.0,20.0,,,
Workout_130,2025-06-29 00:02:32,Shoulder,8,Shrug (Dumbbell),traps,dumbbell,4,normal,30.0,20.0,,,
Workout_130,2025-06-29 00:02:32,Shoulder,9,Spinning,cardio,machine,1,normal,,,,,611.0
Workout_131,2025-07-11 23:54:44,Morning workout ☀️,1,Warm Up,full_body,none,1,normal,,,,,390.0
Workout_131,2025-07-11 23:54:44,Morning workout ☀️,2,Treadmill,cardio,machine,1,normal,,,,900.0,600.0
Workout_131,2025-07-11 23:54:44,Morning workout ☀️,3,Incline Bench Press (Barbell),chest,barbell,1,normal,30.0,15.0,,,
Workout_131,2025-07-11 23:54:44,Morning workout ☀️,3,Incline Bench Press (Barbell),chest,barbell,2,normal,30.0,15.0,,,
Workout_131,2025-07-11 23:54:44,Morning workout ☀️,3,Incline Bench Press (Barbell),chest,barbell,3,normal,30.0,15.0,,,
Workout_131,2025-07-11 23:54:44,Morning workout ☀️,3,Incline Bench Press (Barbell),chest,barbell,4,normal,30.0,15.0,,,
Workout_131,2025-07-11 23:54:44,Morning workout ☀️,4,Bench Press (Barbell),chest,barbell,1,normal,25.0,15.0,,,
Workout_131,2025-07-11 23:54:44,Morning workout ☀️,4,Bench Press (Barbell),chest,barbell,2,normal,25.0,15.0,,,
Workout_131,2025-07-11 23:54:44,Morning workout ☀️,4,Bench Press (Barbell),chest,barbell,3,normal,25.0,15.0,,,
Workout_131,2025-07-11 23:54:44,Morning workout ☀️,4,Bench Press (Barbell),chest,barbell,4,normal,25.0,10.0,,,
Workout_131,2025-07-11 23:54:44,Morning workout ☀️,5,Incline Bench Press (Dumbbell),chest,dumbbell,1,normal,10.0,15.0,,,
Workout_131,2025-07-11 23:54:44,Morning workout ☀️,5,Incline Bench Press (Dumbbell),chest,dumbbell,2,normal,15.0,15.0,,,
Workout_131,2025-07-11 23:54:44,Morning workout ☀️,5,Incline Bench Press (Dumbbell),chest,dumbbell,3,normal,15.0,15.0,,,
Workout_131,2025-07-11 23:54:44,Morning workout ☀️,5,Incline Bench Press (Dumbbell),chest,dumbbell,4,normal,15.0,15.0,,,
Workout_131,2025-07-11 23:54:44,Morning workout ☀️,6,Chest Fly (Machine),chest,machine,1,normal,15.0,15.0,,,
Workout_131,2025-07-11 23:54:44,Morning workout ☀️,6,Chest Fly (Machine),chest,machine,2,normal,20.0,15.0,,,
Workout_131,2025-07-11 23:54:44,Morning workout ☀️,6,Chest Fly (Machine),chest,machine,3,normal,20.0,15.0,,,
Workout_131,2025-07-11 23:54:44,Morning workout ☀️,6,Chest Fly (Machine),chest,machine,4,normal,20.0,15.0,,,
Workout_131,2025-07-11 23:54:44,Morning workout ☀️,7,Seated Dip Machine,triceps,machine,1,normal,30.0,15.0,,,
Workout_131,2025-07-11 23:54:44,Morning workout ☀️,7,Seated Dip Machine,triceps,machine,2,normal,30.0,15.0,,,
Workout_131,2025-07-11 23:54:44,Morning workout ☀️,7,Seated Dip Machine,triceps,machine,3,normal,30.0,15.0,,,
Workout_131,2025-07-11 23:54:44,Morning workout ☀️,7,Seated Dip Machine,triceps,machine,4,normal,30.0,15.0,,,
Workout_132,2025-07-13 00:12:20,Back,1,Warm Up,full_body,none,1,normal,,,,,336.0
Workout_132,2025-07-13 00:12:20,Back,2,Lat Pulldown (Cable),lats,machine,1,normal,26.0,20.0,,,
Workout_132,2025-07-13 00:12:20,Back,2,Lat Pulldown (Cable),lats,machine,2,normal,32.5,15.0,,,
Workout_132,2025-07-13 00:12:20,Back,2,Lat Pulldown (Cable),lats,machine,3,normal,32.5,15.0,,,
Workout_132,2025-07-13 00:12:20,Back,2,Lat Pulldown (Cable),lats,machine,4,normal,39.0,9.0,,,
Workout_132,2025-07-13 00:12:20,Back,3,Iso-Lateral High Row (Machine),lats,machine,1,normal,20.0,15.0,,,
Workout_132,2025-07-13 00:12:20,Back,3,Iso-Lateral High Row (Machine),lats,machine,2,normal,20.0,15.0,,,
Workout_132,2025-07-13 00:12:20,Back,3,Iso-Lateral High Row (Machine),lats,machine,3,normal,25.0,15.0,,,
Workout_132,2025-07-13 00:12:20,Back,3,Iso-Lateral High Row (Machine),lats,machine,4,normal,30.0,7.0,,,
Workout_132,2025-07-13 00:12:20,Back,4,Back Extension (Hyperextension),lower_back,machine,1,normal,,15.0,,,
Workout_132,2025-07-13 00:12:20,Back,4,Back Extension (Hyperextension),lower_back,machine,2,normal,,15.0,,,
Workout_132,2025-07-13 00:12:20,Back,4,Back Extension (Hyperextension),lower_back,machine,3,normal,,15.0,,,
Workout_132,2025-07-13 00:12:20,Back,4,Back Extension (Hyperextension),lower_back,machine,4,normal,,10.0,,,
Workout_132,2025-07-13 00:12:20,Back,5,T Bar Row,upper_back,barbell,1,normal,15.0,15.0,,,
Workout_132,2025-07-13 00:12:20,Back,5,T Bar Row,upper_back,barbell,2,normal,15.0,12.0,,,
Workout_132,2025-07-13 00:12:20,Back,5,T Bar Row,upper_back,barbell,3,normal,15.0,12.0,,,
Workout_132,2025-07-13 00:12:20,Back,6,Bicep Curl (Barbell),biceps,barbell,1,normal,10.0,15.0,,,
Workout_132,2025-07-13 00:12:20,Back,6,Bicep Curl (Barbell),biceps,barbell,2,normal,10.0,15.0,,,
Workout_132,2025-07-13 00:12:20,Back,6,Bicep Curl (Barbell),biceps,barbell,3,normal,15.0,15.0,,,
Workout_132,2025-07-13 00:12:20,Back,6,Bicep Curl (Barbell),biceps,barbell,4,normal,15.0,10.0,,,
Workout_132,2025-07-13 00:12:20,Back,7,Hammer Curl (Dumbbell),biceps,dumbbell,1,normal,10.0,15.0,,,
Workout_132,2025-07-13 00:12:20,Back,7,Hammer Curl (Dumbbell),biceps,dumbbell,2,normal,10.0,15.0,,,
Workout_132,2025-07-13 00:12:20,Back,7,Hammer Curl (Dumbbell),biceps,dumbbell,3,normal,15.0,7.0,,,
Workout_132,2025-07-13 00:12:20,Back,7,Hammer Curl (Dumbbell),biceps,dumbbell,4,normal,15.0,7.0,,,
Workout_132,2025-07-13 00:12:20,Back,8,Spinning,cardio,machine,1,normal,,,,,617.0
Workout_133,2025-07-15 00:02:49,Shoulder,1,Warm Up,full_body,none,1,normal,,,,,358.0
Workout_133,2025-07-15 00:02:49,Shoulder,2,Upright Row (Barbell),shoulders,barbell,1,normal,15.0,15.0,,,
Workout_133,2025-07-15 00:02:49,Shoulder,2,Upright Row (Barbell),shoulders,barbell,2,normal,15.0,15.0,,,
Workout_133,2025-07-15 00:02:49,Shoulder,2,Upright Row (Barbell),shoulders,barbell,3,normal,15.0,15.0,,,
Workout_133,2025-07-15 00:02:49,Shoulder,2,Upright Row (Barbell),shoulders,barbell,4,normal,20.0,15.0,,,
Workout_133,2025-07-15 00:02:49,Shoulder,3,Lateral Raise (Dumbbell),shoulders,dumbbell,1,normal,10.0,15.0,,,
Workout_133,2025-07-15 00:02:49,Shoulder,3,Lateral Raise (Dumbbell),shoulders,dumbbell,2,normal,10.0,15.0,,,
Workout_133,2025-07-15 00:02:49,Shoulder,3,Lateral Raise (Dumbbell),shoulders,dumbbell,3,normal,10.0,15.0,,,
Workout_133,2025-07-15 00:02:49,Shoulder,3,Lateral Raise (Dumbbell),shoulders,dumbbell,4,normal,15.0,15.0,,,
Workout_133,2025-07-15 00:02:49,Shoulder,4,Face Pull,shoulders,machine,1,normal,20.0,15.0,,,
Workout_133,2025-07-15 00:02:49,Shoulder,4,Face Pull,shoulders,machine,2,normal,25.0,15.0,,,
Workout_133,2025-07-15 00:02:49,Shoulder,4,Face Pull,shoulders,machine,3,normal,25.0,15.0,,,
Workout_133,2025-07-15 00:02:49,Shoulder,4,Face Pull,shoulders,machine,4,normal,30.0,15.0,,,
Workout_133,2025-07-15 00:02:49,Shoulder,5,Shrug (Dumbbell),traps,dumbbell,1,normal,20.0,20.0,,,
Workout_133,2025-07-15 00:02:49,Shoulder,5,Shrug (Dumbbell),traps,dumbbell,2,normal,20.0,20.0,,,
Workout_133,2025-07-15 00:02:49,Shoulder,5,Shrug (Dumbbell),traps,dumbbell,3,normal,25.0,20.0,,,
Workout_133,2025-07-15 00:02:49,Shoulder,5,Shrug (Dumbbell),traps,dumbbell,4,normal,25.0,20.0,,,
Workout_133,2025-07-15 00:02:49,Shoulder,6,Burpee,full_body,none,1,normal,,10.0,,,
Workout_133,2025-07-15 00:02:49,Shoulder,6,Burpee,full_body,none,2,normal,,10.0,,,
Workout_133,2025-07-15 00:02:49,Shoulder,6,Burpee,full_body,none,3,normal,,10.0,,,
Workout_133,2025-07-15 00:02:49,Shoulder,6,Burpee,full_body,none,4,normal,,10.0,,,
Workout_133,2025-07-15 00:02:49,Shoulder,7,Spinning,cardio,machine,1,normal,,,,,617.0
Workout_134,2025-07-16 23:55:14,Legs,1,Warm Up,full_body,none,1,normal,,,,,416.0
Workout_134,2025-07-16 23:55:14,Legs,2,Leg Press (Machine),quadriceps,machine,1,normal,50.0,15.0,,,
Workout_134,2025-07-16 23:55:14,Legs,2,Leg Press (Machine),quadriceps,machine,2,normal,60.0,15.0,,,
Workout_134,2025-07-16 23:55:14,Legs,2,Leg Press (Machine),quadriceps,machine,3,normal,60.0,15.0,,,
Workout_134,2025-07-16 23:55:14,Legs,2,Leg Press (Machine),quadriceps,machine,4,normal,70.0,15.0,,,
Workout_134,2025-07-16 23:55:14,Legs,3,Lunge (Dumbbell),quadriceps,dumbbell,1,normal,5.0,30.0,,,
Workout_134,2025-07-16 23:55:14,Legs,3,Lunge (Dumbbell),quadriceps,dumbbell,2,normal,5.0,30.0,,,
Workout_134,2025-07-16 23:55:14,Legs,3,Lunge (Dumbbell),quadriceps,dumbbell,3,normal,10.0,30.0,,,
Workout_134,2025-07-16 23:55:14,Legs,3,Lunge (Dumbbell),quadriceps,dumbbell,4,normal,10.0,30.0,,,
Workout_134,2025-07-16 23:55:14,Legs,4,Lying Leg Curl (Machine),hamstrings,machine,1,normal,20.0,15.0,,,
Workout_134,2025-07-16 23:55:14,Legs,4,Lying Leg Curl (Machine),hamstrings,machine,2,normal,25.0,15.0,,,
Workout_134,2025-07-16 23:55:14,Legs,4,Lying Leg Curl (Machine),hamstrings,machine,3,normal,25.0,15.0,,,
Workout_134,2025-07-16 23:55:14,Legs,4,Lying Leg Curl (Machine),hamstrings,machine,4,normal,30.0,10.0,,,
Workout_134,2025-07-16 23:55:14,Legs,5,Sumo Squat (Dumbbell),quadriceps,dumbbell,1,normal,10.0,15.0,,,
Workout_134,2025-07-16 23:55:14,Legs,5,Sumo Squat (Dumbbell),quadriceps,dumbbell,2,normal,10.0,15.0,,,
Workout_134,2025-07-16 23:55:14,Legs,5,Sumo Squat (Dumbbell),quadriceps,dumbbell,3,normal,12.5,15.0,,,
Workout_134,2025-07-16 23:55:14,Legs,5,Sumo Squat (Dumbbell),quadriceps,dumbbell,4,normal,12.5,15.0,,,
Workout_134,2025-07-16 23:55:14,Legs,6,Spinning,cardio,machine,1,normal,,,,,310.0
Workout_135,2025-07-19 00:02:35,Back,1,Warm Up,full_body,none,1,normal,,,,,333.0
Workout_135,2025-07-19 00:02:35,Back,2,Lat Pulldown (Cable),lats,machine,1,normal,25.0,15.0,,,
Workout_135,2025-07-19 00:02:35,Back,2,Lat Pulldown (Cable),lats,machine,2,normal,25.0,15.0,,,
Workout_135,2025-07-19 00:02:35,Back,2,Lat Pulldown (Cable),lats,machine,3,normal,31.5,10.0,,,
Workout_135,2025-07-19 00:02:35,Back,3,T Bar Row,upper_back,barbell,1,normal,15.0,15.0,,,
Workout_135,2025-07-19 00:02:35,Back,3,T Bar Row,upper_back,barbell,2,normal,15.0,15.0,,,
Workout_135,2025-07-19 00:02:35,Back,3,T Bar Row,upper_back,barbell,3,normal,20.0,15.0,,,
Workout_135,2025-07-19 00:02:35,Back,3,T Bar Row,upper_back,barbell,4,normal,20.0,15.0,,,
Workout_135,2025-07-19 00:02:35,Back,4,Back Extension (Weighted Hyperextension),lower_back,machine,1,normal,5.0,15.0,,,
Workout_135,2025-07-19 00:02:35,Back,4,Back Extension (Weighted Hyperextension),lower_back,machine,2,normal,5.0,15.0,,,
Workout_135,2025-07-19 00:02:35,Back,4,Back Extension (Weighted Hyperextension),lower_back,machine,3,normal,10.0,10.0,,,
Workout_135,2025-07-19 00:02:35,Back,4,Back Extension (Weighted Hyperextension),lower_back,machine,4,normal,10.0,10.0,,,
Workout_135,2025-07-19 00:02:35,Back,5,Iso-Lateral High Row (Machine),lats,machine,1,normal,20.0,15.0,,,
Workout_135,2025-07-19 00:02:35,Back,5,Iso-Lateral High Row (Machine),lats,machine,2,normal,20.0,10.0,,,
Workout_135,2025-07-19 00:02:35,Back,5,Iso-Lateral High Row (Machine),lats,machine,3,normal,20.0,10.0,,,
Workout_135,2025-07-19 00:02:35,Back,5,Iso-Lateral High Row (Machine),lats,machine,4,normal,20.0,10.0,,,
Workout_136,2025-07-19 23:57:59,Chest,1,Warm Up,full_body,none,1,normal,,,,,301.0
Workout_136,2025-07-19 23:57:59,Chest,2,Chest Press (Machine),chest,machine,1,normal,20.0,15.0,,,
Workout_136,2025-07-19 23:57:59,Chest,2,Chest Press (Machine),chest,machine,2,normal,25.0,15.0,,,
Workout_136,2025-07-19 23:57:59,Chest,2,Chest Press (Machine),chest,machine,3,normal,25.0,15.0,,,
Workout_136,2025-07-19 23:57:59,Chest,2,Chest Press (Machine),chest,machine,4,normal,30.0,10.0,,,
Workout_136,2025-07-19 23:57:59,Chest,3,Chest Fly (Machine),chest,machine,1,normal,20.0,15.0,,,
Workout_136,2025-07-19 23:57:59,Chest,3,Chest Fly (Machine),chest,machine,2,normal,35.0,15.0,,,
Workout_136,2025-07-19 23:57:59,Chest,3,Chest Fly (Machine),chest,machine,3,normal,30.0,10.0,,,
Workout_136,2025-07-19 23:57:59,Chest,3,Chest Fly (Machine),chest,machine,4,normal,30.0,10.0,,,
Workout_136,2025-07-19 23:57:59,Chest,4,Bench Press (Barbell),chest,barbell,1,normal,30.0,10.0,,,
Workout_136,2025-07-19 23:57:59,Chest,4,Bench Press (Barbell),chest,barbell,2,normal,30.0,15.0,,,
Workout_136,2025-07-19 23:57:59,Chest,4,Bench Press (Barbell),chest,barbell,3,normal,35.0,10.0,,,
Workout_136,2025-07-19 23:57:59,Chest,4,Bench Press (Barbell),chest,barbell,4,normal,35.0,7.0,,,
Workout_136,2025-07-19 23:57:59,Chest,5,Incline Bench Press (Dumbbell),chest,dumbbell,1,normal,10.0,15.0,,,
Workout_136,2025-07-19 23:57:59,Chest,5,Incline Bench Press (Dumbbell),chest,dumbbell,2,normal,15.0,15.0,,,
Workout_136,2025-07-19 23:57:59,Chest,5,Incline Bench Press (Dumbbell),chest,dumbbell,3,normal,15.0,15.0,,,
Workout_136,2025-07-19 23:57:59,Chest,5,Incline Bench Press (Dumbbell),chest,dumbbell,4,normal,15.0,15.0,,,
Workout_136,2025-07-19 23:57:59,Chest,6,Incline Chest Fly (Dumbbell),chest,dumbbell,1,normal,10.0,15.0,,,
Workout_136,2025-07-19 23:57:59,Chest,6,Incline Chest Fly (Dumbbell),chest,dumbbell,2,normal,10.0,15.0,,,
Workout_136,2025-07-19 23:57:59,Chest,6,Incline Chest Fly (Dumbbell),chest,dumbbell,3,normal,15.0,15.0,,,
Workout_136,2025-07-19 23:57:59,Chest,6,Incline Chest Fly (Dumbbell),chest,dumbbell,4,normal,15.0,15.0,,,
Workout_136,2025-07-19 23:57:59,Chest,7,Triceps Extension (Dumbbell),triceps,dumbbell,1,normal,5.0,15.0,,,
Workout_136,2025-07-19 23:57:59,Chest,7,Triceps Extension (Dumbbell),triceps,dumbbell,2,normal,5.0,15.0,,,
Workout_136,2025-07-19 23:57:59,Chest,7,Triceps Extension (Dumbbell),triceps,dumbbell,3,normal,7.5,15.0,,,
Workout_136,2025-07-19 23:57:59,Chest,7,Triceps Extension (Dumbbell),triceps,dumbbell,4,normal,7.5,15.0,,,
Workout_136,2025-07-19 23:57:59,Chest,8,Elliptical Trainer,cardio,machine,1,normal,,,,800.0,300.0
Workout_137,2025-07-20 23:58:03,Shoulders,1,Warm Up,full_body,none,1,normal,,,,,314.0
Workout_137,2025-07-20 23:58:03,Shoulders,2,Overhead Press (Dumbbell),shoulders,dumbbell,1,normal,15.0,15.0,,,
Workout_137,2025-07-20 23:58:03,Shoulders,2,Overhead Press (Dumbbell),shoulders,dumbbell,2,normal,15.0,15.0,,,
Workout_137,2025-07-20 23:58:03,Shoulders,2,Overhead Press (Dumbbell),shoulders,dumbbell,3,normal,20.0,12.0,,,
Workout_137,2025-07-20 23:58:03,Shoulders,2,Overhead Press (Dumbbell),shoulders,dumbbell,4,normal,20.0,12.0,,,
Workout_137,2025-07-20 23:58:03,Shoulders,3,Rear Delt Reverse Fly (Machine),shoulders,machine,1,normal,15.0,15.0,,,
Workout_137,2025-07-20 23:58:03,Shoulders,3,Rear Delt Reverse Fly (Machine),shoulders,machine,2,normal,20.0,15.0,,,
Workout_137,2025-07-20 23:58:03,Shoulders,3,Rear Delt Reverse Fly (Machine),shoulders,machine,3,normal,20.0,15.0,,,
Workout_137,2025-07-20 23:58:03,Shoulders,3,Rear Delt Reverse Fly (Machine),shoulders,machine,4,normal,25.0,15.0,,,
Workout_137,2025-07-20 23:58:03,Shoulders,4,Plate Front Raise,shoulders,plate,1,normal,5.0,15.0,,,
Workout_137,2025-07-20 23:58:03,Shoulders,4,Plate Front Raise,shoulders,plate,2,normal,10.0,15.0,,,
Workout_137,2025-07-20 23:58:03,Shoulders,4,Plate Front Raise,shoulders,plate,3,normal,10.0,15.0,,,
Workout_137,2025-07-20 23:58:03,Shoulders,4,Plate Front Raise,shoulders,plate,4,normal,15.0,10.0,,,
Workout_137,2025-07-20 23:58:03,Shoulders,5,Overhead Press (Barbell),shoulders,barbell,1,normal,15.0,15.0,,,
Workout_137,2025-07-20 23:58:03,Shoulders,5,Overhead Press (Barbell),shoulders,barbell,2,normal,20.0,10.0,,,
Workout_137,2025-07-20 23:58:03,Shoulders,5,Overhead Press (Barbell),shoulders,barbell,3,normal,20.0,10.0,,,
Workout_137,2025-07-20 23:58:03,Shoulders,5,Overhead Press (Barbell),shoulders,barbell,4,normal,20.0,15.0,,,
Workout_137,2025-07-20 23:58:03,Shoulders,6,Face Pull,shoulders,machine,1,normal,20.0,15.0,,,
Workout_137,2025-07-20 23:58:03,Shoulders,6,Face Pull,shoulders,machine,2,normal,25.0,15.0,,,
Workout_137,2025-07-20 23:58:03,Shoulders,6,Face Pull,shoulders,machine,3,normal,25.0,15.0,,,
Workout_137,2025-07-20 23:58:03,Shoulders,6,Face Pull,shoulders,machine,4,normal,30.0,15.0,,,
Workout_137,2025-07-20 23:58:03,Shoulders,7,Shrug (Dumbbell),traps,dumbbell,1,normal,20.0,20.0,,,
Workout_137,2025-07-20 23:58:03,Shoulders,7,Shrug (Dumbbell),traps,dumbbell,2,normal,20.0,20.0,,,
Workout_137,2025-07-20 23:58:03,Shoulders,7,Shrug (Dumbbell),traps,dumbbell,3,normal,25.0,20.0,,,
Workout_137,2025-07-20 23:58:03,Shoulders,7,Shrug (Dumbbell),traps,dumbbell,4,normal,25.0,20.0,,,
Workout_137,2025-07-20 23:58:03,Shoulders,8,Treadmill,cardio,machine,1,normal,,,,300.0,300.0
Workout_138,2025-07-21 23:56:25,Legs,1,Warm Up,full_body,none,1,normal,,,,,390.0
Workout_138,2025-07-21 23:56:25,Legs,2,Bicep Curl (Machine),biceps,machine,1,normal,15.0,15.0,,,
Workout_138,2025-07-21 23:56:25,Legs,2,Bicep Curl (Machine),biceps,machine,2,normal,10.0,15.0,,,
Workout_138,2025-07-21 23:56:25,Legs,2,Bicep Curl (Machine),biceps,machine,3,normal,10.0,15.0,,,
Workout_138,2025-07-21 23:56:25,Legs,2,Bicep Curl (Machine),biceps,machine,4,normal,15.0,10.0,,,
Workout_138,2025-07-21 23:56:25,Legs,3,Squat (Machine),quadriceps,machine,1,normal,5.0,15.0,,,
Workout_138,2025-07-21 23:56:25,Legs,3,Squat (Machine),quadriceps,machine,2,normal,5.0,15.0,,,
Workout_138,2025-07-21 23:56:25,Legs,3,Squat (Machine),quadriceps,machine,3,normal,20.0,15.0,,,
Workout_138,2025-07-21 23:56:25,Legs,3,Squat (Machine),quadriceps,machine,4,normal,20.0,15.0,,,
Workout_138,2025-07-21 23:56:25,Legs,4,Walking Lunge (Dumbbell),quadriceps,dumbbell,1,normal,10.0,,,2.0,
Workout_138,2025-07-21 23:56:25,Legs,4,Walking Lunge (Dumbbell),quadriceps,dumbbell,2,normal,10.0,,,2.0,
Workout_138,2025-07-21 23:56:25,Legs,4,Walking Lunge (Dumbbell),quadriceps,dumbbell,3,normal,15.0,,,2.0,
Workout_138,2025-07-21 23:56:25,Legs,5,Leg Extension (Machine),quadriceps,machine,1,normal,20.0,15.0,,,
Workout_138,2025-07-21 23:56:25,Legs,5,Leg Extension (Machine),quadriceps,machine,2,normal,25.0,15.0,,,
Workout_138,2025-07-21 23:56:25,Legs,5,Leg Extension (Machine),quadriceps,machine,3,normal,25.0,15.0,,,
Workout_138,2025-07-21 23:56:25,Legs,5,Leg Extension (Machine),quadriceps,machine,4,normal,30.0,10.0,,,
Workout_138,2025-07-21 23:56:25,Legs,6,Lying Leg Curl (Machine),hamstrings,machine,1,normal,20.0,15.0,,,
Workout_138,2025-07-21 23:56:25,Legs,6,Lying Leg Curl (Machine),hamstrings,machine,2,normal,25.0,15.0,,,
Workout_138,2025-07-21 23:56:25,Legs,6,Lying Leg Curl (Machine),hamstrings,machine,3,normal,25.0,15.0,,,
Workout_138,2025-07-21 23:56:25,Legs,6,Lying Leg Curl (Machine),hamstrings,machine,4,normal,30.0,10.0,,,
Workout_138,2025-07-21 23:56:25,Legs,7,Seated Calf Raise,calves,machine,1,normal,5.0,20.0,,,
Workout_138,2025-07-21 23:56:25,Legs,7,Seated Calf Raise,calves,machine,2,normal,5.0,20.0,,,
Workout_138,2025-07-21 23:56:25,Legs,7,Seated Calf Raise,calves,machine,3,normal,10.0,25.0,,,
Workout_138,2025-07-21 23:56:25,Legs,7,Seated Calf Raise,calves,machine,4,normal,10.0,25.0,,,
Workout_138,2025-07-21 23:56:25,Legs,8,Treadmill,cardio,machine,1,normal,,,,800.0,600.0
Workout_139,2025-07-23 00:04:15,Core,1,Warm Up,full_body,none,1,normal,,,,,440.0
Workout_139,2025-07-23 00:04:15,Core,2,Plank,abdominals,none,1,normal,,,,,120.0
Workout_139,2025-07-23 00:04:15,Core,2,Plank,abdominals,none,2,normal,,,,,120.0
Workout_139,2025-07-23 00:04:15,Core,2,Plank,abdominals,none,3,normal,,,,,60.0
Workout_139,2025-07-23 00:04:15,Core,3,Kettlebell Swing,full_body,kettlebell,1,normal,10.0,30.0,,,
Workout_139,2025-07-23 00:04:15,Core,3,Kettlebell Swing,full_body,kettlebell,2,normal,10.0,30.0,,,
Workout_139,2025-07-23 00:04:15,Core,3,Kettlebell Swing,full_body,kettlebell,3,normal,10.0,17.0,,,
Workout_139,2025-07-23 00:04:15,Core,4,Side Bend (Dumbbell),abdominals,dumbbell,1,normal,20.0,15.0,,,
Workout_139,2025-07-23 00:04:15,Core,4,Side Bend (Dumbbell),abdominals,dumbbell,2,normal,20.0,15.0,,,
Workout_139,2025-07-23 00:04:15,Core,4,Side Bend (Dumbbell),abdominals,dumbbell,3,normal,30.0,15.0,,,
Workout_139,2025-07-23 00:04:15,Core,4,Side Bend (Dumbbell),abdominals,dumbbell,4,normal,30.0,15.0,,,
Workout_139,2025-07-23 00:04:15,Core,5,Burpee,full_body,none,1,normal,,9.0,,,
Workout_140,2025-07-26 00:04:47,Morning workout ☀️,1,Warm Up,full_body,none,1,normal,,,,,334.0
Workout_140,2025-07-26 00:04:47,Morning workout ☀️,2,Lat Pulldown (Cable),lats,machine,1,normal,30.0,15.0,,,
Workout_140,2025-07-26 00:04:47,Morning workout ☀️,2,Lat Pulldown (Cable),lats,machine,2,normal,30.0,15.0,,,
Workout_140,2025-07-26 00:04:47,Morning workout ☀️,2,Lat Pulldown (Cable),lats,machine,3,normal,35.0,15.0,,,
Workout_140,2025-07-26 00:04:47,Morning workout ☀️,3,T Bar Row,upper_back,barbell,1,normal,15.0,15.0,,,
Workout_140,2025-07-26 00:04:47,Morning workout ☀️,3,T Bar Row,upper_back,barbell,2,normal,20.0,15.0,,,
Workout_140,2025-07-26 00:04:47,Morning workout ☀️,3,T Bar Row,upper_back,barbell,3,normal,20.0,15.0,,,
Workout_140,2025-07-26 00:04:47,Morning workout ☀️,3,T Bar Row,upper_back,barbell,4,normal,20.0,10.0,,,
Workout_140,2025-07-26 00:04:47,Morning workout ☀️,4,Back Extension (Weighted Hyperextension),lower_back,machine,1,normal,5.0,15.0,,,
Workout_140,2025-07-26 00:04:47,Morning workout ☀️,4,Back Extension (Weighted Hyperextension),lower_back,machine,2,normal,5.0,10.0,,,
Workout_140,2025-07-26 00:04:47,Morning workout ☀️,4,Back Extension (Weighted Hyperextension),lower_back,machine,3,normal,10.0,10.0,,,
Workout_140,2025-07-26 00:04:47,Morning workout ☀️,5,Dumbbell Row,lats,dumbbell,1,normal,15.0,15.0,,,
Workout_140,2025-07-26 00:04:47,Morning workout ☀️,5,Dumbbell Row,lats,dumbbell,2,normal,20.0,15.0,,,
Workout_140,2025-07-26 00:04:47,Morning workout ☀️,5,Dumbbell Row,lats,dumbbell,3,normal,20.0,15.0,,,
Workout_140,2025-07-26 00:04:47,Morning workout ☀️,5,Dumbbell Row,lats,dumbbell,4,normal,25.0,10.0,,,
Workout_141,2025-07-29 00:28:57,Chest,1,Warm Up,full_body,none,1,normal,,,,,342.0
Workout_141,2025-07-29 00:28:57,Chest,2,Bench Press (Barbell),chest,barbell,1,normal,30.0,15.0,,,
Workout_141,2025-07-29 00:28:57,Chest,2,Bench Press (Barbell),chest,barbell,2,normal,30.0,15.0,,,
Workout_141,2025-07-29 00:28:57,Chest,2,Bench Press (Barbell),chest,barbell,3,normal,40.0,10.0,,,
Workout_141,2025-07-29 00:28:57,Chest,2,Bench Press (Barbell),chest,barbell,4,normal,40.0,10.0,,,
Workout_141,2025-07-29 00:28:57,Chest,3,Decline Bench Press (Barbell),chest,barbell,1,normal,30.0,15.0,,,
Workout_141,2025-07-29 00:28:57,Chest,3,Decline Bench Press (Barbell),chest,barbell,2,normal,30.0,15.0,,,
Workout_141,2025-07-29 00:28:57,Chest,3,Decline Bench Press (Barbell),chest,barbell,3,normal,40.0,15.0,,,
Workout_141,2025-07-29 00:28:57,Chest,3,Decline Bench Press (Barbell),chest,barbell,4,normal,40.0,15.0,,,
Workout_141,2025-07-29 00:28:57,Chest,4,Iso-Lateral Chest Press (Machine),chest,machine,1,normal,10.0,15.0,,,
Workout_141,2025-07-29 00:28:57,Chest,4,Iso-Lateral Chest Press (Machine),chest,machine,2,normal,10.0,15.0,,,
Workout_141,2025-07-29 00:28:57,Chest,4,Iso-Lateral Chest Press (Machine),chest,machine,3,normal,15.0,10.0,,,
Workout_141,2025-07-29 00:28:57,Chest,5,Chest Press (Machine),chest,machine,1,normal,25.0,15.0,,,
Workout_141,2025-07-29 00:28:57,Chest,5,Chest Press (Machine),chest,machine,2,normal,25.0,15.0,,,
Workout_141,2025-07-29 00:28:57,Chest,5,Chest Press (Machine),chest,machine,3,normal,30.0,10.0,,,
Workout_141,2025-07-29 00:28:57,Chest,5,Chest Press (Machine),chest,machine,4,normal,25.0,10.0,,,
Workout_141,2025-07-29 00:28:57,Chest,6,Chest Fly (Machine),chest,machine,1,normal,25.0,15.0,,,
Workout_141,2025-07-29 00:28:57,Chest,6,Chest Fly (Machine),chest,machine,2,normal,25.0,15.0,,,
Workout_141,2025-07-29 00:28:57,Chest,6,Chest Fly (Machine),chest,machine,3,normal,30.0,10.0,,,
Workout_141,2025-07-29 00:28:57,Chest,6,Chest Fly (Machine),chest,machine,4,normal,30.0,10.0,,,
Workout_141,2025-07-29 00:28:57,Chest,7,Spinning,cardio,machine,1,normal,,,,,300.0
Workout_142,2025-07-30 23:55:08,Back,1,Warm Up,full_body,none,1,normal,,,,,122.0
Workout_142,2025-07-30 23:55:08,Back,2,Rear Delt Reverse Fly (Machine),shoulders,machine,1,normal,18.0,15.0,,,
Workout_142,2025-07-30 23:55:08,Back,2,Rear Delt Reverse Fly (Machine),shoulders,machine,2,normal,25.0,15.0,,,
Workout_142,2025-07-30 23:55:08,Back,2,Rear Delt Reverse Fly (Machine),shoulders,machine,3,normal,25.0,15.0,,,
Workout_142,2025-07-30 23:55:08,Back,2,Rear Delt Reverse Fly (Machine),shoulders,machine,4,normal,32.0,15.0,,,
Workout_142,2025-07-30 23:55:08,Back,3,Overhead Press (Barbell),shoulders,barbell,1,normal,15.0,15.0,,,
Workout_142,2025-07-30 23:55:08,Back,3,Overhead Press (Barbell),shoulders,barbell,2,normal,20.0,10.0,,,
Workout_142,2025-07-30 23:55:08,Back,3,Overhead Press (Barbell),shoulders,barbell,3,normal,20.0,10.0,,,
Workout_142,2025-07-30 23:55:08,Back,3,Overhead Press (Barbell),shoulders,barbell,4,normal,20.0,15.0,,,
Workout_142,2025-07-30 23:55:08,Back,4,Shrug (Dumbbell),traps,dumbbell,1,normal,20.0,20.0,,,
Workout_142,2025-07-30 23:55:08,Back,4,Shrug (Dumbbell),traps,dumbbell,2,normal,25.0,20.0,,,
Workout_142,2025-07-30 23:55:08,Back,4,Shrug (Dumbbell),traps,dumbbell,3,normal,25.0,20.0,,,
Workout_142,2025-07-30 23:55:08,Back,5,Treadmill,cardio,machine,1,normal,,,,320.0,180.0
Workout_143,2025-08-03 00:18:49,Chest,1,Warm Up,full_body,none,1,normal,,,,,335.0
Workout_143,2025-08-03 00:18:49,Chest,2,Bench Press (Dumbbell),chest,dumbbell,1,normal,10.0,15.0,,,
Workout_143,2025-08-03 00:18:49,Chest,2,Bench Press (Dumbbell),chest,dumbbell,2,normal,15.0,15.0,,,
Workout_143,2025-08-03 00:18:49,Chest,2,Bench Press (Dumbbell),chest,dumbbell,3,normal,15.0,15.0,,,
Workout_143,2025-08-03 00:18:49,Chest,2,Bench Press (Dumbbell),chest,dumbbell,4,normal,20.0,15.0,,,
Workout_143,2025-08-03 00:18:49,Chest,3,Incline Bench Press (Barbell),chest,barbell,1,normal,30.0,15.0,,,
Workout_143,2025-08-03 00:18:49,Chest,3,Incline Bench Press (Barbell),chest,barbell,2,normal,30.0,15.0,,,
Workout_143,2025-08-03 00:18:49,Chest,3,Incline Bench Press (Barbell),chest,barbell,3,normal,35.0,10.0,,,
Workout_143,2025-08-03 00:18:49,Chest,3,Incline Bench Press (Barbell),chest,barbell,4,normal,35.0,7.0,,,
Workout_143,2025-08-03 00:18:49,Chest,4,Triceps Dip (Assisted),triceps,machine,1,normal,120.0,15.0,,,
Workout_143,2025-08-03 00:18:49,Chest,4,Triceps Dip (Assisted),triceps,machine,2,normal,90.0,5.0,,,
Workout_143,2025-08-03 00:18:49,Chest,4,Triceps Dip (Assisted),triceps,machine,3,normal,105.0,7.0,,,
Workout_143,2025-08-03 00:18:49,Chest,4,Triceps Dip (Assisted),triceps,machine,4,normal,105.0,7.0,,,
Workout_143,2025-08-03 00:18:49,Chest,5,Chest Press (Machine),chest,machine,1,normal,25.0,15.0,,,
Workout_143,2025-08-03 00:18:49,Chest,5,Chest Press (Machine),chest,machine,2,normal,25.0,15.0,,,
Workout_143,2025-08-03 00:18:49,Chest,5,Chest Press (Machine),chest,machine,3,normal,30.0,10.0,,,
Workout_143,2025-08-03 00:18:49,Chest,5,Chest Press (Machine),chest,machine,4,normal,30.0,10.0,,,
Workout_143,2025-08-03 00:18:49,Chest,6,Chest Fly (Machine),chest,machine,1,normal,25.0,15.0,,,
Workout_143,2025-08-03 00:18:49,Chest,6,Chest Fly (Machine),chest,machine,2,normal,25.0,15.0,,,
Workout_143,2025-08-03 00:18:49,Chest,6,Chest Fly (Machine),chest,machine,3,normal,30.0,10.0,,,
Workout_143,2025-08-03 00:18:49,Chest,6,Chest Fly (Machine),chest,machine,4,normal,30.0,7.0,,,
Workout_143,2025-08-03 00:18:49,Chest,7,Treadmill,cardio,machine,1,normal,,,,700.0,520.0
Workout_144,2025-08-04 00:05:56,Back + biceps,1,Warm Up,full_body,none,1,normal,,,,,351.0
Workout_144,2025-08-04 00:05:56,Back + biceps,2,Iso-Lateral High Row (Machine),lats,machine,1,normal,20.0,15.0,,,
Workout_144,2025-08-04 00:05:56,Back + biceps,2,Iso-Lateral High Row (Machine),lats,machine,2,normal,30.0,10.0,,,
Workout_144,2025-08-04 00:05:56,Back + biceps,2,Iso-Lateral High Row (Machine),lats,machine,3,normal,30.0,10.0,,,
Workout_144,2025-08-04 00:05:56,Back + biceps,2,Iso-Lateral High Row (Machine),lats,machine,4,normal,30.0,10.0,,,
Workout_144,2025-08-04 00:05:56,Back + biceps,3,T Bar Row,upper_back,barbell,1,normal,20.0,15.0,,,
Workout_144,2025-08-04 00:05:56,Back + biceps,3,T Bar Row,upper_back,barbell,2,normal,20.0,15.0,,,
Workout_144,2025-08-04 00:05:56,Back + biceps,3,T Bar Row,upper_back,barbell,3,normal,25.0,15.0,,,
Workout_144,2025-08-04 00:05:56,Back + biceps,3,T Bar Row,upper_back,barbell,4,normal,25.0,15.0,,,
Workout_144,2025-08-04 00:05:56,Back + biceps,4,Lat Pulldown (Cable),lats,machine,1,normal,32.5,15.0,,,
Workout_144,2025-08-04 00:05:56,Back + biceps,4,Lat Pulldown (Cable),lats,machine,2,normal,32.5,10.0,,,
Workout_144,2025-08-04 00:05:56,Back + biceps,4,Lat Pulldown (Cable),lats,machine,3,normal,32.5,10.0,,,
Workout_144,2025-08-04 00:05:56,Back + biceps,4,Lat Pulldown (Cable),lats,machine,4,normal,39.0,6.0,,,
Workout_144,2025-08-04 00:05:56,Back + biceps,5,Back Extension (Weighted Hyperextension),lower_back,machine,1,normal,5.0,15.0,,,
Workout_144,2025-08-04 00:05:56,Back + biceps,5,Back Extension (Weighted Hyperextension),lower_back,machine,2,normal,5.0,15.0,,,
Workout_144,2025-08-04 00:05:56,Back + biceps,5,Back Extension (Weighted Hyperextension),lower_back,machine,3,normal,5.0,10.0,,,
Workout_144,2025-08-04 00:05:56,Back + biceps,6,Chin Up (Assisted),lats,machine,1,normal,105.0,10.0,,,
Workout_144,2025-08-04 00:05:56,Back + biceps,6,Chin Up (Assisted),lats,machine,2,normal,105.0,10.0,,,
Workout_144,2025-08-04 00:05:56,Back + biceps,6,Chin Up (Assisted),lats,machine,3,normal,105.0,4.0,,,
Workout_144,2025-08-04 00:05:56,Back + biceps,7,Bicep Curl (Machine),biceps,machine,1,normal,10.0,15.0,,,
Workout_144,2025-08-04 00:05:56,Back + biceps,7,Bicep Curl (Machine),biceps,machine,2,normal,10.0,15.0,,,
Workout_144,2025-08-04 00:05:56,Back + biceps,7,Bicep Curl (Machine),biceps,machine,3,normal,15.0,10.0,,,
Workout_144,2025-08-04 00:05:56,Back + biceps,7,Bicep Curl (Machine),biceps,machine,4,normal,15.0,10.0,,,
Workout_144,2025-08-04 00:05:56,Back + biceps,8,Bicep Curl (Dumbbell),biceps,dumbbell,1,normal,10.0,20.0,,,
Workout_144,2025-08-04 00:05:56,Back + biceps,8,Bicep Curl (Dumbbell),biceps,dumbbell,2,normal,10.0,20.0,,,
Workout_144,2025-08-04 00:05:56,Back + biceps,8,Bicep Curl (Dumbbell),biceps,dumbbell,3,normal,15.0,15.0,,,
Workout_144,2025-08-04 00:05:56,Back + biceps,8,Bicep Curl (Dumbbell),biceps,dumbbell,4,normal,15.0,15.0,,,
Workout_144,2025-08-04 00:05:56,Back + biceps,9,Hammer Curl (Dumbbell),biceps,dumbbell,1,normal,10.0,15.0,,,
Workout_144,2025-08-04 00:05:56,Back + biceps,9,Hammer Curl (Dumbbell),biceps,dumbbell,2,normal,15.0,15.0,,,
Workout_145,2025-08-05 02:01:26,Shoulder,1,Warm Up,full_body,none,1,normal,,,,,263.0
Workout_145,2025-08-05 02:01:26,Shoulder,2,Standing Military Press (Barbell),shoulders,barbell,1,normal,20.0,15.0,,,
Workout_145,2025-08-05 02:01:26,Shoulder,2,Standing Military Press (Barbell),shoulders,barbell,2,normal,20.0,15.0,,,
Workout_145,2025-08-05 02:01:26,Shoulder,2,Standing Military Press (Barbell),shoulders,barbell,3,normal,20.0,15.0,,,
Workout_145,2025-08-05 02:01:26,Shoulder,2,Standing Military Press (Barbell),shoulders,barbell,4,normal,25.0,7.0,,,
Workout_145,2025-08-05 02:01:26,Shoulder,3,Face Pull,shoulders,machine,1,normal,25.0,15.0,,,
Workout_145,2025-08-05 02:01:26,Shoulder,3,Face Pull,shoulders,machine,2,normal,25.0,15.0,,,
Workout_145,2025-08-05 02:01:26,Shoulder,3,Face Pull,shoulders,machine,3,normal,30.0,15.0,,,
Workout_145,2025-08-05 02:01:26,Shoulder,3,Face Pull,shoulders,machine,4,normal,30.0,15.0,,,
Workout_145,2025-08-05 02:01:26,Shoulder,4,Overhead Press (Dumbbell),shoulders,dumbbell,1,normal,15.0,20.0,,,
Workout_145,2025-08-05 02:01:26,Shoulder,4,Overhead Press (Dumbbell),shoulders,dumbbell,2,normal,15.0,20.0,,,
Workout_145,2025-08-05 02:01:26,Shoulder,4,Overhead Press (Dumbbell),shoulders,dumbbell,3,normal,20.0,15.0,,,
Workout_145,2025-08-05 02:01:26,Shoulder,4,Overhead Press (Dumbbell),shoulders,dumbbell,4,normal,20.0,15.0,,,
Workout_145,2025-08-05 02:01:26,Shoulder,5,Shrug (Dumbbell),traps,dumbbell,1,normal,25.0,20.0,,,
Workout_145,2025-08-05 02:01:26,Shoulder,5,Shrug (Dumbbell),traps,dumbbell,2,normal,25.0,20.0,,,
Workout_145,2025-08-05 02:01:26,Shoulder,5,Shrug (Dumbbell),traps,dumbbell,3,normal,30.0,15.0,,,
Workout_145,2025-08-05 02:01:26,Shoulder,5,Shrug (Dumbbell),traps,dumbbell,4,normal,30.0,15.0,,,
Workout_145,2025-08-05 02:01:26,Shoulder,6,Upright Row (Barbell),shoulders,barbell,1,normal,15.0,15.0,,,
Workout_145,2025-08-05 02:01:26,Shoulder,6,Upright Row (Barbell),shoulders,barbell,2,normal,15.0,15.0,,,
Workout_145,2025-08-05 02:01:26,Shoulder,6,Upright Row (Barbell),shoulders,barbell,3,normal,20.0,15.0,,,
Workout_145,2025-08-05 02:01:26,Shoulder,6,Upright Row (Barbell),shoulders,barbell,4,normal,20.0,15.0,,,
Workout_145,2025-08-05 02:01:26,Shoulder,7,Plate Front Raise,shoulders,plate,1,normal,10.0,15.0,,,
Workout_145,2025-08-05 02:01:26,Shoulder,7,Plate Front Raise,shoulders,plate,2,normal,10.0,15.0,,,
Workout_145,2025-08-05 02:01:26,Shoulder,7,Plate Front Raise,shoulders,plate,3,normal,15.0,15.0,,,
Workout_145,2025-08-05 02:01:26,Shoulder,7,Plate Front Raise,shoulders,plate,4,normal,15.0,15.0,,,
Workout_145,2025-08-05 02:01:26,Shoulder,8,Burpee,full_body,none,1,normal,,10.0,,,
Workout_145,2025-08-05 02:01:26,Shoulder,8,Burpee,full_body,none,2,normal,,10.0,,,
Workout_145,2025-08-05 02:01:26,Shoulder,8,Burpee,full_body,none,3,normal,,10.0,,,
Workout_145,2025-08-05 02:01:26,Shoulder,8,Burpee,full_body,none,4,normal,,10.0,,,
Workout_146,2025-08-06 00:05:03,Legs,1,Warm Up,full_body,none,1,normal,,,,,313.0
Workout_146,2025-08-06 00:05:03,Legs,2,Leg Press (Machine),quadriceps,machine,1,normal,30.0,15.0,,,
Workout_146,2025-08-06 00:05:03,Legs,2,Leg Press (Machine),quadriceps,machine,2,normal,30.0,15.0,,,
Workout_146,2025-08-06 00:05:03,Legs,2,Leg Press (Machine),quadriceps,machine,3,normal,40.0,15.0,,,
Workout_146,2025-08-06 00:05:03,Legs,2,Leg Press (Machine),quadriceps,machine,4,normal,40.0,15.0,,,
Workout_146,2025-08-06 00:05:03,Legs,3,Leg Extension (Machine),quadriceps,machine,1,normal,25.0,20.0,,,
Workout_146,2025-08-06 00:05:03,Legs,3,Leg Extension (Machine),quadriceps,machine,2,normal,30.0,15.0,,,
Workout_146,2025-08-06 00:05:03,Legs,3,Leg Extension (Machine),quadriceps,machine,3,normal,30.0,15.0,,,
Workout_146,2025-08-06 00:05:03,Legs,3,Leg Extension (Machine),quadriceps,machine,4,normal,40.0,15.0,,,
Workout_146,2025-08-06 00:05:03,Legs,4,Walking Lunge (Dumbbell),quadriceps,dumbbell,1,normal,10.0,,,2.0,
Workout_146,2025-08-06 00:05:03,Legs,4,Walking Lunge (Dumbbell),quadriceps,dumbbell,2,normal,10.0,,,2.0,
Workout_146,2025-08-06 00:05:03,Legs,4,Walking Lunge (Dumbbell),quadriceps,dumbbell,3,normal,20.0,,,2.0,
Workout_146,2025-08-06 00:05:03,Legs,5,Sumo Squat (Dumbbell),quadriceps,dumbbell,1,normal,10.0,15.0,,,
Workout_146,2025-08-06 00:05:03,Legs,5,Sumo Squat (Dumbbell),quadriceps,dumbbell,2,normal,10.0,15.0,,,
Workout_146,2025-08-06 00:05:03,Legs,5,Sumo Squat (Dumbbell),quadriceps,dumbbell,3,normal,12.5,15.0,,,
Workout_146,2025-08-06 00:05:03,Legs,5,Sumo Squat (Dumbbell),quadriceps,dumbbell,4,normal,12.5,15.0,,,
Workout_146,2025-08-06 00:05:03,Legs,6,Lying Leg Curl (Machine),hamstrings,machine,1,normal,25.0,15.0,,,
Workout_146,2025-08-06 00:05:03,Legs,6,Lying Leg Curl (Machine),hamstrings,machine,2,normal,25.0,15.0,,,
Workout_146,2025-08-06 00:05:03,Legs,6,Lying Leg Curl (Machine),hamstrings,machine,3,normal,30.0,10.0,,,
Workout_146,2025-08-06 00:05:03,Legs,6,Lying Leg Curl (Machine),hamstrings,machine,4,normal,30.0,10.0,,,
Workout_146,2025-08-06 00:05:03,Legs,7,Seated Calf Raise,calves,machine,1,normal,5.0,20.0,,,
Workout_146,2025-08-06 00:05:03,Legs,7,Seated Calf Raise,calves,machine,2,normal,10.0,15.0,,,
Workout_146,2025-08-06 00:05:03,Legs,7,Seated Calf Raise,calves,machine,3,normal,10.0,15.0,,,
Workout_146,2025-08-06 00:05:03,Legs,7,Seated Calf Raise,calves,machine,4,normal,15.0,20.0,,,
Workout_147,2025-08-08 23:57:23,Back,1,Warm Up,full_body,none,1,normal,,,,,325.0
Workout_147,2025-08-08 23:57:23,Back,2,Lat Pulldown (Cable),lats,machine,1,normal,32.5,15.0,,,
Workout_147,2025-08-08 23:57:23,Back,2,Lat Pulldown (Cable),lats,machine,2,normal,32.5,10.0,,,
Workout_147,2025-08-08 23:57:23,Back,2,Lat Pulldown (Cable),lats,machine,3,normal,39.0,9.0,,,
Workout_147,2025-08-08 23:57:23,Back,2,Lat Pulldown (Cable),lats,machine,4,normal,32.5,10.0,,,
Workout_147,2025-08-08 23:57:23,Back,3,Iso-Lateral High Row (Machine),lats,machine,1,normal,20.0,15.0,,,
Workout_147,2025-08-08 23:57:23,Back,3,Iso-Lateral High Row (Machine),lats,machine,2,normal,30.0,10.0,,,
Workout_147,2025-08-08 23:57:23,Back,3,Iso-Lateral High Row (Machine),lats,machine,3,normal,30.0,10.0,,,
Workout_147,2025-08-08 23:57:23,Back,3,Iso-Lateral High Row (Machine),lats,machine,4,normal,30.0,10.0,,,
Workout_147,2025-08-08 23:57:23,Back,4,Dumbbell Row,lats,dumbbell,1,normal,20.0,15.0,,,
Workout_147,2025-08-08 23:57:23,Back,4,Dumbbell Row,lats,dumbbell,2,normal,20.0,15.0,,,
Workout_147,2025-08-08 23:57:23,Back,4,Dumbbell Row,lats,dumbbell,3,normal,25.0,15.0,,,
Workout_147,2025-08-08 23:57:23,Back,4,Dumbbell Row,lats,dumbbell,4,normal,25.0,15.0,,,
Workout_147,2025-08-08 23:57:23,Back,5,Back Extension (Weighted Hyperextension),lower_back,machine,1,normal,5.0,15.0,,,
Workout_147,2025-08-08 23:57:23,Back,5,Back Extension (Weighted Hyperextension),lower_back,machine,2,normal,5.0,15.0,,,
Workout_147,2025-08-08 23:57:23,Back,5,Back Extension (Weighted Hyperextension),lower_back,machine,3,normal,10.0,7.0,,,
Workout_147,2025-08-08 23:57:23,Back,5,Back Extension (Weighted Hyperextension),lower_back,machine,4,normal,10.0,5.0,,,
Workout_147,2025-08-08 23:57:23,Back,6,Seated Row (Machine),upper_back,machine,1,normal,30.0,15.0,,,
Workout_147,2025-08-08 23:57:23,Back,6,Seated Row (Machine),upper_back,machine,2,normal,30.0,15.0,,,
Workout_147,2025-08-08 23:57:23,Back,6,Seated Row (Machine),upper_back,machine,3,normal,35.0,10.0,,,
Workout_147,2025-08-08 23:57:23,Back,6,Seated Row (Machine),upper_back,machine,4,normal,35.0,10.0,,,
Workout_147,2025-08-08 23:57:23,Back,7,Bicep Curl (Dumbbell),biceps,dumbbell,1,normal,10.0,20.0,,,
Workout_147,2025-08-08 23:57:23,Back,7,Bicep Curl (Dumbbell),biceps,dumbbell,2,normal,10.0,20.0,,,
Workout_147,2025-08-08 23:57:23,Back,7,Bicep Curl (Dumbbell),biceps,dumbbell,3,normal,20.0,10.0,,,
Workout_147,2025-08-08 23:57:23,Back,7,Bicep Curl (Dumbbell),biceps,dumbbell,4,normal,20.0,5.0,,,
Workout_147,2025-08-08 23:57:23,Back,8,Rope Cable Curl,biceps,machine,1,normal,20.0,15.0,,,
Workout_147,2025-08-08 23:57:23,Back,8,Rope Cable Curl,biceps,machine,2,normal,20.0,15.0,,,
Workout_147,2025-08-08 23:57:23,Back,8,Rope Cable Curl,biceps,machine,3,normal,25.0,10.0,,,
Workout_147,2025-08-08 23:57:23,Back,8,Rope Cable Curl,biceps,machine,4,normal,25.0,10.0,,,
Workout_148,2025-08-10 00:09:41,Chest,1,Warm Up,full_body,none,1,normal,,,,,365.0
Workout_148,2025-08-10 00:09:41,Chest,2,Incline Bench Press (Barbell),chest,barbell,1,normal,30.0,15.0,,,
Workout_148,2025-08-10 00:09:41,Chest,2,Incline Bench Press (Barbell),chest,barbell,2,normal,35.0,15.0,,,
Workout_148,2025-08-10 00:09:41,Chest,2,Incline Bench Press (Barbell),chest,barbell,3,normal,35.0,10.0,,,
Workout_148,2025-08-10 00:09:41,Chest,2,Incline Bench Press (Barbell),chest,barbell,4,normal,40.0,6.0,,,
Workout_148,2025-08-10 00:09:41,Chest,3,Bench Press (Barbell),chest,barbell,1,normal,30.0,15.0,,,
Workout_148,2025-08-10 00:09:41,Chest,3,Bench Press (Barbell),chest,barbell,2,normal,35.0,15.0,,,
Workout_148,2025-08-10 00:09:41,Chest,3,Bench Press (Barbell),chest,barbell,3,normal,35.0,12.0,,,
Workout_148,2025-08-10 00:09:41,Chest,3,Bench Press (Barbell),chest,barbell,4,normal,40.0,7.0,,,
Workout_148,2025-08-10 00:09:41,Chest,4,Iso-Lateral Chest Press (Machine),chest,machine,1,normal,10.0,15.0,,,
Workout_148,2025-08-10 00:09:41,Chest,4,Iso-Lateral Chest Press (Machine),chest,machine,2,normal,25.0,15.0,,,
Workout_148,2025-08-10 00:09:41,Chest,4,Iso-Lateral Chest Press (Machine),chest,machine,3,normal,25.0,10.0,,,
Workout_148,2025-08-10 00:09:41,Chest,4,Iso-Lateral Chest Press (Machine),chest,machine,4,normal,25.0,6.0,,,
Workout_148,2025-08-10 00:09:41,Chest,5,Chest Press (Machine),chest,machine,1,normal,30.0,15.0,,,
Workout_148,2025-08-10 00:09:41,Chest,5,Chest Press (Machine),chest,machine,2,normal,30.0,15.0,,,
Workout_148,2025-08-10 00:09:41,Chest,5,Chest Press (Machine),chest,machine,3,normal,35.0,5.0,,,
Workout_148,2025-08-10 00:09:41,Chest,5,Chest Press (Machine),chest,machine,4,normal,30.0,10.0,,,
Workout_148,2025-08-10 00:09:41,Chest,6,Seated Dip Machine,triceps,machine,1,normal,30.0,15.0,,,
Workout_148,2025-08-10 00:09:41,Chest,6,Seated Dip Machine,triceps,machine,2,normal,30.0,15.0,,,
Workout_148,2025-08-10 00:09:41,Chest,6,Seated Dip Machine,triceps,machine,3,normal,35.0,15.0,,,
Workout_148,2025-08-10 00:09:41,Chest,6,Seated Dip Machine,triceps,machine,4,normal,35.0,15.0,,,
Workout_148,2025-08-10 00:09:41,Chest,7,Spinning,cardio,machine,1,normal,,,,,300.0
Workout_149,2025-08-11 00:06:59,Shoulder,1,Warm Up,full_body,none,1,normal,,,,,385.0
Workout_149,2025-08-11 00:06:59,Shoulder,2,Overhead Press (Dumbbell),shoulders,dumbbell,1,normal,15.0,20.0,,,
Workout_149,2025-08-11 00:06:59,Shoulder,2,Overhead Press (Dumbbell),shoulders,dumbbell,2,normal,20.0,15.0,,,
Workout_149,2025-08-11 00:06:59,Shoulder,2,Overhead Press (Dumbbell),shoulders,dumbbell,3,normal,20.0,15.0,,,
Workout_149,2025-08-11 00:06:59,Shoulder,2,Overhead Press (Dumbbell),shoulders,dumbbell,4,normal,20.0,13.0,,,
Workout_149,2025-08-11 00:06:59,Shoulder,3,Upright Row (Barbell),shoulders,barbell,1,normal,15.0,15.0,,,
Workout_149,2025-08-11 00:06:59,Shoulder,3,Upright Row (Barbell),shoulders,barbell,2,normal,15.0,15.0,,,
Workout_149,2025-08-11 00:06:59,Shoulder,3,Upright Row (Barbell),shoulders,barbell,3,normal,20.0,15.0,,,
Workout_149,2025-08-11 00:06:59,Shoulder,3,Upright Row (Barbell),shoulders,barbell,4,normal,20.0,15.0,,,
Workout_149,2025-08-11 00:06:59,Shoulder,4,Rear Delt Reverse Fly (Dumbbell),shoulders,dumbbell,1,normal,10.0,15.0,,,
Workout_149,2025-08-11 00:06:59,Shoulder,4,Rear Delt Reverse Fly (Dumbbell),shoulders,dumbbell,2,normal,10.0,15.0,,,
Workout_149,2025-08-11 00:06:59,Shoulder,4,Rear Delt Reverse Fly (Dumbbell),shoulders,dumbbell,3,normal,15.0,15.0,,,
Workout_149,2025-08-11 00:06:59,Shoulder,4,Rear Delt Reverse Fly (Dumbbell),shoulders,dumbbell,4,normal,15.0,15.0,,,
Workout_149,2025-08-11 00:06:59,Shoulder,5,Plate Front Raise,shoulders,plate,1,normal,10.0,15.0,,,
Workout_149,2025-08-11 00:06:59,Shoulder,5,Plate Front Raise,shoulders,plate,2,normal,15.0,15.0,,,
Workout_149,2025-08-11 00:06:59,Shoulder,5,Plate Front Raise,shoulders,plate,3,normal,15.0,15.0,,,
Workout_149,2025-08-11 00:06:59,Shoulder,5,Plate Front Raise,shoulders,plate,4,normal,15.0,15.0,,,
Workout_149,2025-08-11 00:06:59,Shoulder,6,Face Pull,shoulders,machine,1,normal,25.0,15.0,,,
Workout_149,2025-08-11 00:06:59,Shoulder,6,Face Pull,shoulders,machine,2,normal,25.0,15.0,,,
Workout_149,2025-08-11 00:06:59,Shoulder,6,Face Pull,shoulders,machine,3,normal,30.0,15.0,,,
Workout_149,2025-08-11 00:06:59,Shoulder,6,Face Pull,shoulders,machine,4,normal,30.0,15.0,,,
Workout_149,2025-08-11 00:06:59,Shoulder,7,Shrug (Dumbbell),traps,dumbbell,1,normal,25.0,20.0,,,
Workout_149,2025-08-11 00:06:59,Shoulder,7,Shrug (Dumbbell),traps,dumbbell,2,normal,25.0,20.0,,,
Workout_149,2025-08-11 00:06:59,Shoulder,7,Shrug (Dumbbell),traps,dumbbell,3,normal,30.0,15.0,,,
Workout_149,2025-08-11 00:06:59,Shoulder,7,Shrug (Dumbbell),traps,dumbbell,4,normal,30.0,15.0,,,
Workout_149,2025-08-11 00:06:59,Shoulder,8,Treadmill,cardio,machine,1,normal,,,,400.0,300.0
Workout_150,2025-08-13 00:50:31,Legs,1,Warm Up,full_body,none,1,normal,,,,,367.0
Workout_150,2025-08-13 00:50:31,Legs,2,Leg Press (Machine),quadriceps,machine,1,normal,50.0,15.0,,,
Workout_150,2025-08-13 00:50:31,Legs,2,Leg Press (Machine),quadriceps,machine,2,normal,60.0,15.0,,,
Workout_150,2025-08-13 00:50:31,Legs,2,Leg Press (Machine),quadriceps,machine,3,normal,60.0,15.0,,,
Workout_150,2025-08-13 00:50:31,Legs,2,Leg Press (Machine),quadriceps,machine,4,normal,70.0,15.0,,,
Workout_150,2025-08-13 00:50:31,Legs,3,Leg Extension (Machine),quadriceps,machine,1,normal,30.0,20.0,,,
Workout_150,2025-08-13 00:50:31,Legs,3,Leg Extension (Machine),quadriceps,machine,2,normal,30.0,15.0,,,
Workout_150,2025-08-13 00:50:31,Legs,3,Leg Extension (Machine),quadriceps,machine,3,normal,35.0,15.0,,,
Workout_150,2025-08-13 00:50:31,Legs,3,Leg Extension (Machine),quadriceps,machine,4,normal,35.0,15.0,,,
Workout_150,2025-08-13 00:50:31,Legs,4,Lying Leg Curl (Machine),hamstrings,machine,1,normal,30.0,15.0,,,
Workout_150,2025-08-13 00:50:31,Legs,4,Lying Leg Curl (Machine),hamstrings,machine,2,normal,30.0,15.0,,,
Workout_150,2025-08-13 00:50:31,Legs,4,Lying Leg Curl (Machine),hamstrings,machine,3,normal,35.0,14.0,,,
Workout_150,2025-08-13 00:50:31,Legs,4,Lying Leg Curl (Machine),hamstrings,machine,4,normal,35.0,10.0,,,
Workout_150,2025-08-13 00:50:31,Legs,5,Squat (Dumbbell),quadriceps,dumbbell,1,normal,15.0,15.0,,,
Workout_150,2025-08-13 00:50:31,Legs,5,Squat (Dumbbell),quadriceps,dumbbell,2,normal,15.0,15.0,,,
Workout_150,2025-08-13 00:50:31,Legs,5,Squat (Dumbbell),quadriceps,dumbbell,3,normal,20.0,12.0,,,
Workout_150,2025-08-13 00:50:31,Legs,5,Squat (Dumbbell),quadriceps,dumbbell,4,normal,20.0,10.0,,,
Workout_150,2025-08-13 00:50:31,Legs,6,Spinning,cardio,machine,1,normal,,,,,333.0
Workout_151,2025-08-16 00:11:12,Chest,1,Warm Up,full_body,none,1,normal,,,,,312.0
Workout_151,2025-08-16 00:11:12,Chest,2,Chest Press (Machine),chest,machine,1,normal,30.0,15.0,,,
Workout_151,2025-08-16 00:11:12,Chest,2,Chest Press (Machine),chest,machine,2,normal,30.0,15.0,,,
Workout_151,2025-08-16 00:11:12,Chest,2,Chest Press (Machine),chest,machine,3,normal,35.0,10.0,,,
Workout_151,2025-08-16 00:11:12,Chest,2,Chest Press (Machine),chest,machine,4,normal,35.0,10.0,,,
Workout_151,2025-08-16 00:11:12,Chest,3,Iso-Lateral Chest Press (Machine),chest,machine,1,normal,25.0,15.0,,,
Workout_151,2025-08-16 00:11:12,Chest,3,Iso-Lateral Chest Press (Machine),chest,machine,2,normal,25.0,15.0,,,
Workout_151,2025-08-16 00:11:12,Chest,3,Iso-Lateral Chest Press (Machine),chest,machine,3,normal,30.0,10.0,,,
Workout_151,2025-08-16 00:11:12,Chest,3,Iso-Lateral Chest Press (Machine),chest,machine,4,normal,30.0,6.0,,,
Workout_151,2025-08-16 00:11:12,Chest,4,Chest Fly (Machine),chest,machine,1,normal,30.0,15.0,,,
Workout_151,2025-08-16 00:11:12,Chest,4,Chest Fly (Machine),chest,machine,2,normal,30.0,15.0,,,
Workout_151,2025-08-16 00:11:12,Chest,4,Chest Fly (Machine),chest,machine,3,normal,35.0,10.0,,,
Workout_151,2025-08-16 00:11:12,Chest,4,Chest Fly (Machine),chest,machine,4,normal,35.0,10.0,,,
Workout_151,2025-08-16 00:11:12,Chest,5,Bench Press (Barbell),chest,barbell,1,normal,35.0,15.0,,,
Workout_151,2025-08-16 00:11:12,Chest,5,Bench Press (Barbell),chest,barbell,2,normal,35.0,10.0,,,
Workout_151,2025-08-16 00:11:12,Chest,5,Bench Press (Barbell),chest,barbell,3,normal,40.0,8.0,,,
Workout_151,2025-08-16 00:11:12,Chest,5,Bench Press (Barbell),chest,barbell,4,normal,40.0,7.0,,,
Workout_151,2025-08-16 00:11:12,Chest,6,Treadmill,cardio,machine,1,normal,,,,380.0,300.0
Workout_152,2025-08-17 00:13:39,Back,1,Warm Up,full_body,none,1,normal,,,,,324.0
Workout_152,2025-08-17 00:13:39,Back,2,Lat Pulldown (Cable),lats,machine,1,normal,32.5,15.0,,,
Workout_152,2025-08-17 00:13:39,Back,2,Lat Pulldown (Cable),lats,machine,2,normal,32.5,15.0,,,
Workout_152,2025-08-17 00:13:39,Back,2,Lat Pulldown (Cable),lats,machine,3,normal,39.0,9.0,,,
Workout_152,2025-08-17 00:13:39,Back,2,Lat Pulldown (Cable),lats,machine,4,normal,39.0,10.0,,,
Workout_152,2025-08-17 00:13:39,Back,3,Seated Row (Machine),upper_back,machine,1,normal,30.0,15.0,,,
Workout_152,2025-08-17 00:13:39,Back,3,Seated Row (Machine),upper_back,machine,2,normal,35.0,15.0,,,
Workout_152,2025-08-17 00:13:39,Back,3,Seated Row (Machine),upper_back,machine,3,normal,35.0,15.0,,,
Workout_152,2025-08-17 00:13:39,Back,3,Seated Row (Machine),upper_back,machine,4,normal,40.0,10.0,,,
Workout_152,2025-08-17 00:13:39,Back,4,T Bar Row,upper_back,barbell,1,normal,20.0,15.0,,,
Workout_152,2025-08-17 00:13:39,Back,4,T Bar Row,upper_back,barbell,2,normal,25.0,10.0,,,
Workout_152,2025-08-17 00:13:39,Back,4,T Bar Row,upper_back,barbell,3,normal,25.0,10.0,,,
Workout_152,2025-08-17 00:13:39,Back,4,T Bar Row,upper_back,barbell,4,normal,25.0,15.0,,,
Workout_152,2025-08-17 00:13:39,Back,5,Iso-Lateral High Row (Machine),lats,machine,1,normal,30.0,13.0,,,
Workout_152,2025-08-17 00:13:39,Back,5,Iso-Lateral High Row (Machine),lats,machine,2,normal,30.0,14.0,,,
Workout_152,2025-08-17 00:13:39,Back,5,Iso-Lateral High Row (Machine),lats,machine,3,normal,30.0,10.0,,,
Workout_152,2025-08-17 00:13:39,Back,5,Iso-Lateral High Row (Machine),lats,machine,4,normal,30.0,10.0,,,
Workout_152,2025-08-17 00:13:39,Back,6,Back Extension (Weighted Hyperextension),lower_back,machine,1,normal,5.0,15.0,,,
Workout_152,2025-08-17 00:13:39,Back,6,Back Extension (Weighted Hyperextension),lower_back,machine,2,normal,10.0,12.0,,,
Workout_152,2025-08-17 00:13:39,Back,6,Back Extension (Weighted Hyperextension),lower_back,machine,3,normal,10.0,10.0,,,
Workout_152,2025-08-17 00:13:39,Back,6,Back Extension (Weighted Hyperextension),lower_back,machine,4,normal,10.0,10.0,,,
Workout_152,2025-08-17 00:13:39,Back,7,Bicep Curl (Machine),biceps,machine,1,normal,10.0,13.0,,,
Workout_152,2025-08-17 00:13:39,Back,7,Bicep Curl (Machine),biceps,machine,2,normal,15.0,10.0,,,
Workout_152,2025-08-17 00:13:39,Back,7,Bicep Curl (Machine),biceps,machine,3,normal,15.0,10.0,,,
Workout_152,2025-08-17 00:13:39,Back,7,Bicep Curl (Machine),biceps,machine,4,normal,20.0,5.0,,,
Workout_152,2025-08-17 00:13:39,Back,8,Bicep Curl (Barbell),biceps,barbell,1,normal,15.0,12.0,,,
Workout_152,2025-08-17 00:13:39,Back,8,Bicep Curl (Barbell),biceps,barbell,2,normal,15.0,15.0,,,
Workout_152,2025-08-17 00:13:39,Back,8,Bicep Curl (Barbell),biceps,barbell,3,normal,20.0,7.0,,,
Workout_152,2025-08-17 00:13:39,Back,9,Hammer Curl (Dumbbell),biceps,dumbbell,1,normal,10.0,15.0,,,
Workout_152,2025-08-17 00:13:39,Back,9,Hammer Curl (Dumbbell),biceps,dumbbell,2,normal,15.0,15.0,,,
Workout_152,2025-08-17 00:13:39,Back,9,Hammer Curl (Dumbbell),biceps,dumbbell,3,normal,15.0,7.0,,,
Workout_153,2025-08-23 00:28:21,Chest,1,Warm Up,full_body,none,1,normal,,,,,367.0
Workout_153,2025-08-23 00:28:21,Chest,2,Iso-Lateral Chest Press (Machine),chest,machine,1,normal,25.0,15.0,,,
Workout_153,2025-08-23 00:28:21,Chest,2,Iso-Lateral Chest Press (Machine),chest,machine,2,normal,25.0,15.0,,,
Workout_153,2025-08-23 00:28:21,Chest,2,Iso-Lateral Chest Press (Machine),chest,machine,3,normal,30.0,10.0,,,
Workout_153,2025-08-23 00:28:21,Chest,2,Iso-Lateral Chest Press (Machine),chest,machine,4,normal,30.0,7.0,,,
Workout_153,2025-08-23 00:28:21,Chest,3,Bench Press (Barbell),chest,barbell,1,normal,35.0,14.0,,,
Workout_153,2025-08-23 00:28:21,Chest,3,Bench Press (Barbell),chest,barbell,2,normal,35.0,10.0,,,
Workout_153,2025-08-23 00:28:21,Chest,3,Bench Press (Barbell),chest,barbell,3,normal,40.0,10.0,,,
Workout_153,2025-08-23 00:28:21,Chest,3,Bench Press (Barbell),chest,barbell,4,normal,40.0,6.0,,,
Workout_153,2025-08-23 00:28:21,Chest,4,Chest Press (Machine),chest,machine,1,normal,30.0,15.0,,,
Workout_153,2025-08-23 00:28:21,Chest,4,Chest Press (Machine),chest,machine,2,normal,30.0,15.0,,,
Workout_153,2025-08-23 00:28:21,Chest,4,Chest Press (Machine),chest,machine,3,normal,35.0,10.0,,,
Workout_153,2025-08-23 00:28:21,Chest,4,Chest Press (Machine),chest,machine,4,normal,35.0,10.0,,,
Workout_153,2025-08-23 00:28:21,Chest,5,Chest Fly (Machine),chest,machine,1,normal,30.0,15.0,,,
Workout_153,2025-08-23 00:28:21,Chest,5,Chest Fly (Machine),chest,machine,2,normal,30.0,15.0,,,
Workout_153,2025-08-23 00:28:21,Chest,5,Chest Fly (Machine),chest,machine,3,normal,35.0,10.0,,,
Workout_153,2025-08-23 00:28:21,Chest,5,Chest Fly (Machine),chest,machine,4,normal,35.0,10.0,,,
Workout_153,2025-08-23 00:28:21,Chest,6,Seated Dip Machine,triceps,machine,1,normal,20.0,20.0,,,
Workout_153,2025-08-23 00:28:21,Chest,6,Seated Dip Machine,triceps,machine,2,normal,25.0,15.0,,,
Workout_153,2025-08-23 00:28:21,Chest,6,Seated Dip Machine,triceps,machine,3,normal,30.0,15.0,,,
Workout_153,2025-08-23 00:28:21,Chest,6,Seated Dip Machine,triceps,machine,4,normal,35.0,15.0,,,
Workout_153,2025-08-23 00:28:21,Chest,7,Triceps Extension (Dumbbell),triceps,dumbbell,1,normal,5.0,20.0,,,
Workout_153,2025-08-23 00:28:21,Chest,7,Triceps Extension (Dumbbell),triceps,dumbbell,2,normal,7.5,15.0,,,
Workout_153,2025-08-23 00:28:21,Chest,7,Triceps Extension (Dumbbell),triceps,dumbbell,3,normal,7.5,15.0,,,
Workout_153,2025-08-23 00:28:21,Chest,7,Triceps Extension (Dumbbell),triceps,dumbbell,4,normal,10.0,15.0,,,
Workout_153,2025-08-23 00:28:21,Chest,8,Spinning,cardio,machine,1,normal,,,,,300.0
Workout_154,2025-08-25 00:12:59,Shoulder,1,Warm Up,full_body,none,1,normal,,,,,319.0
Workout_154,2025-08-25 00:12:59,Shoulder,2,Overhead Press (Dumbbell),shoulders,dumbbell,1,normal,10.0,15.0,,,
Workout_154,2025-08-25 00:12:59,Shoulder,2,Overhead Press (Dumbbell),shoulders,dumbbell,2,normal,15.0,10.0,,,
Workout_154,2025-08-25 00:12:59,Shoulder,2,Overhead Press (Dumbbell),shoulders,dumbbell,3,normal,15.0,10.0,,,
Workout_154,2025-08-25 00:12:59,Shoulder,2,Overhead Press (Dumbbell),shoulders,dumbbell,4,normal,20.0,10.0,,,
Workout_154,2025-08-25 00:12:59,Shoulder,3,Upright Row (Barbell),shoulders,barbell,1,normal,15.0,15.0,,,
Workout_154,2025-08-25 00:12:59,Shoulder,3,Upright Row (Barbell),shoulders,barbell,2,normal,15.0,15.0,,,
Workout_154,2025-08-25 00:12:59,Shoulder,3,Upright Row (Barbell),shoulders,barbell,3,normal,20.0,10.0,,,
Workout_154,2025-08-25 00:12:59,Shoulder,3,Upright Row (Barbell),shoulders,barbell,4,normal,20.0,10.0,,,
Workout_154,2025-08-25 00:12:59,Shoulder,4,Lateral Raise (Dumbbell),shoulders,dumbbell,1,normal,10.0,15.0,,,
Workout_154,2025-08-25 00:12:59,Shoulder,4,Lateral Raise (Dumbbell),shoulders,dumbbell,2,normal,15.0,7.0,,,
Workout_154,2025-08-25 00:12:59,Shoulder,4,Lateral Raise (Dumbbell),shoulders,dumbbell,3,normal,15.0,15.0,,,
Workout_154,2025-08-25 00:12:59,Shoulder,4,Lateral Raise (Dumbbell),shoulders,dumbbell,4,normal,15.0,15.0,,,
Workout_154,2025-08-25 00:12:59,Shoulder,5,Face Pull,shoulders,machine,1,normal,25.0,15.0,,,
Workout_154,2025-08-25 00:12:59,Shoulder,5,Face Pull,shoulders,machine,2,normal,25.0,15.0,,,
Workout_154,2025-08-25 00:12:59,Shoulder,5,Face Pull,shoulders,machine,3,normal,30.0,15.0,,,
Workout_154,2025-08-25 00:12:59,Shoulder,5,Face Pull,shoulders,machine,4,normal,30.0,15.0,,,
Workout_154,2025-08-25 00:12:59,Shoulder,6,Front Raise (Dumbbell),shoulders,dumbbell,1,normal,10.0,15.0,,,
Workout_154,2025-08-25 00:12:59,Shoulder,6,Front Raise (Dumbbell),shoulders,dumbbell,2,normal,15.0,15.0,,,
Workout_154,2025-08-25 00:12:59,Shoulder,6,Front Raise (Dumbbell),shoulders,dumbbell,3,normal,15.0,15.0,,,
Workout_154,2025-08-25 00:12:59,Shoulder,6,Front Raise (Dumbbell),shoulders,dumbbell,4,normal,20.0,10.0,,,
Workout_155,2025-08-26 00:24:51,Back,1,Warm Up,full_body,none,1,normal,,,,,352.0
Workout_155,2025-08-26 00:24:51,Back,2,T Bar Row,upper_back,barbell,1,normal,20.0,15.0,,,
Workout_155,2025-08-26 00:24:51,Back,2,T Bar Row,upper_back,barbell,2,normal,20.0,15.0,,,
Workout_155,2025-08-26 00:24:51,Back,2,T Bar Row,upper_back,barbell,3,normal,25.0,15.0,,,
Workout_155,2025-08-26 00:24:51,Back,2,T Bar Row,upper_back,barbell,4,normal,25.0,10.0,,,
Workout_155,2025-08-26 00:24:51,Back,3,Lat Pulldown (Cable),lats,machine,1,normal,32.5,15.0,,,
Workout_155,2025-08-26 00:24:51,Back,3,Lat Pulldown (Cable),lats,machine,2,normal,32.5,15.0,,,
Workout_155,2025-08-26 00:24:51,Back,3,Lat Pulldown (Cable),lats,machine,3,normal,39.0,13.0,,,
Workout_155,2025-08-26 00:24:51,Back,3,Lat Pulldown (Cable),lats,machine,4,normal,19.5,15.0,,,
Workout_155,2025-08-26 00:24:51,Back,4,Dumbbell Row,lats,dumbbell,1,normal,20.0,15.0,,,
Workout_155,2025-08-26 00:24:51,Back,4,Dumbbell Row,lats,dumbbell,2,normal,20.0,15.0,,,
Workout_155,2025-08-26 00:24:51,Back,4,Dumbbell Row,lats,dumbbell,3,normal,25.0,15.0,,,
Workout_155,2025-08-26 00:24:51,Back,4,Dumbbell Row,lats,dumbbell,4,normal,25.0,15.0,,,
Workout_155,2025-08-26 00:24:51,Back,5,Iso-Lateral High Row (Machine),lats,machine,1,normal,30.0,15.0,,,
Workout_155,2025-08-26 00:24:51,Back,5,Iso-Lateral High Row (Machine),lats,machine,2,normal,30.0,15.0,,,
Workout_155,2025-08-26 00:24:51,Back,5,Iso-Lateral High Row (Machine),lats,machine,3,normal,35.0,7.0,,,
Workout_155,2025-08-26 00:24:51,Back,5,Iso-Lateral High Row (Machine),lats,machine,4,normal,35.0,5.0,,,
Workout_155,2025-08-26 00:24:51,Back,6,Back Extension (Weighted Hyperextension),lower_back,machine,1,normal,5.0,15.0,,,
Workout_155,2025-08-26 00:24:51,Back,6,Back Extension (Weighted Hyperextension),lower_back,machine,2,normal,10.0,15.0,,,
Workout_155,2025-08-26 00:24:51,Back,6,Back Extension (Weighted Hyperextension),lower_back,machine,3,normal,10.0,10.0,,,
Workout_155,2025-08-26 00:24:51,Back,6,Back Extension (Weighted Hyperextension),lower_back,machine,4,normal,10.0,10.0,,,
Workout_156,2025-08-27 00:20:24,Legs,1,Warm Up,full_body,none,1,normal,,,,,358.0
Workout_156,2025-08-27 00:20:24,Legs,2,Leg Press (Machine),quadriceps,machine,1,normal,50.0,15.0,,,
Workout_156,2025-08-27 00:20:24,Legs,2,Leg Press (Machine),quadriceps,machine,2,normal,60.0,15.0,,,
Workout_156,2025-08-27 00:20:24,Legs,2,Leg Press (Machine),quadriceps,machine,3,normal,60.0,15.0,,,
Workout_156,2025-08-27 00:20:24,Legs,2,Leg Press (Machine),quadriceps,machine,4,normal,70.0,15.0,,,
Workout_156,2025-08-27 00:20:24,Legs,3,Squat (Machine),quadriceps,machine,1,normal,10.0,15.0,,,
Workout_156,2025-08-27 00:20:24,Legs,3,Squat (Machine),quadriceps,machine,2,normal,20.0,15.0,,,
Workout_156,2025-08-27 00:20:24,Legs,3,Squat (Machine),quadriceps,machine,3,normal,20.0,15.0,,,
Workout_156,2025-08-27 00:20:24,Legs,3,Squat (Machine),quadriceps,machine,4,normal,30.0,15.0,,,
Workout_156,2025-08-27 00:20:24,Legs,4,Sumo Squat (Dumbbell),quadriceps,dumbbell,1,normal,10.0,15.0,,,
Workout_156,2025-08-27 00:20:24,Legs,4,Sumo Squat (Dumbbell),quadriceps,dumbbell,2,normal,10.0,15.0,,,
Workout_156,2025-08-27 00:20:24,Legs,4,Sumo Squat (Dumbbell),quadriceps,dumbbell,3,normal,12.5,15.0,,,
Workout_156,2025-08-27 00:20:24,Legs,4,Sumo Squat (Dumbbell),quadriceps,dumbbell,4,normal,12.5,15.0,,,
Workout_156,2025-08-27 00:20:24,Legs,5,Leg Extension (Machine),quadriceps,machine,1,normal,30.0,15.0,,,
Workout_156,2025-08-27 00:20:24,Legs,5,Leg Extension (Machine),quadriceps,machine,2,normal,30.0,15.0,,,
Workout_156,2025-08-27 00:20:24,Legs,5,Leg Extension (Machine),quadriceps,machine,3,normal,35.0,15.0,,,
Workout_156,2025-08-27 00:20:24,Legs,5,Leg Extension (Machine),quadriceps,machine,4,normal,35.0,15.0,,,
Workout_156,2025-08-27 00:20:24,Legs,6,Lying Leg Curl (Machine),hamstrings,machine,1,normal,30.0,15.0,,,
Workout_156,2025-08-27 00:20:24,Legs,6,Lying Leg Curl (Machine),hamstrings,machine,2,normal,30.0,15.0,,,
Workout_156,2025-08-27 00:20:24,Legs,7,Seated Calf Raise,calves,machine,1,normal,5.0,20.0,,,
Workout_156,2025-08-27 00:20:24,Legs,7,Seated Calf Raise,calves,machine,2,normal,10.0,20.0,,,
Workout_156,2025-08-27 00:20:24,Legs,7,Seated Calf Raise,calves,machine,3,normal,10.0,20.0,,,
Workout_156,2025-08-27 00:20:24,Legs,7,Seated Calf Raise,calves,machine,4,normal,10.0,20.0,,,
Workout_156,2025-08-27 00:20:24,Legs,8,Walking Lunge (Dumbbell),quadriceps,dumbbell,1,normal,10.0,,,2.0,
Workout_156,2025-08-27 00:20:24,Legs,8,Walking Lunge (Dumbbell),quadriceps,dumbbell,2,normal,10.0,,,2.0,
Workout_157,2025-08-28 00:33:43,Chest,1,Warm Up,full_body,none,1,normal,,,,,334.0
Workout_157,2025-08-28 00:33:43,Chest,2,Iso-Lateral High Row (Machine),lats,machine,1,normal,30.0,15.0,,,
Workout_157,2025-08-28 00:33:43,Chest,2,Iso-Lateral High Row (Machine),lats,machine,2,normal,30.0,15.0,,,
Workout_157,2025-08-28 00:33:43,Chest,2,Iso-Lateral High Row (Machine),lats,machine,3,normal,35.0,10.0,,,
Workout_157,2025-08-28 00:33:43,Chest,2,Iso-Lateral High Row (Machine),lats,machine,4,normal,30.0,5.0,,,
Workout_157,2025-08-28 00:33:43,Chest,3,Bench Press (Dumbbell),chest,dumbbell,1,normal,15.0,15.0,,,
Workout_157,2025-08-28 00:33:43,Chest,3,Bench Press (Dumbbell),chest,dumbbell,2,normal,15.0,15.0,,,
Workout_157,2025-08-28 00:33:43,Chest,3,Bench Press (Dumbbell),chest,dumbbell,3,normal,20.0,10.0,,,
Workout_157,2025-08-28 00:33:43,Chest,3,Bench Press (Dumbbell),chest,dumbbell,4,normal,20.0,15.0,,,
Workout_157,2025-08-28 00:33:43,Chest,4,Chest Press (Machine),chest,machine,1,normal,25.0,15.0,,,
Workout_157,2025-08-28 00:33:43,Chest,4,Chest Press (Machine),chest,machine,2,normal,25.0,15.0,,,
Workout_157,2025-08-28 00:33:43,Chest,4,Chest Press (Machine),chest,machine,3,normal,30.0,10.0,,,
Workout_157,2025-08-28 00:33:43,Chest,4,Chest Press (Machine),chest,machine,4,normal,30.0,10.0,,,
Workout_157,2025-08-28 00:33:43,Chest,5,Chest Fly (Machine),chest,machine,1,normal,25.0,15.0,,,
Workout_157,2025-08-28 00:33:43,Chest,5,Chest Fly (Machine),chest,machine,2,normal,25.0,15.0,,,
Workout_157,2025-08-28 00:33:43,Chest,5,Chest Fly (Machine),chest,machine,3,normal,30.0,14.0,,,
Workout_157,2025-08-28 00:33:43,Chest,5,Chest Fly (Machine),chest,machine,4,normal,30.0,10.0,,,
Workout_157,2025-08-28 00:33:43,Chest,6,Incline Bench Press (Barbell),chest,barbell,1,normal,30.0,15.0,,,
Workout_157,2025-08-28 00:33:43,Chest,6,Incline Bench Press (Barbell),chest,barbell,2,normal,30.0,15.0,,,
Workout_157,2025-08-28 00:33:43,Chest,6,Incline Bench Press (Barbell),chest,barbell,3,normal,30.0,10.0,,,
Workout_157,2025-08-28 00:33:43,Chest,6,Incline Bench Press (Barbell),chest,barbell,4,normal,30.0,6.0,,,
Workout_157,2025-08-28 00:33:43,Chest,7,Triceps Extension (Dumbbell),triceps,dumbbell,1,normal,7.5,15.0,,,
Workout_157,2025-08-28 00:33:43,Chest,7,Triceps Extension (Dumbbell),triceps,dumbbell,2,normal,7.5,15.0,,,
Workout_157,2025-08-28 00:33:43,Chest,7,Triceps Extension (Dumbbell),triceps,dumbbell,3,normal,10.0,15.0,,,
Workout_157,2025-08-28 00:33:43,Chest,7,Triceps Extension (Dumbbell),triceps,dumbbell,4,normal,10.0,15.0,,,
Workout_157,2025-08-28 00:33:43,Chest,8,Triceps Pushdown,triceps,machine,1,normal,20.0,15.0,,,
Workout_157,2025-08-28 00:33:43,Chest,8,Triceps Pushdown,triceps,machine,2,normal,20.0,15.0,,,
Workout_157,2025-08-28 00:33:43,Chest,8,Triceps Pushdown,triceps,machine,3,normal,25.0,15.0,,,
Workout_157,2025-08-28 00:33:43,Chest,8,Triceps Pushdown,triceps,machine,4,normal,25.0,15.0,,,
Workout_157,2025-08-28 00:33:43,Chest,9,Elliptical Trainer,cardio,machine,1,normal,,,,800.0,300.0
Workout_158,2025-08-30 00:27:00,Back,1,Warm Up,full_body,none,1,normal,,,,,272.0
Workout_158,2025-08-30 00:27:00,Back,2,Iso-Lateral High Row (Machine),lats,machine,1,normal,30.0,15.0,,,
Workout_158,2025-08-30 00:27:00,Back,2,Iso-Lateral High Row (Machine),lats,machine,2,normal,30.0,15.0,,,
Workout_158,2025-08-30 00:27:00,Back,2,Iso-Lateral High Row (Machine),lats,machine,3,normal,35.0,10.0,,,
Workout_158,2025-08-30 00:27:00,Back,2,Iso-Lateral High Row (Machine),lats,machine,4,normal,30.0,7.0,,,
Workout_158,2025-08-30 00:27:00,Back,3,T Bar Row,upper_back,barbell,1,normal,20.0,15.0,,,
Workout_158,2025-08-30 00:27:00,Back,3,T Bar Row,upper_back,barbell,2,normal,20.0,15.0,,,
Workout_158,2025-08-30 00:27:00,Back,3,T Bar Row,upper_back,barbell,3,normal,25.0,10.0,,,
Workout_158,2025-08-30 00:27:00,Back,3,T Bar Row,upper_back,barbell,4,normal,25.0,10.0,,,
Workout_158,2025-08-30 00:27:00,Back,4,Back Extension (Weighted Hyperextension),lower_back,machine,1,normal,5.0,15.0,,,
Workout_158,2025-08-30 00:27:00,Back,4,Back Extension (Weighted Hyperextension),lower_back,machine,2,normal,10.0,10.0,,,
Workout_158,2025-08-30 00:27:00,Back,4,Back Extension (Weighted Hyperextension),lower_back,machine,3,normal,10.0,10.0,,,
Workout_158,2025-08-30 00:27:00,Back,4,Back Extension (Weighted Hyperextension),lower_back,machine,4,normal,10.0,10.0,,,
Workout_158,2025-08-30 00:27:00,Back,5,Dumbbell Row,lats,dumbbell,1,normal,20.0,15.0,,,
Workout_158,2025-08-30 00:27:00,Back,5,Dumbbell Row,lats,dumbbell,2,normal,20.0,15.0,,,
Workout_158,2025-08-30 00:27:00,Back,5,Dumbbell Row,lats,dumbbell,3,normal,25.0,15.0,,,
Workout_158,2025-08-30 00:27:00,Back,5,Dumbbell Row,lats,dumbbell,4,normal,25.0,15.0,,,
Workout_158,2025-08-30 00:27:00,Back,6,Seated Row (Machine),upper_back,machine,1,normal,35.0,15.0,,,
Workout_158,2025-08-30 00:27:00,Back,6,Seated Row (Machine),upper_back,machine,2,normal,35.0,15.0,,,
Workout_158,2025-08-30 00:27:00,Back,6,Seated Row (Machine),upper_back,machine,3,normal,40.0,15.0,,,
Workout_158,2025-08-30 00:27:00,Back,6,Seated Row (Machine),upper_back,machine,4,normal,40.0,15.0,,,
Workout_158,2025-08-30 00:27:00,Back,7,Bicep Curl (Machine),biceps,machine,1,normal,15.0,10.0,,,
Workout_158,2025-08-30 00:27:00,Back,7,Bicep Curl (Machine),biceps,machine,2,normal,15.0,10.0,,,
Workout_158,2025-08-30 00:27:00,Back,7,Bicep Curl (Machine),biceps,machine,3,normal,15.0,10.0,,,
Workout_158,2025-08-30 00:27:00,Back,7,Bicep Curl (Machine),biceps,machine,4,normal,15.0,10.0,,,
Workout_158,2025-08-30 00:27:00,Back,8,Hammer Curl (Dumbbell),biceps,dumbbell,1,normal,10.0,15.0,,,
Workout_158,2025-08-30 00:27:00,Back,8,Hammer Curl (Dumbbell),biceps,dumbbell,2,normal,15.0,10.0,,,
Workout_158,2025-08-30 00:27:00,Back,8,Hammer Curl (Dumbbell),biceps,dumbbell,3,normal,15.0,10.0,,,
Workout_158,2025-08-30 00:27:00,Back,8,Hammer Curl (Dumbbell),biceps,dumbbell,4,normal,15.0,10.0,,,
Workout_158,2025-08-30 00:27:00,Back,9,Spinning,cardio,machine,1,normal,,,,,315.0
Workout_159,2025-08-31 00:11:28,Shoulder,1,Warm Up,full_body,none,1,normal,,,,,330.0
Workout_159,2025-08-31 00:11:28,Shoulder,2,Overhead Press (Dumbbell),shoulders,dumbbell,1,normal,15.0,15.0,,,
Workout_159,2025-08-31 00:11:28,Shoulder,2,Overhead Press (Dumbbell),shoulders,dumbbell,2,normal,15.0,15.0,,,
Workout_159,2025-08-31 00:11:28,Shoulder,2,Overhead Press (Dumbbell),shoulders,dumbbell,3,normal,20.0,10.0,,,
Workout_159,2025-08-31 00:11:28,Shoulder,2,Overhead Press (Dumbbell),shoulders,dumbbell,4,normal,20.0,10.0,,,
Workout_159,2025-08-31 00:11:28,Shoulder,3,Lateral Raise (Dumbbell),shoulders,dumbbell,1,normal,15.0,15.0,,,
Workout_159,2025-08-31 00:11:28,Shoulder,3,Lateral Raise (Dumbbell),shoulders,dumbbell,2,normal,15.0,15.0,,,
Workout_159,2025-08-31 00:11:28,Shoulder,3,Lateral Raise (Dumbbell),shoulders,dumbbell,3,normal,20.0,15.0,,,
Workout_159,2025-08-31 00:11:28,Shoulder,3,Lateral Raise (Dumbbell),shoulders,dumbbell,4,normal,20.0,15.0,,,
Workout_159,2025-08-31 00:11:28,Shoulder,4,Face Pull,shoulders,machine,1,normal,30.0,15.0,,,
Workout_159,2025-08-31 00:11:28,Shoulder,4,Face Pull,shoulders,machine,2,normal,30.0,15.0,,,
Workout_159,2025-08-31 00:11:28,Shoulder,4,Face Pull,shoulders,machine,3,normal,30.0,15.0,,,
Workout_159,2025-08-31 00:11:28,Shoulder,4,Face Pull,shoulders,machine,4,normal,35.0,15.0,,,
Workout_159,2025-08-31 00:11:28,Shoulder,5,Seated Shoulder Press (Machine),shoulders,machine,1,normal,25.0,15.0,,,
Workout_159,2025-08-31 00:11:28,Shoulder,5,Seated Shoulder Press (Machine),shoulders,machine,2,normal,25.0,15.0,,,
Workout_159,2025-08-31 00:11:28,Shoulder,5,Seated Shoulder Press (Machine),shoulders,machine,3,normal,30.0,10.0,,,
Workout_159,2025-08-31 00:11:28,Shoulder,5,Seated Shoulder Press (Machine),shoulders,machine,4,normal,30.0,7.0,,,
Workout_159,2025-08-31 00:11:28,Shoulder,6,Shrug (Dumbbell),traps,dumbbell,1,normal,25.0,20.0,,,
Workout_159,2025-08-31 00:11:28,Shoulder,6,Shrug (Dumbbell),traps,dumbbell,2,normal,25.0,20.0,,,
Workout_159,2025-08-31 00:11:28,Shoulder,6,Shrug (Dumbbell),traps,dumbbell,3,normal,30.0,15.0,,,
Workout_159,2025-08-31 00:11:28,Shoulder,6,Shrug (Dumbbell),traps,dumbbell,4,normal,30.0,15.0,,,
Workout_159,2025-08-31 00:11:28,Shoulder,7,Treadmill,cardio,machine,1,normal,,,,500.0,360.0
Workout_160,2025-09-01 00:13:47,Legs,1,Warm Up,full_body,none,1,normal,,,,,271.0
Workout_160,2025-09-01 00:13:47,Legs,2,Leg Press (Machine),quadriceps,machine,1,normal,50.0,15.0,,,
Workout_160,2025-09-01 00:13:47,Legs,2,Leg Press (Machine),quadriceps,machine,2,normal,60.0,15.0,,,
Workout_160,2025-09-01 00:13:47,Legs,2,Leg Press (Machine),quadriceps,machine,3,normal,60.0,15.0,,,
Workout_160,2025-09-01 00:13:47,Legs,2,Leg Press (Machine),quadriceps,machine,4,normal,70.0,15.0,,,
Workout_160,2025-09-01 00:13:47,Legs,3,Lunge (Dumbbell),quadriceps,dumbbell,1,normal,5.0,15.0,,,
Workout_160,2025-09-01 00:13:47,Legs,3,Lunge (Dumbbell),quadriceps,dumbbell,2,normal,5.0,15.0,,,
Workout_160,2025-09-01 00:13:47,Legs,3,Lunge (Dumbbell),quadriceps,dumbbell,3,normal,10.0,15.0,,,
Workout_160,2025-09-01 00:13:47,Legs,3,Lunge (Dumbbell),quadriceps,dumbbell,4,normal,10.0,15.0,,,
Workout_160,2025-09-01 00:13:47,Legs,4,Squat (Machine),quadriceps,machine,1,normal,20.0,15.0,,,
Workout_160,2025-09-01 00:13:47,Legs,4,Squat (Machine),quadriceps,machine,2,normal,20.0,15.0,,,
Workout_160,2025-09-01 00:13:47,Legs,4,Squat (Machine),quadriceps,machine,3,normal,30.0,15.0,,,
Workout_160,2025-09-01 00:13:47,Legs,4,Squat (Machine),quadriceps,machine,4,normal,30.0,15.0,,,
Workout_160,2025-09-01 00:13:47,Legs,5,Leg Extension (Machine),quadriceps,machine,1,normal,30.0,15.0,,,
Workout_160,2025-09-01 00:13:47,Legs,5,Leg Extension (Machine),quadriceps,machine,2,normal,35.0,15.0,,,
Workout_160,2025-09-01 00:13:47,Legs,5,Leg Extension (Machine),quadriceps,machine,3,normal,35.0,15.0,,,
Workout_160,2025-09-01 00:13:47,Legs,5,Leg Extension (Machine),quadriceps,machine,4,normal,40.0,10.0,,,
Workout_160,2025-09-01 00:13:47,Legs,6,Seated Leg Curl (Machine),hamstrings,machine,1,normal,35.0,15.0,,,
Workout_160,2025-09-01 00:13:47,Legs,6,Seated Leg Curl (Machine),hamstrings,machine,2,normal,35.0,15.0,,,
Workout_160,2025-09-01 00:13:47,Legs,6,Seated Leg Curl (Machine),hamstrings,machine,3,normal,30.0,15.0,,,
Workout_160,2025-09-01 00:13:47,Legs,6,Seated Leg Curl (Machine),hamstrings,machine,4,normal,30.0,15.0,,,
Workout_160,2025-09-01 00:13:47,Legs,7,Seated Calf Raise,calves,machine,1,normal,10.0,20.0,,,
Workout_160,2025-09-01 00:13:47,Legs,7,Seated Calf Raise,calves,machine,2,normal,10.0,20.0,,,
Workout_160,2025-09-01 00:13:47,Legs,7,Seated Calf Raise,calves,machine,3,normal,10.0,20.0,,,
Workout_160,2025-09-01 00:13:47,Legs,7,Seated Calf Raise,calves,machine,4,normal,15.0,20.0,,,
Workout_160,2025-09-01 00:13:47,Legs,7,Seated Calf Raise,calves,machine,5,normal,15.0,20.0,,,
Workout_161,2025-09-02 00:08:38,Back,1,Warm Up,full_body,none,1,normal,,,,,349.0
Workout_161,2025-09-02 00:08:38,Back,2,Lat Pulldown (Cable),lats,machine,1,normal,19.5,15.0,,,
Workout_161,2025-09-02 00:08:38,Back,2,Lat Pulldown (Cable),lats,machine,2,normal,30.0,15.0,,,
Workout_161,2025-09-02 00:08:38,Back,2,Lat Pulldown (Cable),lats,machine,3,normal,30.0,15.0,,,
Workout_161,2025-09-02 00:08:38,Back,2,Lat Pulldown (Cable),lats,machine,4,normal,30.0,15.0,,,
Workout_161,2025-09-02 00:08:38,Back,3,Back Extension (Weighted Hyperextension),lower_back,machine,1,normal,5.0,15.0,,,
Workout_161,2025-09-02 00:08:38,Back,3,Back Extension (Weighted Hyperextension),lower_back,machine,2,normal,10.0,15.0,,,
Workout_161,2025-09-02 00:08:38,Back,3,Back Extension (Weighted Hyperextension),lower_back,machine,3,normal,10.0,10.0,,,
Workout_161,2025-09-02 00:08:38,Back,3,Back Extension (Weighted Hyperextension),lower_back,machine,4,normal,10.0,10.0,,,
Workout_161,2025-09-02 00:08:38,Back,4,T Bar Row,upper_back,barbell,1,normal,20.0,15.0,,,
Workout_161,2025-09-02 00:08:38,Back,4,T Bar Row,upper_back,barbell,2,normal,20.0,15.0,,,
Workout_161,2025-09-02 00:08:38,Back,4,T Bar Row,upper_back,barbell,3,normal,20.0,15.0,,,
Workout_161,2025-09-02 00:08:38,Back,4,T Bar Row,upper_back,barbell,4,normal,20.0,15.0,,,
Workout_161,2025-09-02 00:08:38,Back,5,Iso-Lateral High Row (Machine),lats,machine,1,normal,25.0,15.0,,,
Workout_161,2025-09-02 00:08:38,Back,5,Iso-Lateral High Row (Machine),lats,machine,2,normal,25.0,15.0,,,
Workout_161,2025-09-02 00:08:38,Back,5,Iso-Lateral High Row (Machine),lats,machine,3,normal,30.0,15.0,,,
Workout_161,2025-09-02 00:08:38,Back,5,Iso-Lateral High Row (Machine),lats,machine,4,normal,30.0,10.0,,,
Workout_161,2025-09-02 00:08:38,Back,6,Dumbbell Row,lats,dumbbell,1,normal,20.0,15.0,,,
Workout_161,2025-09-02 00:08:38,Back,6,Dumbbell Row,lats,dumbbell,2,normal,20.0,15.0,,,
Workout_161,2025-09-02 00:08:38,Back,6,Dumbbell Row,lats,dumbbell,3,normal,25.0,15.0,,,
Workout_161,2025-09-02 00:08:38,Back,6,Dumbbell Row,lats,dumbbell,4,normal,25.0,15.0,,,
Workout_161,2025-09-02 00:08:38,Back,7,Bicep Curl (Dumbbell),biceps,dumbbell,1,normal,10.0,20.0,,,
Workout_161,2025-09-02 00:08:38,Back,7,Bicep Curl (Dumbbell),biceps,dumbbell,2,normal,10.0,20.0,,,
Workout_161,2025-09-02 00:08:38,Back,7,Bicep Curl (Dumbbell),biceps,dumbbell,3,normal,20.0,10.0,,,
Workout_161,2025-09-02 00:08:38,Back,7,Bicep Curl (Dumbbell),biceps,dumbbell,4,normal,20.0,10.0,,,
Workout_161,2025-09-02 00:08:38,Back,8,Hammer Curl (Dumbbell),biceps,dumbbell,1,normal,15.0,15.0,,,
Workout_161,2025-09-02 00:08:38,Back,8,Hammer Curl (Dumbbell),biceps,dumbbell,2,normal,15.0,15.0,,,
Workout_161,2025-09-02 00:08:38,Back,8,Hammer Curl (Dumbbell),biceps,dumbbell,3,normal,20.0,10.0,,,
Workout_161,2025-09-02 00:08:38,Back,8,Hammer Curl (Dumbbell),biceps,dumbbell,4,normal,20.0,10.0,,,
Workout_161,2025-09-02 00:08:38,Back,9,Bicep Curl (Barbell),biceps,barbell,1,normal,15.0,15.0,,,
Workout_161,2025-09-02 00:08:38,Back,9,Bicep Curl (Barbell),biceps,barbell,2,normal,15.0,15.0,,,
Workout_161,2025-09-02 00:08:38,Back,9,Bicep Curl (Barbell),biceps,barbell,3,normal,20.0,10.0,,,
Workout_161,2025-09-02 00:08:38,Back,9,Bicep Curl (Barbell),biceps,barbell,4,normal,20.0,10.0,,,
Workout_162,2025-09-03 00:18:16,Chest,1,Warm Up,full_body,none,1,normal,,,,,354.0
Workout_162,2025-09-03 00:18:16,Chest,2,Bench Press (Barbell),chest,barbell,1,normal,30.0,15.0,,,
Workout_162,2025-09-03 00:18:16,Chest,2,Bench Press (Barbell),chest,barbell,2,normal,30.0,15.0,,,
Workout_162,2025-09-03 00:18:16,Chest,2,Bench Press (Barbell),chest,barbell,3,normal,35.0,10.0,,,
Workout_162,2025-09-03 00:18:16,Chest,2,Bench Press (Barbell),chest,barbell,4,normal,35.0,8.0,,,
Workout_162,2025-09-03 00:18:16,Chest,3,Incline Bench Press (Dumbbell),chest,dumbbell,1,normal,10.0,15.0,,,
Workout_162,2025-09-03 00:18:16,Chest,3,Incline Bench Press (Dumbbell),chest,dumbbell,2,normal,15.0,15.0,,,
Workout_162,2025-09-03 00:18:16,Chest,3,Incline Bench Press (Dumbbell),chest,dumbbell,3,normal,15.0,15.0,,,
Workout_162,2025-09-03 00:18:16,Chest,3,Incline Bench Press (Dumbbell),chest,dumbbell,4,normal,20.0,10.0,,,
Workout_162,2025-09-03 00:18:16,Chest,4,Bench Press (Dumbbell),chest,dumbbell,1,normal,15.0,15.0,,,
Workout_162,2025-09-03 00:18:16,Chest,4,Bench Press (Dumbbell),chest,dumbbell,2,normal,15.0,15.0,,,
Workout_162,2025-09-03 00:18:16,Chest,4,Bench Press (Dumbbell),chest,dumbbell,3,normal,20.0,10.0,,,
Workout_162,2025-09-03 00:18:16,Chest,4,Bench Press (Dumbbell),chest,dumbbell,4,normal,20.0,15.0,,,
Workout_162,2025-09-03 00:18:16,Chest,5,Iso-Lateral Chest Press (Machine),chest,machine,1,normal,20.0,15.0,,,
Workout_162,2025-09-03 00:18:16,Chest,5,Iso-Lateral Chest Press (Machine),chest,machine,2,normal,25.0,10.0,,,
Workout_162,2025-09-03 00:18:16,Chest,5,Iso-Lateral Chest Press (Machine),chest,machine,3,normal,25.0,10.0,,,
Workout_162,2025-09-03 00:18:16,Chest,5,Iso-Lateral Chest Press (Machine),chest,machine,4,normal,25.0,10.0,,,
Workout_162,2025-09-03 00:18:16,Chest,6,Chest Fly (Machine),chest,machine,1,normal,30.0,15.0,,,
Workout_162,2025-09-03 00:18:16,Chest,6,Chest Fly (Machine),chest,machine,2,normal,30.0,15.0,,,
Workout_162,2025-09-03 00:18:16,Chest,6,Chest Fly (Machine),chest,machine,3,normal,35.0,10.0,,,
Workout_162,2025-09-03 00:18:16,Chest,6,Chest Fly (Machine),chest,machine,4,normal,30.0,10.0,,,
Workout_162,2025-09-03 00:18:16,Chest,7,Triceps Extension (Dumbbell),triceps,dumbbell,1,normal,7.5,15.0,,,
Workout_162,2025-09-03 00:18:16,Chest,7,Triceps Extension (Dumbbell),triceps,dumbbell,2,normal,10.0,15.0,,,
Workout_162,2025-09-03 00:18:16,Chest,7,Triceps Extension (Dumbbell),triceps,dumbbell,3,normal,10.0,15.0,,,
Workout_162,2025-09-03 00:18:16,Chest,7,Triceps Extension (Dumbbell),triceps,dumbbell,4,normal,12.5,15.0,,,
Workout_162,2025-09-03 00:18:16,Chest,8,Rope Straight Arm Pulldown,lats,machine,1,normal,15.0,15.0,,,
Workout_162,2025-09-03 00:18:16,Chest,8,Rope Straight Arm Pulldown,lats,machine,2,normal,15.0,15.0,,,
Workout_162,2025-09-03 00:18:16,Chest,8,Rope Straight Arm Pulldown,lats,machine,3,normal,15.0,15.0,,,
Workout_162,2025-09-03 00:18:16,Chest,8,Rope Straight Arm Pulldown,lats,machine,4,normal,20.0,15.0,,,
Workout_162,2025-09-03 00:18:16,Chest,9,Treadmill,cardio,machine,1,normal,,,,380.0,300.0
Workout_163,2025-09-07 00:25:34,Shoulders,1,Warm Up,full_body,none,1,normal,,,,,362.0
Workout_163,2025-09-07 00:25:34,Shoulders,2,Shoulder Press (Machine Plates),shoulders,machine,1,normal,25.0,15.0,,,
Workout_163,2025-09-07 00:25:34,Shoulders,2,Shoulder Press (Machine Plates),shoulders,machine,2,normal,25.0,15.0,,,
Workout_163,2025-09-07 00:25:34,Shoulders,2,Shoulder Press (Machine Plates),shoulders,machine,3,normal,30.0,10.0,,,
Workout_163,2025-09-07 00:25:34,Shoulders,2,Shoulder Press (Machine Plates),shoulders,machine,4,normal,30.0,10.0,,,
Workout_163,2025-09-07 00:25:34,Shoulders,3,Face Pull,shoulders,machine,1,normal,25.0,15.0,,,
Workout_163,2025-09-07 00:25:34,Shoulders,3,Face Pull,shoulders,machine,2,normal,25.0,15.0,,,
Workout_163,2025-09-07 00:25:34,Shoulders,3,Face Pull,shoulders,machine,3,normal,30.0,15.0,,,
Workout_163,2025-09-07 00:25:34,Shoulders,3,Face Pull,shoulders,machine,4,normal,30.0,15.0,,,
Workout_163,2025-09-07 00:25:34,Shoulders,4,Lateral Raise (Dumbbell),shoulders,dumbbell,1,normal,15.0,15.0,,,
Workout_163,2025-09-07 00:25:34,Shoulders,4,Lateral Raise (Dumbbell),shoulders,dumbbell,2,normal,15.0,15.0,,,
Workout_163,2025-09-07 00:25:34,Shoulders,4,Lateral Raise (Dumbbell),shoulders,dumbbell,3,normal,20.0,10.0,,,
Workout_163,2025-09-07 00:25:34,Shoulders,4,Lateral Raise (Dumbbell),shoulders,dumbbell,4,normal,20.0,10.0,,,
Workout_163,2025-09-07 00:25:34,Shoulders,5,Plate Front Raise,shoulders,plate,1,normal,10.0,15.0,,,
Workout_163,2025-09-07 00:25:34,Shoulders,5,Plate Front Raise,shoulders,plate,2,normal,15.0,15.0,,,
Workout_163,2025-09-07 00:25:34,Shoulders,5,Plate Front Raise,shoulders,plate,3,normal,15.0,15.0,,,
Workout_163,2025-09-07 00:25:34,Shoulders,5,Plate Front Raise,shoulders,plate,4,normal,15.0,10.0,,,
Workout_163,2025-09-07 00:25:34,Shoulders,6,Overhead Press (Dumbbell),shoulders,dumbbell,1,normal,15.0,15.0,,,
Workout_163,2025-09-07 00:25:34,Shoulders,6,Overhead Press (Dumbbell),shoulders,dumbbell,2,normal,15.0,15.0,,,
Workout_163,2025-09-07 00:25:34,Shoulders,6,Overhead Press (Dumbbell),shoulders,dumbbell,3,normal,20.0,10.0,,,
Workout_163,2025-09-07 00:25:34,Shoulders,6,Overhead Press (Dumbbell),shoulders,dumbbell,4,normal,20.0,7.0,,,
Workout_163,2025-09-07 00:25:34,Shoulders,7,Shrug (Dumbbell),traps,dumbbell,1,normal,25.0,20.0,,,
Workout_163,2025-09-07 00:25:34,Shoulders,7,Shrug (Dumbbell),traps,dumbbell,2,normal,25.0,20.0,,,
Workout_163,2025-09-07 00:25:34,Shoulders,7,Shrug (Dumbbell),traps,dumbbell,3,normal,30.0,20.0,,,
Workout_163,2025-09-07 00:25:34,Shoulders,7,Shrug (Dumbbell),traps,dumbbell,4,normal,30.0,20.0,,,
Workout_163,2025-09-07 00:25:34,Shoulders,8,Treadmill,cardio,machine,1,normal,,,,500.0,390.0
Workout_164,2025-09-09 00:16:52,Legs,1,Warm Up,full_body,none,1,normal,,,,,308.0
Workout_164,2025-09-09 00:16:52,Legs,2,Leg Press (Machine),quadriceps,machine,1,normal,50.0,15.0,,,
Workout_164,2025-09-09 00:16:52,Legs,2,Leg Press (Machine),quadriceps,machine,2,normal,60.0,15.0,,,
Workout_164,2025-09-09 00:16:52,Legs,2,Leg Press (Machine),quadriceps,machine,3,normal,60.0,15.0,,,
Workout_164,2025-09-09 00:16:52,Legs,2,Leg Press (Machine),quadriceps,machine,4,normal,70.0,15.0,,,
Workout_164,2025-09-09 00:16:52,Legs,3,Leg Extension (Machine),quadriceps,machine,1,normal,35.0,15.0,,,
Workout_164,2025-09-09 00:16:52,Legs,3,Leg Extension (Machine),quadriceps,machine,2,normal,35.0,15.0,,,
Workout_164,2025-09-09 00:16:52,Legs,3,Leg Extension (Machine),quadriceps,machine,3,normal,40.0,15.0,,,
Workout_164,2025-09-09 00:16:52,Legs,3,Leg Extension (Machine),quadriceps,machine,4,normal,40.0,15.0,,,
Workout_164,2025-09-09 00:16:52,Legs,4,Walking Lunge (Dumbbell),quadriceps,dumbbell,1,normal,15.0,,,2.0,
Workout_164,2025-09-09 00:16:52,Legs,4,Walking Lunge (Dumbbell),quadriceps,dumbbell,2,normal,15.0,,,2.0,
Workout_164,2025-09-09 00:16:52,Legs,5,Squat (Machine),quadriceps,machine,1,normal,30.0,15.0,,,
Workout_164,2025-09-09 00:16:52,Legs,5,Squat (Machine),quadriceps,machine,2,normal,30.0,15.0,,,
Workout_164,2025-09-09 00:16:52,Legs,5,Squat (Machine),quadriceps,machine,3,normal,40.0,15.0,,,
Workout_164,2025-09-09 00:16:52,Legs,5,Squat (Machine),quadriceps,machine,4,normal,40.0,15.0,,,
Workout_164,2025-09-09 00:16:52,Legs,6,Seated Calf Raise,calves,machine,1,normal,10.0,20.0,,,
Workout_164,2025-09-09 00:16:52,Legs,6,Seated Calf Raise,calves,machine,2,normal,10.0,20.0,,,
Workout_164,2025-09-09 00:16:52,Legs,6,Seated Calf Raise,calves,machine,3,normal,15.0,20.0,,,
Workout_164,2025-09-09 00:16:52,Legs,6,Seated Calf Raise,calves,machine,4,normal,15.0,20.0,,,
Workout_164,2025-09-09 00:16:52,Legs,7,Treadmill,cardio,machine,1,normal,,,,300.0,300.0
Workout_165,2025-09-10 00:26:21,Back+biceps,1,Warm Up,full_body,none,1,normal,,,,,495.0
Workout_165,2025-09-10 00:26:21,Back+biceps,2,Lat Pulldown (Cable),lats,machine,1,normal,32.5,15.0,,,
Workout_165,2025-09-10 00:26:21,Back+biceps,2,Lat Pulldown (Cable),lats,machine,2,normal,32.5,15.0,,,
Workout_165,2025-09-10 00:26:21,Back+biceps,2,Lat Pulldown (Cable),lats,machine,3,normal,32.5,10.0,,,
Workout_165,2025-09-10 00:26:21,Back+biceps,2,Lat Pulldown (Cable),lats,machine,4,normal,32.5,10.0,,,
Workout_165,2025-09-10 00:26:21,Back+biceps,3,Seated Row (Machine),upper_back,machine,1,normal,35.0,15.0,,,
Workout_165,2025-09-10 00:26:21,Back+biceps,3,Seated Row (Machine),upper_back,machine,2,normal,35.0,15.0,,,
Workout_165,2025-09-10 00:26:21,Back+biceps,3,Seated Row (Machine),upper_back,machine,3,normal,30.0,15.0,,,
Workout_165,2025-09-10 00:26:21,Back+biceps,3,Seated Row (Machine),upper_back,machine,4,normal,30.0,15.0,,,
Workout_165,2025-09-10 00:26:21,Back+biceps,4,Back Extension (Weighted Hyperextension),lower_back,machine,1,normal,5.0,15.0,,,
Workout_165,2025-09-10 00:26:21,Back+biceps,4,Back Extension (Weighted Hyperextension),lower_back,machine,2,normal,10.0,15.0,,,
Workout_165,2025-09-10 00:26:21,Back+biceps,4,Back Extension (Weighted Hyperextension),lower_back,machine,3,normal,10.0,15.0,,,
Workout_165,2025-09-10 00:26:21,Back+biceps,4,Back Extension (Weighted Hyperextension),lower_back,machine,4,normal,10.0,12.0,,,
Workout_165,2025-09-10 00:26:21,Back+biceps,5,Iso-Lateral High Row (Machine),lats,machine,1,normal,25.0,15.0,,,
Workout_165,2025-09-10 00:26:21,Back+biceps,5,Iso-Lateral High Row (Machine),lats,machine,2,normal,25.0,15.0,,,
Workout_165,2025-09-10 00:26:21,Back+biceps,5,Iso-Lateral High Row (Machine),lats,machine,3,normal,30.0,15.0,,,
Workout_165,2025-09-10 00:26:21,Back+biceps,5,Iso-Lateral High Row (Machine),lats,machine,4,normal,30.0,15.0,,,
Workout_165,2025-09-10 00:26:21,Back+biceps,6,Bicep Curl (Dumbbell),biceps,dumbbell,1,normal,20.0,10.0,,,
Workout_165,2025-09-10 00:26:21,Back+biceps,6,Bicep Curl (Dumbbell),biceps,dumbbell,2,normal,20.0,10.0,,,
Workout_165,2025-09-10 00:26:21,Back+biceps,6,Bicep Curl (Dumbbell),biceps,dumbbell,3,normal,20.0,10.0,,,
Workout_165,2025-09-10 00:26:21,Back+biceps,6,Bicep Curl (Dumbbell),biceps,dumbbell,4,normal,20.0,10.0,,,
Workout_165,2025-09-10 00:26:21,Back+biceps,7,Bicep Curl (Machine),biceps,machine,1,normal,5.0,15.0,,,
Workout_165,2025-09-10 00:26:21,Back+biceps,7,Bicep Curl (Machine),biceps,machine,2,normal,10.0,10.0,,,
Workout_165,2025-09-10 00:26:21,Back+biceps,7,Bicep Curl (Machine),biceps,machine,3,normal,10.0,10.0,,,
Workout_166,2025-09-11 00:20:38,Chest + tricep,1,Warm Up,full_body,none,1,normal,,,,,384.0
Workout_166,2025-09-11 00:20:38,Chest + tricep,2,Bench Press (Barbell),chest,barbell,1,normal,40.0,12.0,,,
Workout_166,2025-09-11 00:20:38,Chest + tricep,2,Bench Press (Barbell),chest,barbell,2,normal,40.0,12.0,,,
Workout_166,2025-09-11 00:20:38,Chest + tricep,2,Bench Press (Barbell),chest,barbell,3,normal,45.0,7.0,,,
Workout_166,2025-09-11 00:20:38,Chest + tricep,2,Bench Press (Barbell),chest,barbell,4,normal,40.0,10.0,,,
Workout_166,2025-09-11 00:20:38,Chest + tricep,3,Incline Bench Press (Dumbbell),chest,dumbbell,1,normal,15.0,15.0,,,
Workout_166,2025-09-11 00:20:38,Chest + tricep,3,Incline Bench Press (Dumbbell),chest,dumbbell,2,normal,15.0,15.0,,,
Workout_166,2025-09-11 00:20:38,Chest + tricep,3,Incline Bench Press (Dumbbell),chest,dumbbell,3,normal,15.0,15.0,,,
Workout_166,2025-09-11 00:20:38,Chest + tricep,3,Incline Bench Press (Dumbbell),chest,dumbbell,4,normal,20.0,15.0,,,
Workout_166,2025-09-11 00:20:38,Chest + tricep,4,Bench Press (Dumbbell),chest,dumbbell,1,normal,15.0,15.0,,,
Workout_166,2025-09-11 00:20:38,Chest + tricep,4,Bench Press (Dumbbell),chest,dumbbell,2,normal,20.0,15.0,,,
Workout_166,2025-09-11 00:20:38,Chest + tricep,4,Bench Press (Dumbbell),chest,dumbbell,3,normal,20.0,15.0,,,
Workout_166,2025-09-11 00:20:38,Chest + tricep,4,Bench Press (Dumbbell),chest,dumbbell,4,normal,25.0,10.0,,,
Workout_166,2025-09-11 00:20:38,Chest + tricep,5,Iso-Lateral Chest Press (Machine),chest,machine,1,normal,20.0,10.0,,,
Workout_166,2025-09-11 00:20:38,Chest + tricep,5,Iso-Lateral Chest Press (Machine),chest,machine,2,normal,20.0,10.0,,,
Workout_166,2025-09-11 00:20:38,Chest + tricep,5,Iso-Lateral Chest Press (Machine),chest,machine,3,normal,25.0,10.0,,,
Workout_166,2025-09-11 00:20:38,Chest + tricep,6,Chest Fly (Machine),chest,machine,1,normal,25.0,15.0,,,
Workout_166,2025-09-11 00:20:38,Chest + tricep,6,Chest Fly (Machine),chest,machine,2,normal,30.0,15.0,,,
Workout_166,2025-09-11 00:20:38,Chest + tricep,6,Chest Fly (Machine),chest,machine,3,normal,30.0,15.0,,,
Workout_166,2025-09-11 00:20:38,Chest + tricep,6,Chest Fly (Machine),chest,machine,4,normal,30.0,10.0,,,
Workout_166,2025-09-11 00:20:38,Chest + tricep,7,Triceps Extension (Dumbbell),triceps,dumbbell,1,normal,10.0,15.0,,,
Workout_166,2025-09-11 00:20:38,Chest + tricep,7,Triceps Extension (Dumbbell),triceps,dumbbell,2,normal,10.0,15.0,,,
Workout_166,2025-09-11 00:20:38,Chest + tricep,7,Triceps Extension (Dumbbell),triceps,dumbbell,3,normal,12.5,15.0,,,
Workout_166,2025-09-11 00:20:38,Chest + tricep,7,Triceps Extension (Dumbbell),triceps,dumbbell,4,normal,12.5,15.0,,,
Workout_166,2025-09-11 00:20:38,Chest + tricep,8,Triceps Rope Pushdown,triceps,machine,1,normal,20.0,15.0,,,
Workout_166,2025-09-11 00:20:38,Chest + tricep,8,Triceps Rope Pushdown,triceps,machine,2,normal,20.0,15.0,,,
Workout_166,2025-09-11 00:20:38,Chest + tricep,8,Triceps Rope Pushdown,triceps,machine,3,normal,25.0,15.0,,,
Workout_166,2025-09-11 00:20:38,Chest + tricep,8,Triceps Rope Pushdown,triceps,machine,4,normal,25.0,15.0,,,
Workout_167,2025-09-13 00:17:16,Shoulder,1,Warm Up,full_body,none,1,normal,,,,,366.0
Workout_167,2025-09-13 00:17:16,Shoulder,2,Seated Shoulder Press (Machine),shoulders,machine,1,normal,25.0,15.0,,,
Workout_167,2025-09-13 00:17:16,Shoulder,2,Seated Shoulder Press (Machine),shoulders,machine,2,normal,25.0,15.0,,,
Workout_167,2025-09-13 00:17:16,Shoulder,2,Seated Shoulder Press (Machine),shoulders,machine,3,normal,30.0,10.0,,,
Workout_167,2025-09-13 00:17:16,Shoulder,2,Seated Shoulder Press (Machine),shoulders,machine,4,normal,30.0,10.0,,,
Workout_167,2025-09-13 00:17:16,Shoulder,3,Face Pull,shoulders,machine,1,normal,25.0,15.0,,,
Workout_167,2025-09-13 00:17:16,Shoulder,3,Face Pull,shoulders,machine,2,normal,30.0,15.0,,,
Workout_167,2025-09-13 00:17:16,Shoulder,3,Face Pull,shoulders,machine,3,normal,30.0,15.0,,,
Workout_167,2025-09-13 00:17:16,Shoulder,3,Face Pull,shoulders,machine,4,normal,30.0,15.0,,,
Workout_167,2025-09-13 00:17:16,Shoulder,4,Lateral Raise (Dumbbell),shoulders,dumbbell,1,normal,15.0,15.0,,,
Workout_167,2025-09-13 00:17:16,Shoulder,4,Lateral Raise (Dumbbell),shoulders,dumbbell,2,normal,15.0,15.0,,,
Workout_167,2025-09-13 00:17:16,Shoulder,4,Lateral Raise (Dumbbell),shoulders,dumbbell,3,normal,20.0,15.0,,,
Workout_167,2025-09-13 00:17:16,Shoulder,4,Lateral Raise (Dumbbell),shoulders,dumbbell,4,normal,20.0,12.0,,,
Workout_167,2025-09-13 00:17:16,Shoulder,5,Plate Front Raise,shoulders,plate,1,normal,10.0,15.0,,,
Workout_167,2025-09-13 00:17:16,Shoulder,5,Plate Front Raise,shoulders,plate,2,normal,15.0,10.0,,,
Workout_167,2025-09-13 00:17:16,Shoulder,5,Plate Front Raise,shoulders,plate,3,normal,15.0,10.0,,,
Workout_167,2025-09-13 00:17:16,Shoulder,5,Plate Front Raise,shoulders,plate,4,normal,15.0,15.0,,,
Workout_167,2025-09-13 00:17:16,Shoulder,6,Overhead Press (Dumbbell),shoulders,dumbbell,1,normal,15.0,15.0,,,
Workout_167,2025-09-13 00:17:16,Shoulder,6,Overhead Press (Dumbbell),shoulders,dumbbell,2,normal,15.0,15.0,,,
Workout_167,2025-09-13 00:17:16,Shoulder,6,Overhead Press (Dumbbell),shoulders,dumbbell,3,normal,20.0,10.0,,,
Workout_167,2025-09-13 00:17:16,Shoulder,6,Overhead Press (Dumbbell),shoulders,dumbbell,4,normal,20.0,7.0,,,
Workout_167,2025-09-13 00:17:16,Shoulder,7,Shrug (Dumbbell),traps,dumbbell,1,normal,25.0,20.0,,,
Workout_167,2025-09-13 00:17:16,Shoulder,7,Shrug (Dumbbell),traps,dumbbell,2,normal,25.0,20.0,,,
Workout_167,2025-09-13 00:17:16,Shoulder,7,Shrug (Dumbbell),traps,dumbbell,3,normal,30.0,15.0,,,
Workout_167,2025-09-13 00:17:16,Shoulder,7,Shrug (Dumbbell),traps,dumbbell,4,normal,30.0,15.0,,,
Workout_168,2025-09-16 01:04:38,Legs,1,Warm Up,full_body,none,1,normal,,,,,469.0
Workout_168,2025-09-16 01:04:38,Legs,2,Leg Press (Machine),quadriceps,machine,1,normal,60.0,18.0,,,
Workout_168,2025-09-16 01:04:38,Legs,2,Leg Press (Machine),quadriceps,machine,2,normal,60.0,19.0,,,
Workout_168,2025-09-16 01:04:38,Legs,2,Leg Press (Machine),quadriceps,machine,3,normal,70.0,19.0,,,
Workout_168,2025-09-16 01:04:38,Legs,3,Leg Extension (Machine),quadriceps,machine,1,normal,35.0,15.0,,,
Workout_168,2025-09-16 01:04:38,Legs,3,Leg Extension (Machine),quadriceps,machine,2,normal,35.0,15.0,,,
Workout_168,2025-09-16 01:04:38,Legs,3,Leg Extension (Machine),quadriceps,machine,3,normal,40.0,17.0,,,
Workout_168,2025-09-16 01:04:38,Legs,3,Leg Extension (Machine),quadriceps,machine,4,normal,40.0,15.0,,,
Workout_168,2025-09-16 01:04:38,Legs,4,Walking Lunge (Dumbbell),quadriceps,dumbbell,1,normal,15.0,,,2.0,
Workout_168,2025-09-16 01:04:38,Legs,4,Walking Lunge (Dumbbell),quadriceps,dumbbell,2,normal,15.0,,,2.0,
Workout_168,2025-09-16 01:04:38,Legs,5,Seated Calf Raise,calves,machine,1,normal,10.0,30.0,,,
Workout_168,2025-09-16 01:04:38,Legs,5,Seated Calf Raise,calves,machine,2,normal,15.0,25.0,,,
Workout_168,2025-09-16 01:04:38,Legs,5,Seated Calf Raise,calves,machine,3,normal,15.0,25.0,,,
Workout_168,2025-09-16 01:04:38,Legs,5,Seated Calf Raise,calves,machine,4,normal,20.0,20.0,,,
Workout_169,2025-09-18 00:59:14,Chest,1,Warm Up,full_body,none,1,normal,,,,,323.0
Workout_169,2025-09-18 00:59:14,Chest,2,Bench Press (Dumbbell),chest,dumbbell,1,normal,15.0,15.0,,,
Workout_169,2025-09-18 00:59:14,Chest,2,Bench Press (Dumbbell),chest,dumbbell,2,normal,20.0,15.0,,,
Workout_169,2025-09-18 00:59:14,Chest,2,Bench Press (Dumbbell),chest,dumbbell,3,normal,20.0,15.0,,,
Workout_169,2025-09-18 00:59:14,Chest,2,Bench Press (Dumbbell),chest,dumbbell,4,normal,25.0,10.0,,,
Workout_169,2025-09-18 00:59:14,Chest,3,Incline Bench Press (Dumbbell),chest,dumbbell,1,normal,15.0,15.0,,,
Workout_169,2025-09-18 00:59:14,Chest,3,Incline Bench Press (Dumbbell),chest,dumbbell,2,normal,15.0,15.0,,,
Workout_169,2025-09-18 00:59:14,Chest,3,Incline Bench Press (Dumbbell),chest,dumbbell,3,normal,20.0,15.0,,,
Workout_169,2025-09-18 00:59:14,Chest,3,Incline Bench Press (Dumbbell),chest,dumbbell,4,normal,20.0,15.0,,,
Workout_169,2025-09-18 00:59:14,Chest,4,Bench Press (Barbell),chest,barbell,1,normal,35.0,15.0,,,
Workout_169,2025-09-18 00:59:14,Chest,4,Bench Press (Barbell),chest,barbell,2,normal,35.0,10.0,,,
Workout_169,2025-09-18 00:59:14,Chest,4,Bench Press (Barbell),chest,barbell,3,normal,40.0,10.0,,,
Workout_169,2025-09-18 00:59:14,Chest,4,Bench Press (Barbell),chest,barbell,4,normal,40.0,10.0,,,
Workout_169,2025-09-18 00:59:14,Chest,5,Chest Fly (Machine),chest,machine,1,normal,15.0,15.0,,,
Workout_169,2025-09-18 00:59:14,Chest,5,Chest Fly (Machine),chest,machine,2,normal,25.0,15.0,,,
Workout_169,2025-09-18 00:59:14,Chest,5,Chest Fly (Machine),chest,machine,3,normal,25.0,15.0,,,
Workout_169,2025-09-18 00:59:14,Chest,5,Chest Fly (Machine),chest,machine,4,normal,30.0,7.0,,,
Workout_169,2025-09-18 00:59:14,Chest,6,Triceps Rope Pushdown,triceps,machine,1,normal,25.0,15.0,,,
Workout_169,2025-09-18 00:59:14,Chest,6,Triceps Rope Pushdown,triceps,machine,2,normal,25.0,15.0,,,
Workout_169,2025-09-18 00:59:14,Chest,6,Triceps Rope Pushdown,triceps,machine,3,normal,20.0,15.0,,,
Workout_169,2025-09-18 00:59:14,Chest,6,Triceps Rope Pushdown,triceps,machine,4,normal,20.0,15.0,,,
Workout_169,2025-09-18 00:59:14,Chest,7,Seated Dip Machine,triceps,machine,1,normal,25.0,20.0,,,
Workout_169,2025-09-18 00:59:14,Chest,7,Seated Dip Machine,triceps,machine,2,normal,30.0,15.0,,,
Workout_169,2025-09-18 00:59:14,Chest,7,Seated Dip Machine,triceps,machine,3,normal,30.0,15.0,,,
Workout_169,2025-09-18 00:59:14,Chest,7,Seated Dip Machine,triceps,machine,4,normal,35.0,15.0,,,
Workout_169,2025-09-18 00:59:14,Chest,8,Treadmill,cardio,machine,1,normal,,,,500.0,390.0
Workout_170,2025-09-21 00:47:26,Back+lats,1,Warm Up,full_body,none,1,normal,,,,,381.0
Workout_170,2025-09-21 00:47:26,Back+lats,2,Lat Pulldown (Cable),lats,machine,1,normal,32.5,15.0,,,
Workout_170,2025-09-21 00:47:26,Back+lats,2,Lat Pulldown (Cable),lats,machine,2,normal,32.5,15.0,,,
Workout_170,2025-09-21 00:47:26,Back+lats,2,Lat Pulldown (Cable),lats,machine,3,normal,32.5,7.0,,,
Workout_170,2025-09-21 00:47:26,Back+lats,2,Lat Pulldown (Cable),lats,machine,4,normal,32.5,7.0,,,
Workout_170,2025-09-21 00:47:26,Back+lats,3,Dumbbell Row,lats,dumbbell,1,normal,20.0,15.0,,,
Workout_170,2025-09-21 00:47:26,Back+lats,3,Dumbbell Row,lats,dumbbell,2,normal,20.0,15.0,,,
Workout_170,2025-09-21 00:47:26,Back+lats,3,Dumbbell Row,lats,dumbbell,3,normal,25.0,12.0,,,
Workout_170,2025-09-21 00:47:26,Back+lats,3,Dumbbell Row,lats,dumbbell,4,normal,25.0,15.0,,,
Workout_170,2025-09-21 00:47:26,Back+lats,4,Iso-Lateral High Row (Machine),lats,machine,1,normal,25.0,10.0,,,
Workout_170,2025-09-21 00:47:26,Back+lats,4,Iso-Lateral High Row (Machine),lats,machine,2,normal,25.0,10.0,,,
Workout_170,2025-09-21 00:47:26,Back+lats,4,Iso-Lateral High Row (Machine),lats,machine,3,normal,25.0,7.0,,,
Workout_170,2025-09-21 00:47:26,Back+lats,4,Iso-Lateral High Row (Machine),lats,machine,4,normal,25.0,10.0,,,
Workout_170,2025-09-21 00:47:26,Back+lats,5,Back Extension (Weighted Hyperextension),lower_back,machine,1,normal,5.0,15.0,,,
Workout_170,2025-09-21 00:47:26,Back+lats,5,Back Extension (Weighted Hyperextension),lower_back,machine,2,normal,10.0,15.0,,,
Workout_170,2025-09-21 00:47:26,Back+lats,5,Back Extension (Weighted Hyperextension),lower_back,machine,3,normal,10.0,15.0,,,
Workout_171,2025-09-22 01:36:35,Legs,1,Warm Up,full_body,none,1,normal,,,,,366.0
Workout_171,2025-09-22 01:36:35,Legs,2,Leg Press (Machine),quadriceps,machine,1,normal,60.0,15.0,,,
Workout_171,2025-09-22 01:36:35,Legs,2,Leg Press (Machine),quadriceps,machine,2,normal,60.0,15.0,,,
Workout_171,2025-09-22 01:36:35,Legs,2,Leg Press (Machine),quadriceps,machine,3,normal,70.0,17.0,,,
Workout_171,2025-09-22 01:36:35,Legs,2,Leg Press (Machine),quadriceps,machine,4,normal,70.0,15.0,,,
Workout_171,2025-09-22 01:36:35,Legs,3,Lunge (Dumbbell),quadriceps,dumbbell,1,normal,5.0,15.0,,,
Workout_171,2025-09-22 01:36:35,Legs,3,Lunge (Dumbbell),quadriceps,dumbbell,2,normal,5.0,15.0,,,
Workout_171,2025-09-22 01:36:35,Legs,4,Leg Extension (Machine),quadriceps,machine,1,normal,35.0,15.0,,,
Workout_171,2025-09-22 01:36:35,Legs,4,Leg Extension (Machine),quadriceps,machine,2,normal,35.0,15.0,,,
Workout_171,2025-09-22 01:36:35,Legs,4,Leg Extension (Machine),quadriceps,machine,3,normal,35.0,15.0,,,
Workout_171,2025-09-22 01:36:35,Legs,4,Leg Extension (Machine),quadriceps,machine,4,normal,40.0,15.0,,,
Workout_171,2025-09-22 01:36:35,Legs,5,Lying Leg Curl (Machine),hamstrings,machine,1,normal,35.0,15.0,,,
Workout_171,2025-09-22 01:36:35,Legs,5,Lying Leg Curl (Machine),hamstrings,machine,2,normal,35.0,15.0,,,
Workout_171,2025-09-22 01:36:35,Legs,5,Lying Leg Curl (Machine),hamstrings,machine,3,normal,40.0,7.0,,,
Workout_171,2025-09-22 01:36:35,Legs,6,Seated Calf Raise,calves,machine,1,normal,15.0,20.0,,,
Workout_171,2025-09-22 01:36:35,Legs,6,Seated Calf Raise,calves,machine,2,normal,15.0,25.0,,,
Workout_171,2025-09-22 01:36:35,Legs,6,Seated Calf Raise,calves,machine,3,normal,20.0,25.0,,,
Workout_171,2025-09-22 01:36:35,Legs,6,Seated Calf Raise,calves,machine,4,normal,20.0,20.0,,,
Workout_171,2025-09-22 01:36:35,Legs,7,Squat (Machine),quadriceps,machine,1,normal,30.0,15.0,,,
Workout_171,2025-09-22 01:36:35,Legs,7,Squat (Machine),quadriceps,machine,2,normal,30.0,15.0,,,
Workout_171,2025-09-22 01:36:35,Legs,7,Squat (Machine),quadriceps,machine,3,normal,40.0,15.0,,,
Workout_171,2025-09-22 01:36:35,Legs,7,Squat (Machine),quadriceps,machine,4,normal,40.0,15.0,,,
Workout_172,2025-09-24 01:39:06,Shoulder,1,Warm Up,full_body,none,1,normal,,,,,370.0
Workout_172,2025-09-24 01:39:06,Shoulder,2,Overhead Press (Dumbbell),shoulders,dumbbell,1,normal,15.0,20.0,,,
Workout_172,2025-09-24 01:39:06,Shoulder,2,Overhead Press (Dumbbell),shoulders,dumbbell,2,normal,15.0,15.0,,,
Workout_172,2025-09-24 01:39:06,Shoulder,2,Overhead Press (Dumbbell),shoulders,dumbbell,3,normal,20.0,15.0,,,
Workout_172,2025-09-24 01:39:06,Shoulder,2,Overhead Press (Dumbbell),shoulders,dumbbell,4,normal,20.0,15.0,,,
Workout_172,2025-09-24 01:39:06,Shoulder,3,Lateral Raise (Dumbbell),shoulders,dumbbell,1,normal,15.0,15.0,,,
Workout_172,2025-09-24 01:39:06,Shoulder,3,Lateral Raise (Dumbbell),shoulders,dumbbell,2,normal,15.0,15.0,,,
Workout_172,2025-09-24 01:39:06,Shoulder,3,Lateral Raise (Dumbbell),shoulders,dumbbell,3,normal,20.0,15.0,,,
Workout_172,2025-09-24 01:39:06,Shoulder,3,Lateral Raise (Dumbbell),shoulders,dumbbell,4,normal,20.0,15.0,,,
Workout_172,2025-09-24 01:39:06,Shoulder,4,Face Pull,shoulders,machine,1,normal,25.0,15.0,,,
Workout_172,2025-09-24 01:39:06,Shoulder,4,Face Pull,shoulders,machine,2,normal,30.0,15.0,,,
Workout_172,2025-09-24 01:39:06,Shoulder,4,Face Pull,shoulders,machine,3,normal,30.0,15.0,,,
Workout_172,2025-09-24 01:39:06,Shoulder,4,Face Pull,shoulders,machine,4,normal,30.0,15.0,,,
Workout_172,2025-09-24 01:39:06,Shoulder,5,Upright Row (Barbell),shoulders,barbell,1,normal,15.0,15.0,,,
Workout_172,2025-09-24 01:39:06,Shoulder,5,Upright Row (Barbell),shoulders,barbell,2,normal,15.0,15.0,,,
Workout_172,2025-09-24 01:39:06,Shoulder,5,Upright Row (Barbell),shoulders,barbell,3,normal,20.0,15.0,,,
Workout_172,2025-09-24 01:39:06,Shoulder,5,Upright Row (Barbell),shoulders,barbell,4,normal,20.0,15.0,,,
Workout_172,2025-09-24 01:39:06,Shoulder,6,Shrug (Dumbbell),traps,dumbbell,1,normal,25.0,20.0,,,
Workout_172,2025-09-24 01:39:06,Shoulder,6,Shrug (Dumbbell),traps,dumbbell,2,normal,25.0,20.0,,,
Workout_172,2025-09-24 01:39:06,Shoulder,6,Shrug (Dumbbell),traps,dumbbell,3,normal,30.0,15.0,,,
Workout_172,2025-09-24 01:39:06,Shoulder,6,Shrug (Dumbbell),traps,dumbbell,4,normal,30.0,15.0,,,
Workout_172,2025-09-24 01:39:06,Shoulder,7,Seated Dip Machine,triceps,machine,1,normal,30.0,20.0,,,
Workout_172,2025-09-24 01:39:06,Shoulder,7,Seated Dip Machine,triceps,machine,2,normal,30.0,20.0,,,
Workout_172,2025-09-24 01:39:06,Shoulder,7,Seated Dip Machine,triceps,machine,3,normal,35.0,15.0,,,
Workout_172,2025-09-24 01:39:06,Shoulder,7,Seated Dip Machine,triceps,machine,4,normal,35.0,15.0,,,
Workout_172,2025-09-24 01:39:06,Shoulder,8,Treadmill,cardio,machine,1,normal,,,,480.0,600.0
Workout_173,2025-09-27 01:56:20,Back,1,Warm Up,full_body,none,1,normal,,,,,256.0
Workout_173,2025-09-27 01:56:20,Back,2,Iso-Lateral Row (Machine),upper_back,machine,1,normal,30.0,15.0,,,
Workout_173,2025-09-27 01:56:20,Back,2,Iso-Lateral Row (Machine),upper_back,machine,2,normal,50.0,15.0,,,
Workout_173,2025-09-27 01:56:20,Back,2,Iso-Lateral Row (Machine),upper_back,machine,3,normal,50.0,10.0,,,
Workout_173,2025-09-27 01:56:20,Back,2,Iso-Lateral Row (Machine),upper_back,machine,4,normal,50.0,15.0,,,
Workout_173,2025-09-27 01:56:20,Back,3,Lat Pulldown (Cable),lats,machine,1,normal,26.0,15.0,,,
Workout_173,2025-09-27 01:56:20,Back,3,Lat Pulldown (Cable),lats,machine,2,normal,33.0,15.0,,,
Workout_173,2025-09-27 01:56:20,Back,3,Lat Pulldown (Cable),lats,machine,3,normal,33.0,10.0,,,
Workout_173,2025-09-27 01:56:20,Back,3,Lat Pulldown (Cable),lats,machine,4,normal,33.0,12.0,,,
Workout_173,2025-09-27 01:56:20,Back,4,Pull Up (Assisted),lats,machine,1,normal,90.0,6.0,,,
Workout_173,2025-09-27 01:56:20,Back,4,Pull Up (Assisted),lats,machine,2,normal,90.0,6.0,,,
Workout_173,2025-09-27 01:56:20,Back,4,Pull Up (Assisted),lats,machine,3,normal,90.0,10.0,,,
Workout_173,2025-09-27 01:56:20,Back,5,Back Extension (Weighted Hyperextension),lower_back,machine,1,normal,10.0,15.0,,,
Workout_173,2025-09-27 01:56:20,Back,6,Bicep Curl (Dumbbell),biceps,dumbbell,1,normal,10.0,15.0,,,
Workout_173,2025-09-27 01:56:20,Back,6,Bicep Curl (Dumbbell),biceps,dumbbell,2,normal,20.0,10.0,,,
Workout_173,2025-09-27 01:56:20,Back,6,Bicep Curl (Dumbbell),biceps,dumbbell,3,normal,20.0,10.0,,,
Workout_173,2025-09-27 01:56:20,Back,7,Elliptical Trainer,cardio,machine,1,normal,,,,1500.0,600.0
Workout_174,2025-09-28 02:00:10,Chest,1,Warm Up,full_body,none,1,normal,,,,,360.0
Workout_174,2025-09-28 02:00:10,Chest,2,Bench Press (Dumbbell),chest,dumbbell,1,normal,20.0,15.0,,,
Workout_174,2025-09-28 02:00:10,Chest,2,Bench Press (Dumbbell),chest,dumbbell,2,normal,20.0,15.0,,,
Workout_174,2025-09-28 02:00:10,Chest,2,Bench Press (Dumbbell),chest,dumbbell,3,normal,25.0,15.0,,,
Workout_174,2025-09-28 02:00:10,Chest,2,Bench Press (Dumbbell),chest,dumbbell,4,normal,25.0,15.0,,,
Workout_174,2025-09-28 02:00:10,Chest,3,Incline Bench Press (Dumbbell),chest,dumbbell,1,normal,20.0,15.0,,,
Workout_174,2025-09-28 02:00:10,Chest,3,Incline Bench Press (Dumbbell),chest,dumbbell,2,normal,20.0,15.0,,,
Workout_174,2025-09-28 02:00:10,Chest,3,Incline Bench Press (Dumbbell),chest,dumbbell,3,normal,25.0,10.0,,,
Workout_174,2025-09-28 02:00:10,Chest,3,Incline Bench Press (Dumbbell),chest,dumbbell,4,normal,25.0,10.0,,,
Workout_174,2025-09-28 02:00:10,Chest,4,Bench Press (Barbell),chest,barbell,1,normal,40.0,10.0,,,
Workout_174,2025-09-28 02:00:10,Chest,4,Bench Press (Barbell),chest,barbell,2,normal,40.0,10.0,,,
Workout_174,2025-09-28 02:00:10,Chest,4,Bench Press (Barbell),chest,barbell,3,normal,45.0,6.0,,,
Workout_174,2025-09-28 02:00:10,Chest,4,Bench Press (Barbell),chest,barbell,4,normal,45.0,6.0,,,
Workout_174,2025-09-28 02:00:10,Chest,5,Chest Fly (Machine),chest,machine,1,normal,25.0,15.0,,,
Workout_174,2025-09-28 02:00:10,Chest,5,Chest Fly (Machine),chest,machine,2,normal,30.0,15.0,,,
Workout_174,2025-09-28 02:00:10,Chest,5,Chest Fly (Machine),chest,machine,3,normal,30.0,15.0,,,
Workout_174,2025-09-28 02:00:10,Chest,5,Chest Fly (Machine),chest,machine,4,normal,30.0,7.0,,,
Workout_174,2025-09-28 02:00:10,Chest,6,Triceps Pushdown,triceps,machine,1,normal,20.0,15.0,,,
Workout_174,2025-09-28 02:00:10,Chest,6,Triceps Pushdown,triceps,machine,2,normal,25.0,15.0,,,
Workout_174,2025-09-28 02:00:10,Chest,6,Triceps Pushdown,triceps,machine,3,normal,25.0,15.0,,,
Workout_174,2025-09-28 02:00:10,Chest,6,Triceps Pushdown,triceps,machine,4,normal,30.0,15.0,,,
Workout_174,2025-09-28 02:00:10,Chest,7,Triceps Extension (Dumbbell),triceps,dumbbell,1,normal,10.0,15.0,,,
Workout_174,2025-09-28 02:00:10,Chest,7,Triceps Extension (Dumbbell),triceps,dumbbell,2,normal,10.0,15.0,,,
Workout_174,2025-09-28 02:00:10,Chest,7,Triceps Extension (Dumbbell),triceps,dumbbell,3,normal,12.5,15.0,,,
Workout_174,2025-09-28 02:00:10,Chest,7,Triceps Extension (Dumbbell),triceps,dumbbell,4,normal,12.5,12.0,,,
Workout_174,2025-09-28 02:00:10,Chest,8,Treadmill,cardio,machine,1,normal,,,,310.0,300.0
Workout_175,2025-09-30 01:28:41,Legs,1,Warm Up,full_body,none,1,normal,,,,,288.0
Workout_175,2025-09-30 01:28:41,Legs,2,Leg Press (Machine),quadriceps,machine,1,normal,50.0,15.0,,,
Workout_175,2025-09-30 01:28:41,Legs,2,Leg Press (Machine),quadriceps,machine,2,normal,50.0,15.0,,,
Workout_175,2025-09-30 01:28:41,Legs,2,Leg Press (Machine),quadriceps,machine,3,normal,50.0,17.0,,,
Workout_175,2025-09-30 01:28:41,Legs,2,Leg Press (Machine),quadriceps,machine,4,normal,60.0,15.0,,,
Workout_175,2025-09-30 01:28:41,Legs,3,Lunge (Dumbbell),quadriceps,dumbbell,1,normal,5.0,15.0,,,
Workout_175,2025-09-30 01:28:41,Legs,3,Lunge (Dumbbell),quadriceps,dumbbell,2,normal,5.0,15.0,,,
Workout_175,2025-09-30 01:28:41,Legs,3,Lunge (Dumbbell),quadriceps,dumbbell,3,normal,10.0,15.0,,,
Workout_175,2025-09-30 01:28:41,Legs,3,Lunge (Dumbbell),quadriceps,dumbbell,4,normal,10.0,15.0,,,
Workout_175,2025-09-30 01:28:41,Legs,4,Leg Extension (Machine),quadriceps,machine,1,normal,35.0,15.0,,,
Workout_175,2025-09-30 01:28:41,Legs,4,Leg Extension (Machine),quadriceps,machine,2,normal,35.0,15.0,,,
Workout_175,2025-09-30 01:28:41,Legs,4,Leg Extension (Machine),quadriceps,machine,3,normal,35.0,15.0,,,
Workout_175,2025-09-30 01:28:41,Legs,4,Leg Extension (Machine),quadriceps,machine,4,normal,40.0,15.0,,,
Workout_175,2025-09-30 01:28:41,Legs,5,Lying Leg Curl (Machine),hamstrings,machine,1,normal,35.0,20.0,,,
Workout_175,2025-09-30 01:28:41,Legs,5,Lying Leg Curl (Machine),hamstrings,machine,2,normal,35.0,15.0,,,
Workout_175,2025-09-30 01:28:41,Legs,5,Lying Leg Curl (Machine),hamstrings,machine,3,normal,40.0,15.0,,,
Workout_175,2025-09-30 01:28:41,Legs,5,Lying Leg Curl (Machine),hamstrings,machine,4,normal,40.0,15.0,,,
Workout_175,2025-09-30 01:28:41,Legs,6,Seated Calf Raise,calves,machine,1,normal,15.0,20.0,,,
Workout_175,2025-09-30 01:28:41,Legs,6,Seated Calf Raise,calves,machine,2,normal,15.0,25.0,,,
Workout_175,2025-09-30 01:28:41,Legs,6,Seated Calf Raise,calves,machine,3,normal,15.0,30.0,,,
Workout_175,2025-09-30 01:28:41,Legs,6,Seated Calf Raise,calves,machine,4,normal,15.0,20.0,,,
Workout_175,2025-09-30 01:28:41,Legs,7,Elliptical Trainer,cardio,machine,1,normal,,,,1600.0,600.0
Workout_176,2025-10-01 01:38:31,Chest,1,Warm Up,full_body,none,1,normal,,,,,245.0
Workout_176,2025-10-01 01:38:31,Chest,2,Bench Press (Barbell),chest,barbell,1,normal,35.0,15.0,,,
Workout_176,2025-10-01 01:38:31,Chest,2,Bench Press (Barbell),chest,barbell,2,normal,35.0,15.0,,,
Workout_176,2025-10-01 01:38:31,Chest,2,Bench Press (Barbell),chest,barbell,3,normal,40.0,10.0,,,
Workout_176,2025-10-01 01:38:31,Chest,2,Bench Press (Barbell),chest,barbell,4,normal,40.0,6.0,,,
Workout_176,2025-10-01 01:38:31,Chest,3,Incline Bench Press (Barbell),chest,barbell,1,normal,35.0,15.0,,,
Workout_176,2025-10-01 01:38:31,Chest,3,Incline Bench Press (Barbell),chest,barbell,2,normal,35.0,15.0,,,
Workout_176,2025-10-01 01:38:31,Chest,3,Incline Bench Press (Barbell),chest,barbell,3,normal,35.0,10.0,,,
Workout_176,2025-10-01 01:38:31,Chest,3,Incline Bench Press (Barbell),chest,barbell,4,normal,35.0,6.0,,,
Workout_176,2025-10-01 01:38:31,Chest,4,Incline Bench Press (Dumbbell),chest,dumbbell,1,normal,20.0,15.0,,,
Workout_176,2025-10-01 01:38:31,Chest,4,Incline Bench Press (Dumbbell),chest,dumbbell,2,normal,20.0,15.0,,,
Workout_176,2025-10-01 01:38:31,Chest,4,Incline Bench Press (Dumbbell),chest,dumbbell,3,normal,25.0,10.0,,,
Workout_176,2025-10-01 01:38:31,Chest,4,Incline Bench Press (Dumbbell),chest,dumbbell,4,normal,25.0,10.0,,,
Workout_176,2025-10-01 01:38:31,Chest,5,Chest Fly (Dumbbell),chest,dumbbell,1,normal,10.0,20.0,,,
Workout_176,2025-10-01 01:38:31,Chest,5,Chest Fly (Dumbbell),chest,dumbbell,2,normal,15.0,15.0,,,
Workout_176,2025-10-01 01:38:31,Chest,5,Chest Fly (Dumbbell),chest,dumbbell,3,normal,15.0,15.0,,,
Workout_176,2025-10-01 01:38:31,Chest,5,Chest Fly (Dumbbell),chest,dumbbell,4,normal,20.0,10.0,,,
Workout_176,2025-10-01 01:38:31,Chest,6,Chest Fly (Machine),chest,machine,1,normal,25.0,15.0,,,
Workout_176,2025-10-01 01:38:31,Chest,6,Chest Fly (Machine),chest,machine,2,normal,30.0,15.0,,,
Workout_176,2025-10-01 01:38:31,Chest,6,Chest Fly (Machine),chest,machine,3,normal,30.0,15.0,,,
Workout_176,2025-10-01 01:38:31,Chest,6,Chest Fly (Machine),chest,machine,4,normal,30.0,15.0,,,
Workout_176,2025-10-01 01:38:31,Chest,7,Triceps Pushdown,triceps,machine,1,normal,20.0,15.0,,,
Workout_176,2025-10-01 01:38:31,Chest,7,Triceps Pushdown,triceps,machine,2,normal,25.0,15.0,,,
Workout_176,2025-10-01 01:38:31,Chest,7,Triceps Pushdown,triceps,machine,3,normal,25.0,15.0,,,
Workout_176,2025-10-01 01:38:31,Chest,7,Triceps Pushdown,triceps,machine,4,normal,30.0,15.0,,,
Workout_176,2025-10-01 01:38:31,Chest,8,Overhead Triceps Extension (Cable),triceps,machine,1,normal,25.0,15.0,,,
Workout_176,2025-10-01 01:38:31,Chest,8,Overhead Triceps Extension (Cable),triceps,machine,2,normal,25.0,15.0,,,
Workout_176,2025-10-01 01:38:31,Chest,9,Elliptical Trainer,cardio,machine,1,normal,,,,400.0,300.0
Workout_177,2025-10-02 01:47:56,Shoulders,1,Warm Up,full_body,none,1,normal,,,,,265.0
Workout_177,2025-10-02 01:47:56,Shoulders,2,Overhead Press (Dumbbell),shoulders,dumbbell,1,normal,15.0,20.0,,,
Workout_177,2025-10-02 01:47:56,Shoulders,2,Overhead Press (Dumbbell),shoulders,dumbbell,2,normal,20.0,15.0,,,
Workout_177,2025-10-02 01:47:56,Shoulders,2,Overhead Press (Dumbbell),shoulders,dumbbell,3,normal,20.0,15.0,,,
Workout_177,2025-10-02 01:47:56,Shoulders,2,Overhead Press (Dumbbell),shoulders,dumbbell,4,normal,25.0,7.0,,,
Workout_177,2025-10-02 01:47:56,Shoulders,3,Lateral Raise (Dumbbell),shoulders,dumbbell,1,normal,15.0,15.0,,,
Workout_177,2025-10-02 01:47:56,Shoulders,3,Lateral Raise (Dumbbell),shoulders,dumbbell,2,normal,15.0,15.0,,,
Workout_177,2025-10-02 01:47:56,Shoulders,3,Lateral Raise (Dumbbell),shoulders,dumbbell,3,normal,20.0,10.0,,,
Workout_177,2025-10-02 01:47:56,Shoulders,3,Lateral Raise (Dumbbell),shoulders,dumbbell,4,normal,20.0,15.0,,,
Workout_177,2025-10-02 01:47:56,Shoulders,4,Face Pull,shoulders,machine,1,normal,25.0,15.0,,,
Workout_177,2025-10-02 01:47:56,Shoulders,4,Face Pull,shoulders,machine,2,normal,30.0,15.0,,,
Workout_177,2025-10-02 01:47:56,Shoulders,4,Face Pull,shoulders,machine,3,normal,30.0,15.0,,,
Workout_177,2025-10-02 01:47:56,Shoulders,4,Face Pull,shoulders,machine,4,normal,30.0,12.0,,,
Workout_177,2025-10-02 01:47:56,Shoulders,5,Upright Row (Barbell),shoulders,barbell,1,normal,15.0,15.0,,,
Workout_177,2025-10-02 01:47:56,Shoulders,5,Upright Row (Barbell),shoulders,barbell,2,normal,15.0,15.0,,,
Workout_177,2025-10-02 01:47:56,Shoulders,5,Upright Row (Barbell),shoulders,barbell,3,normal,20.0,10.0,,,
Workout_177,2025-10-02 01:47:56,Shoulders,5,Upright Row (Barbell),shoulders,barbell,4,normal,20.0,10.0,,,
Workout_177,2025-10-02 01:47:56,Shoulders,6,Shrug (Dumbbell),traps,dumbbell,1,normal,25.0,15.0,,,
Workout_177,2025-10-02 01:47:56,Shoulders,6,Shrug (Dumbbell),traps,dumbbell,2,normal,25.0,15.0,,,
Workout_177,2025-10-02 01:47:56,Shoulders,6,Shrug (Dumbbell),traps,dumbbell,3,normal,30.0,15.0,,,
Workout_177,2025-10-02 01:47:56,Shoulders,6,Shrug (Dumbbell),traps,dumbbell,4,normal,30.0,15.0,,,
Workout_178,2025-10-04 02:16:19,Back,1,Warm Up,full_body,none,1,normal,,,,,360.0
Workout_178,2025-10-04 02:16:19,Back,2,T Bar Row,upper_back,barbell,1,normal,20.0,15.0,,,
Workout_178,2025-10-04 02:16:19,Back,2,T Bar Row,upper_back,barbell,2,normal,20.0,15.0,,,
Workout_178,2025-10-04 02:16:19,Back,2,T Bar Row,upper_back,barbell,3,normal,25.0,10.0,,,
Workout_178,2025-10-04 02:16:19,Back,2,T Bar Row,upper_back,barbell,4,normal,25.0,10.0,,,
Workout_178,2025-10-04 02:16:19,Back,3,Lat Pulldown (Cable),lats,machine,1,normal,26.0,10.0,,,
Workout_178,2025-10-04 02:16:19,Back,3,Lat Pulldown (Cable),lats,machine,2,normal,26.0,10.0,,,
Workout_178,2025-10-04 02:16:19,Back,3,Lat Pulldown (Cable),lats,machine,3,normal,26.0,10.0,,,
Workout_178,2025-10-04 02:16:19,Back,3,Lat Pulldown (Cable),lats,machine,4,normal,26.0,15.0,,,
Workout_178,2025-10-04 02:16:19,Back,4,Back Extension (Weighted Hyperextension),lower_back,machine,1,normal,5.0,15.0,,,
Workout_178,2025-10-04 02:16:19,Back,4,Back Extension (Weighted Hyperextension),lower_back,machine,2,normal,10.0,15.0,,,
Workout_178,2025-10-04 02:16:19,Back,4,Back Extension (Weighted Hyperextension),lower_back,machine,3,normal,10.0,15.0,,,
Workout_178,2025-10-04 02:16:19,Back,5,Iso-Lateral Low Row,upper_back,machine,1,normal,5.0,15.0,,,
Workout_178,2025-10-04 02:16:19,Back,5,Iso-Lateral Low Row,upper_back,machine,2,normal,5.0,15.0,,,
Workout_178,2025-10-04 02:16:19,Back,5,Iso-Lateral Low Row,upper_back,machine,3,normal,10.0,15.0,,,
Workout_178,2025-10-04 02:16:19,Back,5,Iso-Lateral Low Row,upper_back,machine,4,normal,10.0,15.0,,,
Workout_178,2025-10-04 02:16:19,Back,6,Seated Row (Machine),upper_back,machine,1,normal,30.0,15.0,,,
Workout_178,2025-10-04 02:16:19,Back,6,Seated Row (Machine),upper_back,machine,2,normal,30.0,15.0,,,
Workout_178,2025-10-04 02:16:19,Back,6,Seated Row (Machine),upper_back,machine,3,normal,35.0,15.0,,,
Workout_178,2025-10-04 02:16:19,Back,6,Seated Row (Machine),upper_back,machine,4,normal,35.0,15.0,,,
Workout_178,2025-10-04 02:16:19,Back,7,Pull Up (Assisted),lats,machine,1,normal,90.0,6.0,,,
Workout_178,2025-10-04 02:16:19,Back,7,Pull Up (Assisted),lats,machine,2,normal,90.0,6.0,,,
Workout_178,2025-10-04 02:16:19,Back,7,Pull Up (Assisted),lats,machine,3,normal,0.0,6.0,,,
Workout_178,2025-10-04 02:16:19,Back,8,Bicep Curl (Dumbbell),biceps,dumbbell,1,normal,10.0,15.0,,,
Workout_178,2025-10-04 02:16:19,Back,8,Bicep Curl (Dumbbell),biceps,dumbbell,2,normal,15.0,15.0,,,
Workout_178,2025-10-04 02:16:19,Back,8,Bicep Curl (Dumbbell),biceps,dumbbell,3,normal,15.0,15.0,,,
Workout_178,2025-10-04 02:16:19,Back,8,Bicep Curl (Dumbbell),biceps,dumbbell,4,normal,20.0,10.0,,,
Workout_178,2025-10-04 02:16:19,Back,9,Bicep Curl (Barbell),biceps,barbell,1,normal,15.0,15.0,,,
Workout_178,2025-10-04 02:16:19,Back,9,Bicep Curl (Barbell),biceps,barbell,2,normal,15.0,15.0,,,
Workout_178,2025-10-04 02:16:19,Back,9,Bicep Curl (Barbell),biceps,barbell,3,normal,20.0,10.0,,,
Workout_178,2025-10-04 02:16:19,Back,9,Bicep Curl (Barbell),biceps,barbell,4,normal,20.0,10.0,,,
Workout_179,2025-10-05 02:04:49,Morning workout ☀️,1,Warm Up,full_body,none,1,normal,,,,,345.0
Workout_179,2025-10-05 02:04:49,Morning workout ☀️,2,Treadmill,cardio,machine,1,normal,,,,310.0,300.0
Workout_180,2025-10-06 02:07:33,Legs,1,Elliptical Trainer,cardio,machine,1,normal,,,,2000.0,600.0
Workout_180,2025-10-06 02:07:33,Legs,2,Treadmill,cardio,machine,1,normal,,,,1500.0,1200.0
Workout_180,2025-10-06 02:07:33,Legs,3,Squat (Bodyweight),quadriceps,none,1,normal,,20.0,,,
Workout_180,2025-10-06 02:07:33,Legs,3,Squat (Bodyweight),quadriceps,none,2,normal,,20.0,,,
Workout_180,2025-10-06 02:07:33,Legs,3,Squat (Bodyweight),quadriceps,none,3,normal,,20.0,,,
Workout_180,2025-10-06 02:07:33,Legs,3,Squat (Bodyweight),quadriceps,none,4,normal,,20.0,,,
Workout_180,2025-10-06 02:07:33,Legs,4,Sumo Squat (Dumbbell),quadriceps,dumbbell,1,normal,5.0,15.0,,,
Workout_180,2025-10-06 02:07:33,Legs,4,Sumo Squat (Dumbbell),quadriceps,dumbbell,2,normal,5.0,15.0,,,
Workout_180,2025-10-06 02:07:33,Legs,4,Sumo Squat (Dumbbell),quadriceps,dumbbell,3,normal,10.0,15.0,,,
Workout_180,2025-10-06 02:07:33,Legs,4,Sumo Squat (Dumbbell),quadriceps,dumbbell,4,normal,10.0,15.0,,,
Workout_180,2025-10-06 02:07:33,Legs,5,Leg Extension (Machine),quadriceps,machine,1,normal,27.0,15.0,,,
Workout_180,2025-10-06 02:07:33,Legs,5,Leg Extension (Machine),quadriceps,machine,2,normal,27.0,15.0,,,
Workout_180,2025-10-06 02:07:33,Legs,5,Leg Extension (Machine),quadriceps,machine,3,normal,32.0,15.0,,,
Workout_180,2025-10-06 02:07:33,Legs,5,Leg Extension (Machine),quadriceps,machine,4,normal,32.0,15.0,,,
Workout_181,2025-10-07 01:58:20,Chest,1,Warm Up,full_body,none,1,normal,,,,,358.0
Workout_181,2025-10-07 01:58:20,Chest,2,Push Up,chest,none,1,normal,,10.0,,,
Workout_181,2025-10-07 01:58:20,Chest,2,Push Up,chest,none,2,normal,,10.0,,,
Workout_181,2025-10-07 01:58:20,Chest,2,Push Up,chest,none,3,normal,,5.0,,,
Workout_181,2025-10-07 01:58:20,Chest,3,Bench Press (Dumbbell),chest,dumbbell,1,normal,20.0,15.0,,,
Workout_181,2025-10-07 01:58:20,Chest,3,Bench Press (Dumbbell),chest,dumbbell,2,normal,20.0,15.0,,,
Workout_181,2025-10-07 01:58:20,Chest,3,Bench Press (Dumbbell),chest,dumbbell,3,normal,25.0,15.0,,,
Workout_181,2025-10-07 01:58:20,Chest,3,Bench Press (Dumbbell),chest,dumbbell,4,normal,25.0,15.0,,,
Workout_181,2025-10-07 01:58:20,Chest,4,Chest Fly (Machine),chest,machine,1,normal,25.0,15.0,,,
Workout_181,2025-10-07 01:58:20,Chest,4,Chest Fly (Machine),chest,machine,2,normal,25.0,15.0,,,
Workout_181,2025-10-07 01:58:20,Chest,4,Chest Fly (Machine),chest,machine,3,normal,32.0,15.0,,,
Workout_181,2025-10-07 01:58:20,Chest,4,Chest Fly (Machine),chest,machine,4,normal,32.0,15.0,,,
Workout_181,2025-10-07 01:58:20,Chest,5,Chest Press (Machine),chest,machine,1,normal,23.0,15.0,,,
Workout_181,2025-10-07 01:58:20,Chest,5,Chest Press (Machine),chest,machine,2,normal,23.0,15.0,,,
Workout_181,2025-10-07 01:58:20,Chest,5,Chest Press (Machine),chest,machine,3,normal,29.0,15.0,,,
Workout_181,2025-10-07 01:58:20,Chest,5,Chest Press (Machine),chest,machine,4,normal,29.0,15.0,,,
Workout_181,2025-10-07 01:58:20,Chest,6,Triceps Pushdown,triceps,machine,1,normal,25.0,15.0,,,
Workout_181,2025-10-07 01:58:20,Chest,6,Triceps Pushdown,triceps,machine,2,normal,25.0,15.0,,,
Workout_181,2025-10-07 01:58:20,Chest,6,Triceps Pushdown,triceps,machine,3,normal,32.0,15.0,,,
Workout_181,2025-10-07 01:58:20,Chest,6,Triceps Pushdown,triceps,machine,4,normal,32.0,15.0,,,
Workout_181,2025-10-07 01:58:20,Chest,7,Triceps Extension (Dumbbell),triceps,dumbbell,1,normal,10.0,15.0,,,
Workout_181,2025-10-07 01:58:20,Chest,7,Triceps Extension (Dumbbell),triceps,dumbbell,2,normal,10.0,15.0,,,
Workout_181,2025-10-07 01:58:20,Chest,7,Triceps Extension (Dumbbell),triceps,dumbbell,3,normal,12.5,15.0,,,
Workout_181,2025-10-07 01:58:20,Chest,7,Triceps Extension (Dumbbell),triceps,dumbbell,4,normal,12.5,15.0,,,
Workout_181,2025-10-07 01:58:20,Chest,8,Rowing Machine,cardio,machine,1,normal,,,,500.0,300.0
Workout_181,2025-10-07 01:58:20,Chest,9,Elliptical Trainer,cardio,machine,1,normal,,,,2200.0,600.0
Workout_182,2025-10-08 01:55:41,Shoulder,1,Warm Up,full_body,none,1,normal,,,,,403.0
Workout_182,2025-10-08 01:55:41,Shoulder,2,Overhead Press (Barbell),shoulders,barbell,1,normal,15.0,15.0,,,
Workout_182,2025-10-08 01:55:41,Shoulder,2,Overhead Press (Barbell),shoulders,barbell,2,normal,20.0,15.0,,,
Workout_182,2025-10-08 01:55:41,Shoulder,2,Overhead Press (Barbell),shoulders,barbell,3,normal,20.0,10.0,,,
Workout_182,2025-10-08 01:55:41,Shoulder,2,Overhead Press (Barbell),shoulders,barbell,4,normal,20.0,9.0,,,
Workout_182,2025-10-08 01:55:41,Shoulder,3,Lateral Raise (Dumbbell),shoulders,dumbbell,1,normal,15.0,15.0,,,
Workout_182,2025-10-08 01:55:41,Shoulder,3,Lateral Raise (Dumbbell),shoulders,dumbbell,2,normal,15.0,15.0,,,
Workout_182,2025-10-08 01:55:41,Shoulder,3,Lateral Raise (Dumbbell),shoulders,dumbbell,3,normal,20.0,10.0,,,
Workout_182,2025-10-08 01:55:41,Shoulder,3,Lateral Raise (Dumbbell),shoulders,dumbbell,4,normal,20.0,15.0,,,
Workout_182,2025-10-08 01:55:41,Shoulder,4,Rear Delt Reverse Fly (Machine),shoulders,machine,1,normal,23.0,15.0,,,
Workout_182,2025-10-08 01:55:41,Shoulder,4,Rear Delt Reverse Fly (Machine),shoulders,machine,2,normal,32.0,15.0,,,
Workout_182,2025-10-08 01:55:41,Shoulder,4,Rear Delt Reverse Fly (Machine),shoulders,machine,3,normal,32.0,15.0,,,
Workout_182,2025-10-08 01:55:41,Shoulder,4,Rear Delt Reverse Fly (Machine),shoulders,machine,4,normal,32.0,15.0,,,
Workout_182,2025-10-08 01:55:41,Shoulder,5,Overhead Press (Dumbbell),shoulders,dumbbell,1,normal,15.0,20.0,,,
Workout_182,2025-10-08 01:55:41,Shoulder,5,Overhead Press (Dumbbell),shoulders,dumbbell,2,normal,20.0,10.0,,,
Workout_182,2025-10-08 01:55:41,Shoulder,5,Overhead Press (Dumbbell),shoulders,dumbbell,3,normal,20.0,10.0,,,
Workout_182,2025-10-08 01:55:41,Shoulder,5,Overhead Press (Dumbbell),shoulders,dumbbell,4,normal,20.0,7.0,,,
Workout_182,2025-10-08 01:55:41,Shoulder,6,Shrug (Dumbbell),traps,dumbbell,1,normal,25.0,15.0,,,
Workout_182,2025-10-08 01:55:41,Shoulder,6,Shrug (Dumbbell),traps,dumbbell,2,normal,25.0,15.0,,,
Workout_182,2025-10-08 01:55:41,Shoulder,6,Shrug (Dumbbell),traps,dumbbell,3,normal,30.0,15.0,,,
Workout_182,2025-10-08 01:55:41,Shoulder,6,Shrug (Dumbbell),traps,dumbbell,4,normal,30.0,15.0,,,
Workout_182,2025-10-08 01:55:41,Shoulder,7,Rowing Machine,cardio,machine,1,normal,,,,300.0,120.0
Workout_182,2025-10-08 01:55:41,Shoulder,8,Spinning,cardio,machine,1,normal,,,,,626.0
Workout_182,2025-10-08 01:55:41,Shoulder,9,Treadmill,cardio,machine,1,normal,,,,700.0,600.0
Workout_183,2025-10-11 01:37:28,Back,1,Warm Up,full_body,none,1,normal,,,,,330.0
Workout_183,2025-10-11 01:37:28,Back,2,Treadmill,cardio,machine,1,normal,,,,1700.0,1200.0
Workout_183,2025-10-11 01:37:28,Back,3,Lat Pulldown (Cable),lats,machine,1,normal,29.0,15.0,,,
Workout_183,2025-10-11 01:37:28,Back,3,Lat Pulldown (Cable),lats,machine,2,normal,29.0,15.0,,,
Workout_183,2025-10-11 01:37:28,Back,3,Lat Pulldown (Cable),lats,machine,3,normal,36.0,15.0,,,
Workout_183,2025-10-11 01:37:28,Back,3,Lat Pulldown (Cable),lats,machine,4,normal,36.0,10.0,,,
Workout_183,2025-10-11 01:37:28,Back,4,Seated Cable Row - V Grip (Cable),upper_back,machine,1,normal,26.0,15.0,,,
Workout_183,2025-10-11 01:37:28,Back,4,Seated Cable Row - V Grip (Cable),upper_back,machine,2,normal,26.0,15.0,,,
Workout_183,2025-10-11 01:37:28,Back,4,Seated Cable Row - V Grip (Cable),upper_back,machine,3,normal,39.0,10.0,,,
Workout_183,2025-10-11 01:37:28,Back,4,Seated Cable Row - V Grip (Cable),upper_back,machine,4,normal,39.0,10.0,,,
Workout_183,2025-10-11 01:37:28,Back,5,Reverse Grip Lat Pulldown (Cable),lats,machine,1,normal,23.0,15.0,,,
Workout_183,2025-10-11 01:37:28,Back,5,Reverse Grip Lat Pulldown (Cable),lats,machine,2,normal,29.0,15.0,,,
Workout_183,2025-10-11 01:37:28,Back,5,Reverse Grip Lat Pulldown (Cable),lats,machine,3,normal,29.0,12.0,,,
Workout_183,2025-10-11 01:37:28,Back,5,Reverse Grip Lat Pulldown (Cable),lats,machine,4,normal,36.0,10.0,,,
Workout_183,2025-10-11 01:37:28,Back,6,Pull Up (Assisted),lats,machine,1,normal,68.0,15.0,,,
Workout_183,2025-10-11 01:37:28,Back,6,Pull Up (Assisted),lats,machine,2,normal,68.0,15.0,,,
Workout_183,2025-10-11 01:37:28,Back,7,Bicep Curl (Dumbbell),biceps,dumbbell,1,normal,10.0,15.0,,,
Workout_183,2025-10-11 01:37:28,Back,7,Bicep Curl (Dumbbell),biceps,dumbbell,2,normal,15.0,15.0,,,
Workout_183,2025-10-11 01:37:28,Back,7,Bicep Curl (Dumbbell),biceps,dumbbell,3,normal,15.0,15.0,,,
Workout_183,2025-10-11 01:37:28,Back,7,Bicep Curl (Dumbbell),biceps,dumbbell,4,normal,20.0,10.0,,,
Workout_183,2025-10-11 01:37:28,Back,8,Elliptical Trainer,cardio,machine,1,normal,,,,2200.0,600.0
Workout_184,2025-10-12 01:58:34,Legs,1,Warm Up,full_body,none,1,normal,,,,,382.0
Workout_184,2025-10-12 01:58:34,Legs,2,Squat (Bodyweight),quadriceps,none,1,normal,,20.0,,,
Workout_184,2025-10-12 01:58:34,Legs,2,Squat (Bodyweight),quadriceps,none,2,normal,,20.0,,,
Workout_184,2025-10-12 01:58:34,Legs,2,Squat (Bodyweight),quadriceps,none,3,normal,,20.0,,,
Workout_184,2025-10-12 01:58:34,Legs,2,Squat (Bodyweight),quadriceps,none,4,normal,,20.0,,,
Workout_184,2025-10-12 01:58:34,Legs,3,Lunge (Dumbbell),quadriceps,dumbbell,1,normal,5.0,10.0,,,
Workout_184,2025-10-12 01:58:34,Legs,3,Lunge (Dumbbell),quadriceps,dumbbell,2,normal,5.0,8.0,,,
Workout_184,2025-10-12 01:58:34,Legs,4,Leg Extension (Machine),quadriceps,machine,1,normal,26.0,15.0,,,
Workout_184,2025-10-12 01:58:34,Legs,4,Leg Extension (Machine),quadriceps,machine,2,normal,26.0,15.0,,,
Workout_184,2025-10-12 01:58:34,Legs,4,Leg Extension (Machine),quadriceps,machine,3,normal,29.0,15.0,,,
Workout_184,2025-10-12 01:58:34,Legs,4,Leg Extension (Machine),quadriceps,machine,4,normal,29.0,15.0,,,
Workout_184,2025-10-12 01:58:34,Legs,5,Leg Press (Machine),quadriceps,machine,1,normal,50.0,15.0,,,
Workout_184,2025-10-12 01:58:34,Legs,5,Leg Press (Machine),quadriceps,machine,2,normal,50.0,10.0,,,
Workout_184,2025-10-12 01:58:34,Legs,5,Leg Press (Machine),quadriceps,machine,3,normal,50.0,15.0,,,
Workout_184,2025-10-12 01:58:34,Legs,5,Leg Press (Machine),quadriceps,machine,4,normal,60.0,15.0,,,
Workout_184,2025-10-12 01:58:34,Legs,6,Seated Calf Raise,calves,machine,1,normal,15.0,30.0,,,
Workout_184,2025-10-12 01:58:34,Legs,6,Seated Calf Raise,calves,machine,2,normal,15.0,30.0,,,
Workout_184,2025-10-12 01:58:34,Legs,6,Seated Calf Raise,calves,machine,3,normal,20.0,30.0,,,
Workout_184,2025-10-12 01:58:34,Legs,6,Seated Calf Raise,calves,machine,4,normal,20.0,30.0,,,
Workout_184,2025-10-12 01:58:34,Legs,7,Treadmill,cardio,machine,1,normal,,,,1400.0,1200.0
Workout_185,2025-10-13 01:59:20,Chest,1,Warm Up,full_body,none,1,normal,,,,,266.0
Workout_185,2025-10-13 01:59:20,Chest,2,Bench Press (Barbell),chest,barbell,1,normal,35.0,15.0,,,
Workout_185,2025-10-13 01:59:20,Chest,2,Bench Press (Barbell),chest,barbell,2,normal,35.0,15.0,,,
Workout_185,2025-10-13 01:59:20,Chest,2,Bench Press (Barbell),chest,barbell,3,normal,40.0,10.0,,,
Workout_185,2025-10-13 01:59:20,Chest,2,Bench Press (Barbell),chest,barbell,4,normal,40.0,10.0,,,
Workout_185,2025-10-13 01:59:20,Chest,3,Bench Press (Dumbbell),chest,dumbbell,1,normal,20.0,15.0,,,
Workout_185,2025-10-13 01:59:20,Chest,3,Bench Press (Dumbbell),chest,dumbbell,2,normal,20.0,15.0,,,
Workout_185,2025-10-13 01:59:20,Chest,3,Bench Press (Dumbbell),chest,dumbbell,3,normal,25.0,15.0,,,
Workout_185,2025-10-13 01:59:20,Chest,3,Bench Press (Dumbbell),chest,dumbbell,4,normal,25.0,15.0,,,
Workout_185,2025-10-13 01:59:20,Chest,4,Chest Fly (Machine),chest,machine,1,normal,25.0,20.0,,,
Workout_185,2025-10-13 01:59:20,Chest,4,Chest Fly (Machine),chest,machine,2,normal,32.0,20.0,,,
Workout_185,2025-10-13 01:59:20,Chest,4,Chest Fly (Machine),chest,machine,3,normal,32.0,15.0,,,
Workout_185,2025-10-13 01:59:20,Chest,4,Chest Fly (Machine),chest,machine,4,normal,39.0,15.0,,,
Workout_185,2025-10-13 01:59:20,Chest,5,Chest Press (Machine),chest,machine,1,normal,23.0,15.0,,,
Workout_185,2025-10-13 01:59:20,Chest,5,Chest Press (Machine),chest,machine,2,normal,23.0,15.0,,,
Workout_185,2025-10-13 01:59:20,Chest,5,Chest Press (Machine),chest,machine,3,normal,29.0,15.0,,,
Workout_185,2025-10-13 01:59:20,Chest,5,Chest Press (Machine),chest,machine,4,normal,29.0,15.0,,,
Workout_185,2025-10-13 01:59:20,Chest,6,Triceps Rope Pushdown,triceps,machine,1,normal,13.6,15.0,,,
Workout_185,2025-10-13 01:59:20,Chest,6,Triceps Rope Pushdown,triceps,machine,2,normal,13.6,15.0,,,
Workout_185,2025-10-13 01:59:20,Chest,6,Triceps Rope Pushdown,triceps,machine,3,normal,15.9,10.0,,,
Workout_185,2025-10-13 01:59:20,Chest,6,Triceps Rope Pushdown,triceps,machine,4,normal,15.9,10.0,,,
Workout_185,2025-10-13 01:59:20,Chest,7,Triceps Extension (Dumbbell),triceps,dumbbell,1,normal,12.5,20.0,,,
Workout_185,2025-10-13 01:59:20,Chest,7,Triceps Extension (Dumbbell),triceps,dumbbell,2,normal,12.5,20.0,,,
Workout_185,2025-10-13 01:59:20,Chest,7,Triceps Extension (Dumbbell),triceps,dumbbell,3,normal,15.0,15.0,,,
Workout_185,2025-10-13 01:59:20,Chest,7,Triceps Extension (Dumbbell),triceps,dumbbell,4,normal,15.0,15.0,,,
Workout_185,2025-10-13 01:59:20,Chest,8,Treadmill,cardio,machine,1,normal,,,,720.0,600.0
Workout_185,2025-10-13 01:59:20,Chest,9,Elliptical Trainer,cardio,machine,1,normal,,,,2600.0,600.0
Workout_186,2025-10-15 01:33:24,Shoulder,1,Warm Up,full_body,none,1,normal,,,,,287.0
Workout_186,2025-10-15 01:33:24,Shoulder,2,Overhead Press (Barbell),shoulders,barbell,1,normal,20.0,15.0,,,
Workout_186,2025-10-15 01:33:24,Shoulder,2,Overhead Press (Barbell),shoulders,barbell,2,normal,20.0,15.0,,,
Workout_186,2025-10-15 01:33:24,Shoulder,2,Overhead Press (Barbell),shoulders,barbell,3,normal,25.0,15.0,,,
Workout_186,2025-10-15 01:33:24,Shoulder,2,Overhead Press (Barbell),shoulders,barbell,4,normal,25.0,10.0,,,
Workout_186,2025-10-15 01:33:24,Shoulder,3,Lateral Raise (Dumbbell),shoulders,dumbbell,1,normal,15.0,15.0,,,
Workout_186,2025-10-15 01:33:24,Shoulder,3,Lateral Raise (Dumbbell),shoulders,dumbbell,2,normal,15.0,15.0,,,
Workout_186,2025-10-15 01:33:24,Shoulder,3,Lateral Raise (Dumbbell),shoulders,dumbbell,3,normal,20.0,15.0,,,
Workout_186,2025-10-15 01:33:24,Shoulder,3,Lateral Raise (Dumbbell),shoulders,dumbbell,4,normal,20.0,15.0,,,
Workout_186,2025-10-15 01:33:24,Shoulder,4,Rear Delt Reverse Fly (Machine),shoulders,machine,1,normal,32.0,15.0,,,
Workout_186,2025-10-15 01:33:24,Shoulder,4,Rear Delt Reverse Fly (Machine),shoulders,machine,2,normal,32.0,15.0,,,
Workout_186,2025-10-15 01:33:24,Shoulder,4,Rear Delt Reverse Fly (Machine),shoulders,machine,3,normal,32.0,15.0,,,
Workout_186,2025-10-15 01:33:24,Shoulder,4,Rear Delt Reverse Fly (Machine),shoulders,machine,4,normal,39.0,13.0,,,
Workout_186,2025-10-15 01:33:24,Shoulder,5,Overhead Press (Dumbbell),shoulders,dumbbell,1,normal,20.0,15.0,,,
Workout_186,2025-10-15 01:33:24,Shoulder,5,Overhead Press (Dumbbell),shoulders,dumbbell,2,normal,20.0,15.0,,,
Workout_186,2025-10-15 01:33:24,Shoulder,5,Overhead Press (Dumbbell),shoulders,dumbbell,3,normal,25.0,15.0,,,
Workout_186,2025-10-15 01:33:24,Shoulder,5,Overhead Press (Dumbbell),shoulders,dumbbell,4,normal,25.0,6.0,,,
Workout_186,2025-10-15 01:33:24,Shoulder,6,Shrug (Dumbbell),traps,dumbbell,1,normal,25.0,20.0,,,
Workout_186,2025-10-15 01:33:24,Shoulder,6,Shrug (Dumbbell),traps,dumbbell,2,normal,25.0,20.0,,,
Workout_186,2025-10-15 01:33:24,Shoulder,6,Shrug (Dumbbell),traps,dumbbell,3,normal,30.0,15.0,,,
Workout_186,2025-10-15 01:33:24,Shoulder,6,Shrug (Dumbbell),traps,dumbbell,4,normal,30.0,15.0,,,
Workout_186,2025-10-15 01:33:24,Shoulder,7,Treadmill,cardio,machine,1,normal,,,,750.0,600.0
Workout_186,2025-10-15 01:33:24,Shoulder,8,Elliptical Trainer,cardio,machine,1,normal,,,,2600.0,600.0
Workout_187,2025-10-16 09:33:00,Back,1,Warm Up,full_body,none,1,normal,,,,,428.0
Workout_187,2025-10-16 09:33:00,Back,2,Lat Pulldown (Cable),lats,machine,1,normal,29.0,15.0,,,
Workout_187,2025-10-16 09:33:00,Back,2,Lat Pulldown (Cable),lats,machine,2,normal,29.0,17.0,,,
Workout_187,2025-10-16 09:33:00,Back,2,Lat Pulldown (Cable),lats,machine,3,normal,36.0,17.0,,,
Workout_187,2025-10-16 09:33:00,Back,2,Lat Pulldown (Cable),lats,machine,4,normal,36.0,15.0,,,
Workout_187,2025-10-16 09:33:00,Back,3,Seated Cable Row - V Grip (Cable),upper_back,machine,1,normal,26.0,15.0,,,
Workout_187,2025-10-16 09:33:00,Back,3,Seated Cable Row - V Grip (Cable),upper_back,machine,2,normal,26.0,15.0,,,
Workout_187,2025-10-16 09:33:00,Back,3,Seated Cable Row - V Grip (Cable),upper_back,machine,3,normal,39.0,12.0,,,
Workout_187,2025-10-16 09:33:00,Back,3,Seated Cable Row - V Grip (Cable),upper_back,machine,4,normal,39.0,10.0,,,
Workout_187,2025-10-16 09:33:00,Back,4,Dumbbell Row,lats,dumbbell,1,normal,10.0,15.0,,,
Workout_187,2025-10-16 09:33:00,Back,4,Dumbbell Row,lats,dumbbell,2,normal,10.0,15.0,,,
Workout_187,2025-10-16 09:33:00,Back,4,Dumbbell Row,lats,dumbbell,3,normal,20.0,15.0,,,
Workout_187,2025-10-16 09:33:00,Back,4,Dumbbell Row,lats,dumbbell,4,normal,20.0,15.0,,,
Workout_187,2025-10-16 09:33:00,Back,5,Rear Delt Reverse Fly (Machine),shoulders,machine,1,normal,32.0,15.0,,,
Workout_187,2025-10-16 09:33:00,Back,5,Rear Delt Reverse Fly (Machine),shoulders,machine,2,normal,32.0,15.0,,,
Workout_187,2025-10-16 09:33:00,Back,5,Rear Delt Reverse Fly (Machine),shoulders,machine,3,normal,39.0,15.0,,,
Workout_187,2025-10-16 09:33:00,Back,5,Rear Delt Reverse Fly (Machine),shoulders,machine,4,normal,39.0,10.0,,,
Workout_187,2025-10-16 09:33:00,Back,6,Treadmill,cardio,machine,1,normal,,,,770.0,600.0
Workout_187,2025-10-16 09:33:00,Back,7,Spinning,cardio,machine,1,normal,,,,,300.0
Workout_188,2025-10-18 02:03:41,Legs,1,Warm Up,full_body,none,1,normal,,,,,323.0
Workout_188,2025-10-18 02:03:41,Legs,2,Leg Press (Machine),quadriceps,machine,1,normal,50.0,15.0,,,
Workout_188,2025-10-18 02:03:41,Legs,2,Leg Press (Machine),quadriceps,machine,2,normal,50.0,15.0,,,
Workout_188,2025-10-18 02:03:41,Legs,2,Leg Press (Machine),quadriceps,machine,3,normal,60.0,15.0,,,
Workout_188,2025-10-18 02:03:41,Legs,2,Leg Press (Machine),quadriceps,machine,4,normal,60.0,12.0,,,
Workout_188,2025-10-18 02:03:41,Legs,3,Leg Extension (Machine),quadriceps,machine,1,normal,29.0,15.0,,,
Workout_188,2025-10-18 02:03:41,Legs,3,Leg Extension (Machine),quadriceps,machine,2,normal,29.0,15.0,,,
Workout_188,2025-10-18 02:03:41,Legs,3,Leg Extension (Machine),quadriceps,machine,3,normal,36.0,15.0,,,
Workout_188,2025-10-18 02:03:41,Legs,3,Leg Extension (Machine),quadriceps,machine,4,normal,36.0,15.0,,,
Workout_188,2025-10-18 02:03:41,Legs,4,Seated Leg Curl (Machine),hamstrings,machine,1,normal,23.0,15.0,,,
Workout_188,2025-10-18 02:03:41,Legs,4,Seated Leg Curl (Machine),hamstrings,machine,2,normal,18.0,15.0,,,
Workout_188,2025-10-18 02:03:41,Legs,4,Seated Leg Curl (Machine),hamstrings,machine,3,normal,18.0,15.0,,,
Workout_188,2025-10-18 02:03:41,Legs,4,Seated Leg Curl (Machine),hamstrings,machine,4,normal,23.0,15.0,,,
Workout_188,2025-10-18 02:03:41,Legs,5,Squat (Bodyweight),quadriceps,none,1,normal,,20.0,,,
Workout_188,2025-10-18 02:03:41,Legs,5,Squat (Bodyweight),quadriceps,none,2,normal,,20.0,,,
Workout_188,2025-10-18 02:03:41,Legs,5,Squat (Bodyweight),quadriceps,none,3,normal,,20.0,,,
Workout_188,2025-10-18 02:03:41,Legs,5,Squat (Bodyweight),quadriceps,none,4,normal,,20.0,,,
Workout_188,2025-10-18 02:03:41,Legs,5,Squat (Bodyweight),quadriceps,none,5,normal,,15.0,,,
Workout_188,2025-10-18 02:03:41,Legs,6,Seated Calf Raise,calves,machine,1,normal,15.0,30.0,,,
Workout_188,2025-10-18 02:03:41,Legs,6,Seated Calf Raise,calves,machine,2,normal,15.0,30.0,,,
Workout_188,2025-10-18 02:03:41,Legs,6,Seated Calf Raise,calves,machine,3,normal,20.0,25.0,,,
Workout_188,2025-10-18 02:03:41,Legs,6,Seated Calf Raise,calves,machine,4,normal,20.0,25.0,,,
Workout_188,2025-10-18 02:03:41,Legs,7,Lunge (Dumbbell),quadriceps,dumbbell,1,normal,5.0,10.0,,,
Workout_188,2025-10-18 02:03:41,Legs,7,Lunge (Dumbbell),quadriceps,dumbbell,2,normal,5.0,3.0,,,
Workout_188,2025-10-18 02:03:41,Legs,8,Treadmill,cardio,machine,1,normal,,,,350.0,300.0
Workout_189,2025-10-19 02:04:35,Chest,1,Warm Up,full_body,none,1,normal,,,,,288.0
Workout_189,2025-10-19 02:04:35,Chest,2,Push Up,chest,none,1,normal,,15.0,,,
Workout_189,2025-10-19 02:04:35,Chest,2,Push Up,chest,none,2,normal,,10.0,,,
Workout_189,2025-10-19 02:04:35,Chest,2,Push Up,chest,none,3,normal,,5.0,,,
Workout_189,2025-10-19 02:04:35,Chest,3,Chest Fly (Machine),chest,machine,1,normal,32.0,20.0,,,
Workout_189,2025-10-19 02:04:35,Chest,3,Chest Fly (Machine),chest,machine,2,normal,32.0,20.0,,,
Workout_189,2025-10-19 02:04:35,Chest,3,Chest Fly (Machine),chest,machine,3,normal,39.0,15.0,,,
Workout_189,2025-10-19 02:04:35,Chest,3,Chest Fly (Machine),chest,machine,4,normal,39.0,15.0,,,
Workout_189,2025-10-19 02:04:35,Chest,4,Chest Press (Machine),chest,machine,1,normal,23.0,15.0,,,
Workout_189,2025-10-19 02:04:35,Chest,4,Chest Press (Machine),chest,machine,2,normal,23.0,15.0,,,
Workout_189,2025-10-19 02:04:35,Chest,4,Chest Press (Machine),chest,machine,3,normal,29.0,10.0,,,
Workout_189,2025-10-19 02:04:35,Chest,4,Chest Press (Machine),chest,machine,4,normal,29.0,10.0,,,
Workout_189,2025-10-19 02:04:35,Chest,5,Incline Bench Press (Dumbbell),chest,dumbbell,1,normal,20.0,10.0,,,
Workout_189,2025-10-19 02:04:35,Chest,5,Incline Bench Press (Dumbbell),chest,dumbbell,2,normal,20.0,10.0,,,
Workout_189,2025-10-19 02:04:35,Chest,5,Incline Bench Press (Dumbbell),chest,dumbbell,3,normal,20.0,10.0,,,
Workout_189,2025-10-19 02:04:35,Chest,5,Incline Bench Press (Dumbbell),chest,dumbbell,4,normal,25.0,10.0,,,
Workout_189,2025-10-19 02:04:35,Chest,6,Triceps Extension (Dumbbell),triceps,dumbbell,1,normal,12.5,20.0,,,
Workout_189,2025-10-19 02:04:35,Chest,6,Triceps Extension (Dumbbell),triceps,dumbbell,2,normal,12.5,20.0,,,
Workout_189,2025-10-19 02:04:35,Chest,6,Triceps Extension (Dumbbell),triceps,dumbbell,3,normal,15.0,15.0,,,
Workout_189,2025-10-19 02:04:35,Chest,6,Triceps Extension (Dumbbell),triceps,dumbbell,4,normal,15.0,15.0,,,
Workout_189,2025-10-19 02:04:35,Chest,7,Triceps Rope Pushdown,triceps,machine,1,normal,25.0,15.0,,,
Workout_189,2025-10-19 02:04:35,Chest,7,Triceps Rope Pushdown,triceps,machine,2,normal,25.0,15.0,,,
Workout_189,2025-10-19 02:04:35,Chest,7,Triceps Rope Pushdown,triceps,machine,3,normal,30.0,15.0,,,
Workout_189,2025-10-19 02:04:35,Chest,7,Triceps Rope Pushdown,triceps,machine,4,normal,30.0,15.0,,,
Workout_189,2025-10-19 02:04:35,Chest,8,Bench Dip,triceps,other,1,normal,,15.0,,,
Workout_189,2025-10-19 02:04:35,Chest,8,Bench Dip,triceps,other,2,normal,,20.0,,,
Workout_189,2025-10-19 02:04:35,Chest,8,Bench Dip,triceps,other,3,normal,,15.0,,,
Workout_189,2025-10-19 02:04:35,Chest,9,Treadmill,cardio,machine,1,normal,,,,760.0,600.0
Workout_189,2025-10-19 02:04:35,Chest,10,Elliptical Trainer,cardio,machine,1,normal,,,,2500.0,600.0
Workout_190,2025-10-20 02:45:55,Shoulder,1,Warm Up,full_body,none,1,normal,,,,,343.0
Workout_190,2025-10-20 02:45:55,Shoulder,2,Seated Shoulder Press (Machine),shoulders,machine,1,normal,23.0,15.0,,,
Workout_190,2025-10-20 02:45:55,Shoulder,2,Seated Shoulder Press (Machine),shoulders,machine,2,normal,23.0,10.0,,,
Workout_190,2025-10-20 02:45:55,Shoulder,2,Seated Shoulder Press (Machine),shoulders,machine,3,normal,23.0,15.0,,,
Workout_190,2025-10-20 02:45:55,Shoulder,2,Seated Shoulder Press (Machine),shoulders,machine,4,normal,29.0,7.0,,,
Workout_190,2025-10-20 02:45:55,Shoulder,3,Face Pull,shoulders,machine,1,normal,25.0,15.0,,,
Workout_190,2025-10-20 02:45:55,Shoulder,3,Face Pull,shoulders,machine,2,normal,25.0,15.0,,,
Workout_190,2025-10-20 02:45:55,Shoulder,3,Face Pull,shoulders,machine,3,normal,30.0,15.0,,,
Workout_190,2025-10-20 02:45:55,Shoulder,3,Face Pull,shoulders,machine,4,normal,30.0,15.0,,,
Workout_190,2025-10-20 02:45:55,Shoulder,4,Front Raise (Dumbbell),shoulders,dumbbell,1,normal,10.0,15.0,,,
Workout_190,2025-10-20 02:45:55,Shoulder,4,Front Raise (Dumbbell),shoulders,dumbbell,2,normal,20.0,15.0,,,
Workout_190,2025-10-20 02:45:55,Shoulder,4,Front Raise (Dumbbell),shoulders,dumbbell,3,normal,20.0,15.0,,,
Workout_190,2025-10-20 02:45:55,Shoulder,4,Front Raise (Dumbbell),shoulders,dumbbell,4,normal,20.0,15.0,,,
Workout_190,2025-10-20 02:45:55,Shoulder,5,Lateral Raise (Dumbbell),shoulders,dumbbell,1,normal,15.0,15.0,,,
Workout_190,2025-10-20 02:45:55,Shoulder,5,Lateral Raise (Dumbbell),shoulders,dumbbell,2,normal,15.0,15.0,,,
Workout_190,2025-10-20 02:45:55,Shoulder,5,Lateral Raise (Dumbbell),shoulders,dumbbell,3,normal,20.0,15.0,,,
Workout_190,2025-10-20 02:45:55,Shoulder,5,Lateral Raise (Dumbbell),shoulders,dumbbell,4,normal,20.0,10.0,,,
Workout_190,2025-10-20 02:45:55,Shoulder,6,Shrug (Dumbbell),traps,dumbbell,1,normal,25.0,20.0,,,
Workout_190,2025-10-20 02:45:55,Shoulder,6,Shrug (Dumbbell),traps,dumbbell,2,normal,25.0,20.0,,,
Workout_190,2025-10-20 02:45:55,Shoulder,6,Shrug (Dumbbell),traps,dumbbell,3,normal,30.0,15.0,,,
Workout_190,2025-10-20 02:45:55,Shoulder,6,Shrug (Dumbbell),traps,dumbbell,4,normal,30.0,15.0,,,
Workout_190,2025-10-20 02:45:55,Shoulder,7,Treadmill,cardio,machine,1,normal,,,,790.0,600.0
Workout_190,2025-10-20 02:45:55,Shoulder,8,Elliptical Trainer,cardio,machine,1,normal,,,,2600.0,600.0
Workout_191,2025-10-25 01:50:33,Back,1,Warm Up,full_body,none,1,normal,,,,,294.0
Workout_191,2025-10-25 01:50:33,Back,2,Lat Pulldown (Cable),lats,machine,1,normal,29.0,20.0,,,
Workout_191,2025-10-25 01:50:33,Back,2,Lat Pulldown (Cable),lats,machine,2,normal,34.0,15.0,,,
Workout_191,2025-10-25 01:50:33,Back,2,Lat Pulldown (Cable),lats,machine,3,normal,36.0,15.0,,,
Workout_191,2025-10-25 01:50:33,Back,2,Lat Pulldown (Cable),lats,machine,4,normal,39.0,10.0,,,
Workout_191,2025-10-25 01:50:33,Back,3,Dumbbell Row,lats,dumbbell,1,normal,15.0,15.0,,,
Workout_191,2025-10-25 01:50:33,Back,3,Dumbbell Row,lats,dumbbell,2,normal,15.0,15.0,,,
Workout_191,2025-10-25 01:50:33,Back,3,Dumbbell Row,lats,dumbbell,3,normal,20.0,15.0,,,
Workout_191,2025-10-25 01:50:33,Back,3,Dumbbell Row,lats,dumbbell,4,normal,20.0,15.0,,,
Workout_191,2025-10-25 01:50:33,Back,4,Seated Cable Row - V Grip (Cable),upper_back,machine,1,normal,26.0,15.0,,,
Workout_191,2025-10-25 01:50:33,Back,4,Seated Cable Row - V Grip (Cable),upper_back,machine,2,normal,26.0,15.0,,,
Workout_191,2025-10-25 01:50:33,Back,4,Seated Cable Row - V Grip (Cable),upper_back,machine,3,normal,39.0,10.0,,,
Workout_191,2025-10-25 01:50:33,Back,4,Seated Cable Row - V Grip (Cable),upper_back,machine,4,normal,39.0,10.0,,,
Workout_191,2025-10-25 01:50:33,Back,5,Hammer Curl (Dumbbell),biceps,dumbbell,1,normal,15.0,15.0,,,
Workout_191,2025-10-25 01:50:33,Back,5,Hammer Curl (Dumbbell),biceps,dumbbell,2,normal,15.0,15.0,,,
Workout_191,2025-10-25 01:50:33,Back,5,Hammer Curl (Dumbbell),biceps,dumbbell,3,normal,20.0,12.0,,,
Workout_191,2025-10-25 01:50:33,Back,5,Hammer Curl (Dumbbell),biceps,dumbbell,4,normal,20.0,10.0,,,
Workout_191,2025-10-25 01:50:33,Back,6,Preacher Curl (Barbell),biceps,barbell,1,normal,15.0,15.0,,,
Workout_191,2025-10-25 01:50:33,Back,6,Preacher Curl (Barbell),biceps,barbell,2,normal,15.0,15.0,,,
Workout_191,2025-10-25 01:50:33,Back,6,Preacher Curl (Barbell),biceps,barbell,3,normal,20.0,12.0,,,
Workout_191,2025-10-25 01:50:33,Back,7,Treadmill,cardio,machine,1,normal,,,,770.0,600.0
Workout_191,2025-10-25 01:50:33,Back,8,Elliptical Trainer,cardio,machine,1,normal,,,,2400.0,600.0
Workout_192,2025-10-26 04:04:10,Legs,1,Warm Up,full_body,none,1,normal,,,,,352.0
Workout_192,2025-10-26 04:04:10,Legs,2,Leg Press (Machine),quadriceps,machine,1,normal,50.0,15.0,,,
Workout_192,2025-10-26 04:04:10,Legs,2,Leg Press (Machine),quadriceps,machine,2,normal,50.0,15.0,,,
Workout_192,2025-10-26 04:04:10,Legs,2,Leg Press (Machine),quadriceps,machine,3,normal,60.0,15.0,,,
Workout_192,2025-10-26 04:04:10,Legs,2,Leg Press (Machine),quadriceps,machine,4,normal,60.0,15.0,,,
Workout_192,2025-10-26 04:04:10,Legs,3,Leg Extension (Machine),quadriceps,machine,1,normal,29.0,15.0,,,
Workout_192,2025-10-26 04:04:10,Legs,3,Leg Extension (Machine),quadriceps,machine,2,normal,29.0,15.0,,,
Workout_192,2025-10-26 04:04:10,Legs,3,Leg Extension (Machine),quadriceps,machine,3,normal,36.0,15.0,,,
Workout_192,2025-10-26 04:04:10,Legs,3,Leg Extension (Machine),quadriceps,machine,4,normal,36.0,15.0,,,
Workout_192,2025-10-26 04:04:10,Legs,4,Seated Leg Curl (Machine),hamstrings,machine,1,normal,29.0,15.0,,,
Workout_192,2025-10-26 04:04:10,Legs,4,Seated Leg Curl (Machine),hamstrings,machine,2,normal,29.0,15.0,,,
Workout_192,2025-10-26 04:04:10,Legs,4,Seated Leg Curl (Machine),hamstrings,machine,3,normal,36.0,10.0,,,
Workout_192,2025-10-26 04:04:10,Legs,4,Seated Leg Curl (Machine),hamstrings,machine,4,normal,36.0,10.0,,,
Workout_192,2025-10-26 04:04:10,Legs,5,Walking Lunge (Dumbbell),quadriceps,dumbbell,1,normal,15.0,,,2.0,
Workout_192,2025-10-26 04:04:10,Legs,5,Walking Lunge (Dumbbell),quadriceps,dumbbell,2,normal,15.0,,,2.0,
Workout_192,2025-10-26 04:04:10,Legs,6,Seated Calf Raise,calves,machine,1,normal,20.0,30.0,,,
Workout_192,2025-10-26 04:04:10,Legs,6,Seated Calf Raise,calves,machine,2,normal,20.0,30.0,,,
Workout_192,2025-10-26 04:04:10,Legs,6,Seated Calf Raise,calves,machine,3,normal,25.0,30.0,,,
Workout_192,2025-10-26 04:04:10,Legs,6,Seated Calf Raise,calves,machine,4,normal,25.0,20.0,,,
Workout_192,2025-10-26 04:04:10,Legs,7,Treadmill,cardio,machine,1,normal,,,,320.0,300.0
Workout_193,2025-10-27 02:14:49,Chest,1,Warm Up,full_body,none,1,normal,,,,,548.0
Workout_193,2025-10-27 02:14:49,Chest,2,Push Up,chest,none,1,normal,,15.0,,,
Workout_193,2025-10-27 02:14:49,Chest,2,Push Up,chest,none,2,normal,,10.0,,,
Workout_193,2025-10-27 02:14:49,Chest,2,Push Up,chest,none,3,normal,,5.0,,,
Workout_193,2025-10-27 02:14:49,Chest,3,Chest Press (Machine),chest,machine,1,normal,29.0,15.0,,,
Workout_193,2025-10-27 02:14:49,Chest,3,Chest Press (Machine),chest,machine,2,normal,29.0,15.0,,,
Workout_193,2025-10-27 02:14:49,Chest,3,Chest Press (Machine),chest,machine,3,normal,36.0,10.0,,,
Workout_193,2025-10-27 02:14:49,Chest,3,Chest Press (Machine),chest,machine,4,normal,36.0,10.0,,,
Workout_193,2025-10-27 02:14:49,Chest,4,Chest Fly (Machine),chest,machine,1,normal,29.0,20.0,,,
Workout_193,2025-10-27 02:14:49,Chest,4,Chest Fly (Machine),chest,machine,2,normal,32.0,20.0,,,
Workout_193,2025-10-27 02:14:49,Chest,4,Chest Fly (Machine),chest,machine,3,normal,39.0,15.0,,,
Workout_193,2025-10-27 02:14:49,Chest,4,Chest Fly (Machine),chest,machine,4,normal,39.0,15.0,,,
Workout_193,2025-10-27 02:14:49,Chest,5,Bench Press (Barbell),chest,barbell,1,normal,40.0,10.0,,,
Workout_193,2025-10-27 02:14:49,Chest,5,Bench Press (Barbell),chest,barbell,2,normal,40.0,10.0,,,
Workout_193,2025-10-27 02:14:49,Chest,5,Bench Press (Barbell),chest,barbell,3,normal,40.0,10.0,,,
Workout_193,2025-10-27 02:14:49,Chest,5,Bench Press (Barbell),chest,barbell,4,normal,45.0,7.0,,,
Workout_193,2025-10-27 02:14:49,Chest,6,Cable Fly Crossovers,chest,machine,1,normal,13.6,15.0,,,
Workout_193,2025-10-27 02:14:49,Chest,6,Cable Fly Crossovers,chest,machine,2,normal,13.6,15.0,,,
Workout_193,2025-10-27 02:14:49,Chest,6,Cable Fly Crossovers,chest,machine,3,normal,13.6,15.0,,,
Workout_193,2025-10-27 02:14:49,Chest,6,Cable Fly Crossovers,chest,machine,4,normal,18.2,10.0,,,
Workout_193,2025-10-27 02:14:49,Chest,7,Triceps Extension (Dumbbell),triceps,dumbbell,1,normal,12.5,20.0,,,
Workout_193,2025-10-27 02:14:49,Chest,7,Triceps Extension (Dumbbell),triceps,dumbbell,2,normal,12.5,20.0,,,
Workout_193,2025-10-27 02:14:49,Chest,7,Triceps Extension (Dumbbell),triceps,dumbbell,3,normal,15.0,15.0,,,
Workout_193,2025-10-27 02:14:49,Chest,7,Triceps Extension (Dumbbell),triceps,dumbbell,4,normal,15.0,15.0,,,
Workout_193,2025-10-27 02:14:49,Chest,8,Triceps Rope Pushdown,triceps,machine,1,normal,12.6,15.0,,,
Workout_193,2025-10-27 02:14:49,Chest,8,Triceps Rope Pushdown,triceps,machine,2,normal,12.6,15.0,,,
Workout_193,2025-10-27 02:14:49,Chest,8,Triceps Rope Pushdown,triceps,machine,3,normal,13.1,10.0,,,
Workout_193,2025-10-27 02:14:49,Chest,8,Triceps Rope Pushdown,triceps,machine,4,normal,13.1,10.0,,,
Workout_193,2025-10-27 02:14:49,Chest,9,Treadmill,cardio,machine,1,normal,,,,740.0,600.0
Workout_193,2025-10-27 02:14:49,Chest,10,Elliptical Trainer,cardio,machine,1,normal,,,,2400.0,600.0
Workout_194,2025-10-31 04:38:04,Shoulder,1,Warm Up,full_body,none,1,normal,,,,,280.0
Workout_194,2025-10-31 04:38:04,Shoulder,2,Shoulder Press (Machine Plates),shoulders,machine,1,normal,23.0,15.0,,,
Workout_194,2025-10-31 04:38:04,Shoulder,2,Shoulder Press (Machine Plates),shoulders,machine,2,normal,23.0,10.0,,,
Workout_194,2025-10-31 04:38:04,Shoulder,2,Shoulder Press (Machine Plates),shoulders,machine,3,normal,18.0,10.0,,,
Workout_194,2025-10-31 04:38:04,Shoulder,2,Shoulder Press (Machine Plates),shoulders,machine,4,normal,18.0,10.0,,,
Workout_194,2025-10-31 04:38:04,Shoulder,3,Lateral Raise (Dumbbell),shoulders,dumbbell,1,normal,10.0,15.0,,,
Workout_194,2025-10-31 04:38:04,Shoulder,3,Lateral Raise (Dumbbell),shoulders,dumbbell,2,normal,10.0,15.0,,,
Workout_194,2025-10-31 04:38:04,Shoulder,3,Lateral Raise (Dumbbell),shoulders,dumbbell,3,normal,15.0,10.0,,,
Workout_194,2025-10-31 04:38:04,Shoulder,3,Lateral Raise (Dumbbell),shoulders,dumbbell,4,normal,15.0,15.0,,,
Workout_194,2025-10-31 04:38:04,Shoulder,4,Face Pull,shoulders,machine,1,normal,11.3,15.0,,,
Workout_194,2025-10-31 04:38:04,Shoulder,4,Face Pull,shoulders,machine,2,normal,11.3,15.0,,,
Workout_194,2025-10-31 04:38:04,Shoulder,4,Face Pull,shoulders,machine,3,normal,13.6,15.0,,,
Workout_194,2025-10-31 04:38:04,Shoulder,4,Face Pull,shoulders,machine,4,normal,13.6,15.0,,,
Workout_194,2025-10-31 04:38:04,Shoulder,5,Front Raise (Dumbbell),shoulders,dumbbell,1,normal,10.0,15.0,,,
Workout_194,2025-10-31 04:38:04,Shoulder,5,Front Raise (Dumbbell),shoulders,dumbbell,2,normal,10.0,15.0,,,
Workout_194,2025-10-31 04:38:04,Shoulder,5,Front Raise (Dumbbell),shoulders,dumbbell,3,normal,20.0,10.0,,,
Workout_194,2025-10-31 04:38:04,Shoulder,5,Front Raise (Dumbbell),shoulders,dumbbell,4,normal,20.0,15.0,,,
Workout_194,2025-10-31 04:38:04,Shoulder,6,Shrug (Dumbbell),traps,dumbbell,1,normal,25.0,20.0,,,
Workout_194,2025-10-31 04:38:04,Shoulder,6,Shrug (Dumbbell),traps,dumbbell,2,normal,25.0,20.0,,,
Workout_194,2025-10-31 04:38:04,Shoulder,6,Shrug (Dumbbell),traps,dumbbell,3,normal,30.0,15.0,,,
Workout_194,2025-10-31 04:38:04,Shoulder,6,Shrug (Dumbbell),traps,dumbbell,4,normal,30.0,15.0,,,
Workout_194,2025-10-31 04:38:04,Shoulder,7,Treadmill,cardio,machine,1,normal,,,,370.0,300.0
Workout_195,2025-11-01 02:13:29,Back,1,Warm Up,full_body,none,1,normal,,,,,360.0
Workout_195,2025-11-01 02:13:29,Back,2,Lat Pulldown (Cable),lats,machine,1,normal,29.0,20.0,,,
Workout_195,2025-11-01 02:13:29,Back,2,Lat Pulldown (Cable),lats,machine,2,normal,29.0,20.0,,,
Workout_195,2025-11-01 02:13:29,Back,2,Lat Pulldown (Cable),lats,machine,3,normal,34.0,15.0,,,
Workout_195,2025-11-01 02:13:29,Back,2,Lat Pulldown (Cable),lats,machine,4,normal,34.0,15.0,,,
Workout_195,2025-11-01 02:13:29,Back,3,Seated Cable Row - V Grip (Cable),upper_back,machine,1,normal,23.0,15.0,,,
Workout_195,2025-11-01 02:13:29,Back,3,Seated Cable Row - V Grip (Cable),upper_back,machine,2,normal,23.0,15.0,,,
Workout_195,2025-11-01 02:13:29,Back,3,Seated Cable Row - V Grip (Cable),upper_back,machine,3,normal,29.0,10.0,,,
Workout_195,2025-11-01 02:13:29,Back,3,Seated Cable Row - V Grip (Cable),upper_back,machine,4,normal,29.0,10.0,,,
Workout_195,2025-11-01 02:13:29,Back,4,Rear Delt Reverse Fly (Machine),shoulders,machine,1,normal,32.0,15.0,,,
Workout_195,2025-11-01 02:13:29,Back,4,Rear Delt Reverse Fly (Machine),shoulders,machine,2,normal,32.0,15.0,,,
Workout_195,2025-11-01 02:13:29,Back,4,Rear Delt Reverse Fly (Machine),shoulders,machine,3,normal,39.0,10.0,,,
Workout_195,2025-11-01 02:13:29,Back,4,Rear Delt Reverse Fly (Machine),shoulders,machine,4,normal,39.0,10.0,,,
Workout_195,2025-11-01 02:13:29,Back,5,Dumbbell Row,lats,dumbbell,1,normal,10.0,20.0,,,
Workout_195,2025-11-01 02:13:29,Back,5,Dumbbell Row,lats,dumbbell,2,normal,15.0,20.0,,,
Workout_195,2025-11-01 02:13:29,Back,5,Dumbbell Row,lats,dumbbell,3,normal,15.0,20.0,,,
Workout_195,2025-11-01 02:13:29,Back,5,Dumbbell Row,lats,dumbbell,4,normal,20.0,10.0,,,
Workout_195,2025-11-01 02:13:29,Back,6,Bicep Curl (Cable),biceps,machine,1,normal,6.8,20.0,,,
Workout_195,2025-11-01 02:13:29,Back,6,Bicep Curl (Cable),biceps,machine,2,normal,6.8,15.0,,,
Workout_195,2025-11-01 02:13:29,Back,6,Bicep Curl (Cable),biceps,machine,3,normal,9.1,10.0,,,
Workout_195,2025-11-01 02:13:29,Back,6,Bicep Curl (Cable),biceps,machine,4,normal,9.1,15.0,,,
Workout_195,2025-11-01 02:13:29,Back,7,Seated Incline Curl (Dumbbell),biceps,dumbbell,1,normal,10.0,20.0,,,
Workout_195,2025-11-01 02:13:29,Back,7,Seated Incline Curl (Dumbbell),biceps,dumbbell,2,normal,10.0,20.0,,,
Workout_195,2025-11-01 02:13:29,Back,7,Seated Incline Curl (Dumbbell),biceps,dumbbell,3,normal,15.0,15.0,,,
Workout_195,2025-11-01 02:13:29,Back,7,Seated Incline Curl (Dumbbell),biceps,dumbbell,4,normal,15.0,10.0,,,
Workout_195,2025-11-01 02:13:29,Back,8,Hammer Curl (Dumbbell),biceps,dumbbell,1,normal,15.0,15.0,,,
Workout_195,2025-11-01 02:13:29,Back,8,Hammer Curl (Dumbbell),biceps,dumbbell,2,normal,15.0,15.0,,,
Workout_195,2025-11-01 02:13:29,Back,8,Hammer Curl (Dumbbell),biceps,dumbbell,3,normal,20.0,10.0,,,
Workout_195,2025-11-01 02:13:29,Back,8,Hammer Curl (Dumbbell),biceps,dumbbell,4,normal,20.0,10.0,,,
Workout_196,2025-11-02 02:01:23,Legs,1,Warm Up,full_body,none,1,normal,,,,,410.0
Workout_196,2025-11-02 02:01:23,Legs,2,Leg Press (Machine),quadriceps,machine,1,normal,40.0,20.0,,,
Workout_196,2025-11-02 02:01:23,Legs,2,Leg Press (Machine),quadriceps,machine,2,normal,40.0,20.0,,,
Workout_196,2025-11-02 02:01:23,Legs,2,Leg Press (Machine),quadriceps,machine,3,normal,50.0,15.0,,,
Workout_196,2025-11-02 02:01:23,Legs,2,Leg Press (Machine),quadriceps,machine,4,normal,50.0,15.0,,,
Workout_196,2025-11-02 02:01:23,Legs,3,Leg Extension (Machine),quadriceps,machine,1,normal,23.0,20.0,,,
Workout_196,2025-11-02 02:01:23,Legs,3,Leg Extension (Machine),quadriceps,machine,2,normal,23.0,15.0,,,
Workout_196,2025-11-02 02:01:23,Legs,3,Leg Extension (Machine),quadriceps,machine,3,normal,29.0,15.0,,,
Workout_196,2025-11-02 02:01:23,Legs,3,Leg Extension (Machine),quadriceps,machine,4,normal,23.0,20.0,,,
Workout_196,2025-11-02 02:01:23,Legs,4,Seated Leg Curl (Machine),hamstrings,machine,1,normal,23.0,20.0,,,
Workout_196,2025-11-02 02:01:23,Legs,4,Seated Leg Curl (Machine),hamstrings,machine,2,normal,23.0,20.0,,,
Workout_196,2025-11-02 02:01:23,Legs,4,Seated Leg Curl (Machine),hamstrings,machine,3,normal,29.0,20.0,,,
Workout_196,2025-11-02 02:01:23,Legs,4,Seated Leg Curl (Machine),hamstrings,machine,4,normal,29.0,20.0,,,
Workout_196,2025-11-02 02:01:23,Legs,5,Walking Lunge (Dumbbell),quadriceps,dumbbell,1,normal,15.0,,,2.0,
Workout_196,2025-11-02 02:01:23,Legs,5,Walking Lunge (Dumbbell),quadriceps,dumbbell,2,normal,15.0,,,2.0,
Workout_196,2025-11-02 02:01:23,Legs,6,Seated Calf Raise,calves,machine,1,normal,20.0,30.0,,,
Workout_196,2025-11-02 02:01:23,Legs,6,Seated Calf Raise,calves,machine,2,normal,20.0,30.0,,,
Workout_196,2025-11-02 02:01:23,Legs,6,Seated Calf Raise,calves,machine,3,normal,20.0,20.0,,,
Workout_196,2025-11-02 02:01:23,Legs,6,Seated Calf Raise,calves,machine,4,normal,25.0,20.0,,,
Workout_196,2025-11-02 02:01:23,Legs,7,Treadmill,cardio,machine,1,normal,,,,370.0,300.0
Workout_197,2025-11-03 02:52:10,Chest,1,Warm Up,full_body,none,1,normal,,,,,603.0
Workout_197,2025-11-03 02:52:10,Chest,2,Bench Press (Dumbbell),chest,dumbbell,1,normal,15.0,20.0,,,
Workout_197,2025-11-03 02:52:10,Chest,2,Bench Press (Dumbbell),chest,dumbbell,2,normal,15.0,20.0,,,
Workout_197,2025-11-03 02:52:10,Chest,2,Bench Press (Dumbbell),chest,dumbbell,3,normal,20.0,15.0,,,
Workout_197,2025-11-03 02:52:10,Chest,2,Bench Press (Dumbbell),chest,dumbbell,4,normal,20.0,15.0,,,
Workout_197,2025-11-03 02:52:10,Chest,3,Chest Fly (Machine),chest,machine,1,normal,32.0,20.0,,,
Workout_197,2025-11-03 02:52:10,Chest,3,Chest Fly (Machine),chest,machine,2,normal,32.0,20.0,,,
Workout_197,2025-11-03 02:52:10,Chest,3,Chest Fly (Machine),chest,machine,3,normal,39.0,15.0,,,
Workout_197,2025-11-03 02:52:10,Chest,3,Chest Fly (Machine),chest,machine,4,normal,39.0,15.0,,,
Workout_197,2025-11-03 02:52:10,Chest,4,Incline Bench Press (Dumbbell),chest,dumbbell,1,normal,15.0,20.0,,,
Workout_197,2025-11-03 02:52:10,Chest,4,Incline Bench Press (Dumbbell),chest,dumbbell,2,normal,15.0,20.0,,,
Workout_197,2025-11-03 02:52:10,Chest,4,Incline Bench Press (Dumbbell),chest,dumbbell,3,normal,20.0,15.0,,,
Workout_197,2025-11-03 02:52:10,Chest,4,Incline Bench Press (Dumbbell),chest,dumbbell,4,normal,20.0,15.0,,,
Workout_197,2025-11-03 02:52:10,Chest,5,Triceps Extension (Dumbbell),triceps,dumbbell,1,normal,12.5,20.0,,,
Workout_197,2025-11-03 02:52:10,Chest,5,Triceps Extension (Dumbbell),triceps,dumbbell,2,normal,12.5,20.0,,,
Workout_197,2025-11-03 02:52:10,Chest,5,Triceps Extension (Dumbbell),triceps,dumbbell,3,normal,15.0,7.0,,,
Workout_197,2025-11-03 02:52:10,Chest,5,Triceps Extension (Dumbbell),triceps,dumbbell,4,normal,12.5,12.0,,,
Workout_197,2025-11-03 02:52:10,Chest,6,Triceps Rope Pushdown,triceps,machine,1,normal,9.1,15.0,,,
Workout_197,2025-11-03 02:52:10,Chest,6,Triceps Rope Pushdown,triceps,machine,2,normal,9.1,15.0,,,
Workout_197,2025-11-03 02:52:10,Chest,6,Triceps Rope Pushdown,triceps,machine,3,normal,9.1,15.0,,,
Workout_197,2025-11-03 02:52:10,Chest,6,Triceps Rope Pushdown,triceps,machine,4,normal,11.3,15.0,,,
Workout_198,2025-11-04 02:06:15,Shoulder,1,Warm Up,full_body,none,1,normal,,,,,382.0
Workout_198,2025-11-04 02:06:15,Shoulder,2,Lateral Raise (Dumbbell),shoulders,dumbbell,1,normal,10.0,20.0,,,
Workout_198,2025-11-04 02:06:15,Shoulder,2,Lateral Raise (Dumbbell),shoulders,dumbbell,2,normal,15.0,20.0,,,
Workout_198,2025-11-04 02:06:15,Shoulder,2,Lateral Raise (Dumbbell),shoulders,dumbbell,3,normal,15.0,20.0,,,
Workout_198,2025-11-04 02:06:15,Shoulder,2,Lateral Raise (Dumbbell),shoulders,dumbbell,4,normal,15.0,15.0,,,
Workout_198,2025-11-04 02:06:15,Shoulder,3,Seated Shoulder Press (Machine),shoulders,machine,1,normal,18.0,20.0,,,
Workout_198,2025-11-04 02:06:15,Shoulder,3,Seated Shoulder Press (Machine),shoulders,machine,2,normal,18.0,20.0,,,
Workout_198,2025-11-04 02:06:15,Shoulder,3,Seated Shoulder Press (Machine),shoulders,machine,3,normal,23.0,10.0,,,
Workout_198,2025-11-04 02:06:15,Shoulder,3,Seated Shoulder Press (Machine),shoulders,machine,4,normal,23.0,7.0,,,
Workout_198,2025-11-04 02:06:15,Shoulder,4,Front Raise (Dumbbell),shoulders,dumbbell,1,normal,10.0,20.0,,,
Workout_198,2025-11-04 02:06:15,Shoulder,4,Front Raise (Dumbbell),shoulders,dumbbell,2,normal,10.0,20.0,,,
Workout_198,2025-11-04 02:06:15,Shoulder,4,Front Raise (Dumbbell),shoulders,dumbbell,3,normal,15.0,10.0,,,
Workout_198,2025-11-04 02:06:15,Shoulder,4,Front Raise (Dumbbell),shoulders,dumbbell,4,normal,15.0,12.0,,,
Workout_198,2025-11-04 02:06:15,Shoulder,5,Face Pull,shoulders,machine,1,normal,11.3,20.0,,,
Workout_198,2025-11-04 02:06:15,Shoulder,5,Face Pull,shoulders,machine,2,normal,11.3,20.0,,,
Workout_198,2025-11-04 02:06:15,Shoulder,5,Face Pull,shoulders,machine,3,normal,13.6,15.0,,,
Workout_198,2025-11-04 02:06:15,Shoulder,5,Face Pull,shoulders,machine,4,normal,13.6,15.0,,,
Workout_198,2025-11-04 02:06:15,Shoulder,6,Shrug (Dumbbell),traps,dumbbell,1,normal,25.0,25.0,,,
Workout_198,2025-11-04 02:06:15,Shoulder,6,Shrug (Dumbbell),traps,dumbbell,2,normal,25.0,25.0,,,
Workout_198,2025-11-04 02:06:15,Shoulder,6,Shrug (Dumbbell),traps,dumbbell,3,normal,30.0,20.0,,,
Workout_198,2025-11-04 02:06:15,Shoulder,6,Shrug (Dumbbell),traps,dumbbell,4,normal,30.0,20.0,,,
Workout_198,2025-11-04 02:06:15,Shoulder,7,Treadmill,cardio,machine,1,normal,,,,830.0,600.0
Workout_198,2025-11-04 02:06:15,Shoulder,8,Elliptical Trainer,cardio,machine,1,normal,,,,1200.0,300.0
Workout_199,2025-11-05 03:00:29,Back,1,Warm Up,full_body,none,1,normal,,,,,363.0
Workout_199,2025-11-05 03:00:29,Back,2,Lat Pulldown (Cable),lats,machine,1,normal,25.0,20.0,,,
Workout_199,2025-11-05 03:00:29,Back,2,Lat Pulldown (Cable),lats,machine,2,normal,32.0,20.0,,,
Workout_199,2025-11-05 03:00:29,Back,2,Lat Pulldown (Cable),lats,machine,3,normal,32.0,15.0,,,
Workout_199,2025-11-05 03:00:29,Back,2,Lat Pulldown (Cable),lats,machine,4,normal,32.0,15.0,,,
Workout_199,2025-11-05 03:00:29,Back,3,Seated Cable Row - V Grip (Cable),upper_back,machine,1,normal,23.0,20.0,,,
Workout_199,2025-11-05 03:00:29,Back,3,Seated Cable Row - V Grip (Cable),upper_back,machine,2,normal,23.0,20.0,,,
Workout_199,2025-11-05 03:00:29,Back,3,Seated Cable Row - V Grip (Cable),upper_back,machine,3,normal,29.0,10.0,,,
Workout_199,2025-11-05 03:00:29,Back,3,Seated Cable Row - V Grip (Cable),upper_back,machine,4,normal,29.0,15.0,,,
Workout_199,2025-11-05 03:00:29,Back,4,Rear Delt Reverse Fly (Machine),shoulders,machine,1,normal,32.0,20.0,,,
Workout_199,2025-11-05 03:00:29,Back,4,Rear Delt Reverse Fly (Machine),shoulders,machine,2,normal,32.0,20.0,,,
Workout_199,2025-11-05 03:00:29,Back,4,Rear Delt Reverse Fly (Machine),shoulders,machine,3,normal,39.0,13.0,,,
Workout_199,2025-11-05 03:00:29,Back,4,Rear Delt Reverse Fly (Machine),shoulders,machine,4,normal,39.0,15.0,,,
Workout_199,2025-11-05 03:00:29,Back,5,Dumbbell Row,lats,dumbbell,1,normal,15.0,20.0,,,
Workout_199,2025-11-05 03:00:29,Back,5,Dumbbell Row,lats,dumbbell,2,normal,15.0,20.0,,,
Workout_199,2025-11-05 03:00:29,Back,5,Dumbbell Row,lats,dumbbell,3,normal,20.0,15.0,,,
Workout_199,2025-11-05 03:00:29,Back,5,Dumbbell Row,lats,dumbbell,4,normal,20.0,20.0,,,
Workout_199,2025-11-05 03:00:29,Back,6,Bicep Curl (Cable),biceps,machine,1,normal,6.8,20.0,,,
Workout_199,2025-11-05 03:00:29,Back,6,Bicep Curl (Cable),biceps,machine,2,normal,6.8,20.0,,,
Workout_199,2025-11-05 03:00:29,Back,6,Bicep Curl (Cable),biceps,machine,3,normal,9.1,15.0,,,
Workout_199,2025-11-05 03:00:29,Back,6,Bicep Curl (Cable),biceps,machine,4,normal,9.1,15.0,,,
Workout_199,2025-11-05 03:00:29,Back,7,Bicep Curl (Dumbbell),biceps,dumbbell,1,normal,15.0,20.0,,,
Workout_199,2025-11-05 03:00:29,Back,7,Bicep Curl (Dumbbell),biceps,dumbbell,2,normal,15.0,20.0,,,
Workout_199,2025-11-05 03:00:29,Back,7,Bicep Curl (Dumbbell),biceps,dumbbell,3,normal,20.0,13.0,,,
Workout_199,2025-11-05 03:00:29,Back,7,Bicep Curl (Dumbbell),biceps,dumbbell,4,normal,20.0,10.0,,,
Workout_199,2025-11-05 03:00:29,Back,8,Treadmill,cardio,machine,1,normal,,,,800.0,600.0
Workout_199,2025-11-05 03:00:29,Back,9,Elliptical Trainer,cardio,machine,1,normal,,,,1200.0,300.0
Workout_200,2025-11-08 02:46:18,Legs,1,Warm Up,full_body,none,1,normal,,,,,436.0
Workout_200,2025-11-08 02:46:18,Legs,2,Spinning,cardio,machine,1,normal,,,,,692.0
Workout_200,2025-11-08 02:46:18,Legs,3,Leg Extension (Machine),quadriceps,machine,1,normal,23.0,15.0,,,
Workout_200,2025-11-08 02:46:18,Legs,3,Leg Extension (Machine),quadriceps,machine,2,normal,23.0,15.0,,,
Workout_200,2025-11-08 02:46:18,Legs,3,Leg Extension (Machine),quadriceps,machine,3,normal,29.0,10.0,,,
Workout_200,2025-11-08 02:46:18,Legs,3,Leg Extension (Machine),quadriceps,machine,4,normal,29.0,10.0,,,
Workout_200,2025-11-08 02:46:18,Legs,4,Seated Leg Curl (Machine),hamstrings,machine,1,normal,23.0,20.0,,,
Workout_200,2025-11-08 02:46:18,Legs,4,Seated Leg Curl (Machine),hamstrings,machine,2,normal,23.0,20.0,,,
Workout_200,2025-11-08 02:46:18,Legs,4,Seated Leg Curl (Machine),hamstrings,machine,3,normal,29.0,20.0,,,
Workout_200,2025-11-08 02:46:18,Legs,4,Seated Leg Curl (Machine),hamstrings,machine,4,normal,29.0,15.0,,,
Workout_200,2025-11-08 02:46:18,Legs,5,Leg Press (Machine),quadriceps,machine,1,normal,40.0,20.0,,,
Workout_200,2025-11-08 02:46:18,Legs,5,Leg Press (Machine),quadriceps,machine,2,normal,40.0,20.0,,,
Workout_200,2025-11-08 02:46:18,Legs,5,Leg Press (Machine),quadriceps,machine,3,normal,50.0,20.0,,,
Workout_200,2025-11-08 02:46:18,Legs,5,Leg Press (Machine),quadriceps,machine,4,normal,50.0,15.0,,,
Workout_200,2025-11-08 02:46:18,Legs,6,Walking Lunge (Dumbbell),quadriceps,dumbbell,1,normal,15.0,,,2.0,
Workout_200,2025-11-08 02:46:18,Legs,6,Walking Lunge (Dumbbell),quadriceps,dumbbell,2,normal,15.0,,,2.0,
Workout_200,2025-11-08 02:46:18,Legs,7,Seated Calf Raise,calves,machine,1,normal,20.0,30.0,,,
Workout_200,2025-11-08 02:46:18,Legs,7,Seated Calf Raise,calves,machine,2,normal,20.0,30.0,,,
Workout_200,2025-11-08 02:46:18,Legs,7,Seated Calf Raise,calves,machine,3,normal,25.0,30.0,,,
Workout_200,2025-11-08 02:46:18,Legs,7,Seated Calf Raise,calves,machine,4,normal,25.0,30.0,,,
Workout_200,2025-11-08 02:46:18,Legs,8,Treadmill,cardio,machine,1,normal,,,,730.0,600.0
Workout_201,2025-11-09 03:11:32,Chest,1,Warm Up,full_body,none,1,normal,,,,,396.0
Workout_201,2025-11-09 03:11:32,Chest,2,Bench Press (Dumbbell),chest,dumbbell,1,normal,15.0,20.0,,,
Workout_201,2025-11-09 03:11:32,Chest,2,Bench Press (Dumbbell),chest,dumbbell,2,normal,15.0,20.0,,,
Workout_201,2025-11-09 03:11:32,Chest,2,Bench Press (Dumbbell),chest,dumbbell,3,normal,20.0,20.0,,,
Workout_201,2025-11-09 03:11:32,Chest,2,Bench Press (Dumbbell),chest,dumbbell,4,normal,20.0,20.0,,,
Workout_201,2025-11-09 03:11:32,Chest,3,Chest Fly (Machine),chest,machine,1,normal,32.0,20.0,,,
Workout_201,2025-11-09 03:11:32,Chest,3,Chest Fly (Machine),chest,machine,2,normal,32.0,20.0,,,
Workout_201,2025-11-09 03:11:32,Chest,3,Chest Fly (Machine),chest,machine,3,normal,39.0,20.0,,,
Workout_201,2025-11-09 03:11:32,Chest,3,Chest Fly (Machine),chest,machine,4,normal,39.0,20.0,,,
Workout_201,2025-11-09 03:11:32,Chest,4,Incline Bench Press (Dumbbell),chest,dumbbell,1,normal,15.0,20.0,,,
Workout_201,2025-11-09 03:11:32,Chest,4,Incline Bench Press (Dumbbell),chest,dumbbell,2,normal,15.0,20.0,,,
Workout_201,2025-11-09 03:11:32,Chest,4,Incline Bench Press (Dumbbell),chest,dumbbell,3,normal,20.0,15.0,,,
Workout_201,2025-11-09 03:11:32,Chest,4,Incline Bench Press (Dumbbell),chest,dumbbell,4,normal,20.0,15.0,,,
Workout_201,2025-11-09 03:11:32,Chest,5,Cable Fly Crossovers,chest,machine,1,normal,7.0,15.0,,,
Workout_201,2025-11-09 03:11:32,Chest,5,Cable Fly Crossovers,chest,machine,2,normal,7.0,15.0,,,
Workout_201,2025-11-09 03:11:32,Chest,5,Cable Fly Crossovers,chest,machine,3,normal,10.0,15.0,,,
Workout_201,2025-11-09 03:11:32,Chest,5,Cable Fly Crossovers,chest,machine,4,normal,10.0,10.0,,,
Workout_201,2025-11-09 03:11:32,Chest,6,Triceps Extension (Dumbbell),triceps,dumbbell,1,normal,12.5,20.0,,,
Workout_201,2025-11-09 03:11:32,Chest,6,Triceps Extension (Dumbbell),triceps,dumbbell,2,normal,12.5,20.0,,,
Workout_201,2025-11-09 03:11:32,Chest,6,Triceps Extension (Dumbbell),triceps,dumbbell,3,normal,15.0,10.0,,,
Workout_201,2025-11-09 03:11:32,Chest,6,Triceps Extension (Dumbbell),triceps,dumbbell,4,normal,15.0,15.0,,,
Workout_201,2025-11-09 03:11:32,Chest,7,Triceps Pushdown,triceps,machine,1,normal,13.6,15.0,,,
Workout_201,2025-11-09 03:11:32,Chest,7,Triceps Pushdown,triceps,machine,2,normal,13.6,15.0,,,
Workout_201,2025-11-09 03:11:32,Chest,7,Triceps Pushdown,triceps,machine,3,normal,15.9,10.0,,,
Workout_201,2025-11-09 03:11:32,Chest,7,Triceps Pushdown,triceps,machine,4,normal,15.9,15.0,,,
Workout_201,2025-11-09 03:11:32,Chest,8,Treadmill,cardio,machine,1,normal,,,,990.0,600.0
Workout_201,2025-11-09 03:11:32,Chest,9,Spinning,cardio,machine,1,normal,,,,,316.0
Workout_202,2025-11-10 02:23:13,Shoulder,1,Warm Up,full_body,none,1,normal,,,,,405.0
Workout_202,2025-11-10 02:23:13,Shoulder,2,Seated Shoulder Press (Machine),shoulders,machine,1,normal,18.0,20.0,,,
Workout_202,2025-11-10 02:23:13,Shoulder,2,Seated Shoulder Press (Machine),shoulders,machine,2,normal,18.0,20.0,,,
Workout_202,2025-11-10 02:23:13,Shoulder,2,Seated Shoulder Press (Machine),shoulders,machine,3,normal,23.0,10.0,,,
Workout_202,2025-11-10 02:23:13,Shoulder,2,Seated Shoulder Press (Machine),shoulders,machine,4,normal,23.0,10.0,,,
Workout_202,2025-11-10 02:23:13,Shoulder,3,Front Raise (Barbell),shoulders,barbell,1,normal,10.0,20.0,,,
Workout_202,2025-11-10 02:23:13,Shoulder,3,Front Raise (Barbell),shoulders,barbell,2,normal,10.0,20.0,,,
Workout_202,2025-11-10 02:23:13,Shoulder,3,Front Raise (Barbell),shoulders,barbell,3,normal,15.0,15.0,,,
Workout_202,2025-11-10 02:23:13,Shoulder,3,Front Raise (Barbell),shoulders,barbell,4,normal,15.0,15.0,,,
Workout_202,2025-11-10 02:23:13,Shoulder,4,Lateral Raise (Dumbbell),shoulders,dumbbell,1,normal,15.0,20.0,,,
Workout_202,2025-11-10 02:23:13,Shoulder,4,Lateral Raise (Dumbbell),shoulders,dumbbell,2,normal,15.0,20.0,,,
Workout_202,2025-11-10 02:23:13,Shoulder,4,Lateral Raise (Dumbbell),shoulders,dumbbell,3,normal,20.0,15.0,,,
Workout_202,2025-11-10 02:23:13,Shoulder,4,Lateral Raise (Dumbbell),shoulders,dumbbell,4,normal,20.0,10.0,,,
Workout_202,2025-11-10 02:23:13,Shoulder,5,Face Pull,shoulders,machine,1,normal,11.3,20.0,,,
Workout_202,2025-11-10 02:23:13,Shoulder,5,Face Pull,shoulders,machine,2,normal,11.3,20.0,,,
Workout_202,2025-11-10 02:23:13,Shoulder,5,Face Pull,shoulders,machine,3,normal,13.6,15.0,,,
Workout_202,2025-11-10 02:23:13,Shoulder,5,Face Pull,shoulders,machine,4,normal,13.6,15.0,,,
Workout_202,2025-11-10 02:23:13,Shoulder,6,Shoulder Press (Dumbbell),shoulders,dumbbell,1,normal,10.0,20.0,,,
Workout_202,2025-11-10 02:23:13,Shoulder,6,Shoulder Press (Dumbbell),shoulders,dumbbell,2,normal,10.0,20.0,,,
Workout_202,2025-11-10 02:23:13,Shoulder,6,Shoulder Press (Dumbbell),shoulders,dumbbell,3,normal,15.0,15.0,,,
Workout_202,2025-11-10 02:23:13,Shoulder,6,Shoulder Press (Dumbbell),shoulders,dumbbell,4,normal,15.0,15.0,,,
Workout_202,2025-11-10 02:23:13,Shoulder,7,Shrug (Dumbbell),traps,dumbbell,1,normal,25.0,20.0,,,
Workout_202,2025-11-10 02:23:13,Shoulder,7,Shrug (Dumbbell),traps,dumbbell,2,normal,25.0,20.0,,,
Workout_202,2025-11-10 02:23:13,Shoulder,7,Shrug (Dumbbell),traps,dumbbell,3,normal,30.0,20.0,,,
Workout_202,2025-11-10 02:23:13,Shoulder,7,Shrug (Dumbbell),traps,dumbbell,4,normal,30.0,20.0,,,
Workout_202,2025-11-10 02:23:13,Shoulder,8,Treadmill,cardio,machine,1,normal,,,,960.0,600.0
Workout_202,2025-11-10 02:23:13,Shoulder,9,Elliptical Trainer,cardio,machine,1,normal,,,,2500.0,600.0
Workout_203,2025-11-12 02:53:44,Back,1,Warm Up,full_body,none,1,normal,,,,,325.0
Workout_203,2025-11-12 02:53:44,Back,2,Bent Over Row (Dumbbell),upper_back,dumbbell,1,normal,10.0,20.0,,,
Workout_203,2025-11-12 02:53:44,Back,2,Bent Over Row (Dumbbell),upper_back,dumbbell,2,normal,10.0,20.0,,,
Workout_203,2025-11-12 02:53:44,Back,2,Bent Over Row (Dumbbell),upper_back,dumbbell,3,normal,15.0,20.0,,,
Workout_203,2025-11-12 02:53:44,Back,2,Bent Over Row (Dumbbell),upper_back,dumbbell,4,normal,15.0,15.0,,,
Workout_203,2025-11-12 02:53:44,Back,3,Seated Cable Row - V Grip (Cable),upper_back,machine,1,normal,23.0,20.0,,,
Workout_203,2025-11-12 02:53:44,Back,3,Seated Cable Row - V Grip (Cable),upper_back,machine,2,normal,23.0,20.0,,,
Workout_203,2025-11-12 02:53:44,Back,3,Seated Cable Row - V Grip (Cable),upper_back,machine,3,normal,29.0,10.0,,,
Workout_203,2025-11-12 02:53:44,Back,3,Seated Cable Row - V Grip (Cable),upper_back,machine,4,normal,29.0,15.0,,,
Workout_203,2025-11-12 02:53:44,Back,4,Lat Pulldown (Cable),lats,machine,1,normal,25.0,20.0,,,
Workout_203,2025-11-12 02:53:44,Back,4,Lat Pulldown (Cable),lats,machine,2,normal,25.0,20.0,,,
Workout_203,2025-11-12 02:53:44,Back,4,Lat Pulldown (Cable),lats,machine,3,normal,32.0,15.0,,,
Workout_203,2025-11-12 02:53:44,Back,4,Lat Pulldown (Cable),lats,machine,4,normal,32.0,15.0,,,
Workout_203,2025-11-12 02:53:44,Back,5,Back Extension (Hyperextension),lower_back,machine,1,normal,,15.0,,,
Workout_203,2025-11-12 02:53:44,Back,5,Back Extension (Hyperextension),lower_back,machine,2,normal,,15.0,,,
Workout_203,2025-11-12 02:53:44,Back,5,Back Extension (Hyperextension),lower_back,machine,3,normal,,15.0,,,
Workout_203,2025-11-12 02:53:44,Back,5,Back Extension (Hyperextension),lower_back,machine,4,normal,,15.0,,,
Workout_203,2025-11-12 02:53:44,Back,6,Bicep Curl (Barbell),biceps,barbell,1,normal,15.0,15.0,,,
Workout_203,2025-11-12 02:53:44,Back,6,Bicep Curl (Barbell),biceps,barbell,2,normal,15.0,15.0,,,
Workout_203,2025-11-12 02:53:44,Back,6,Bicep Curl (Barbell),biceps,barbell,3,normal,20.0,10.0,,,
Workout_203,2025-11-12 02:53:44,Back,6,Bicep Curl (Barbell),biceps,barbell,4,normal,20.0,15.0,,,
Workout_203,2025-11-12 02:53:44,Back,7,Hammer Curl (Dumbbell),biceps,dumbbell,1,normal,15.0,20.0,,,
Workout_203,2025-11-12 02:53:44,Back,7,Hammer Curl (Dumbbell),biceps,dumbbell,2,normal,15.0,20.0,,,
Workout_203,2025-11-12 02:53:44,Back,7,Hammer Curl (Dumbbell),biceps,dumbbell,3,normal,20.0,10.0,,,
Workout_203,2025-11-12 02:53:44,Back,7,Hammer Curl (Dumbbell),biceps,dumbbell,4,normal,0.0,15.0,,,
Workout_203,2025-11-12 02:53:44,Back,8,Preacher Curl (Dumbbell),biceps,dumbbell,1,normal,10.0,15.0,,,
Workout_203,2025-11-12 02:53:44,Back,8,Preacher Curl (Dumbbell),biceps,dumbbell,2,normal,10.0,15.0,,,
Workout_203,2025-11-12 02:53:44,Back,8,Preacher Curl (Dumbbell),biceps,dumbbell,3,normal,15.0,7.0,,,
Workout_203,2025-11-12 02:53:44,Back,8,Preacher Curl (Dumbbell),biceps,dumbbell,4,normal,15.0,10.0,,,
Workout_203,2025-11-12 02:53:44,Back,9,Reverse Curl (Cable),biceps,machine,1,normal,9.1,15.0,,,
Workout_203,2025-11-12 02:53:44,Back,9,Reverse Curl (Cable),biceps,machine,2,normal,9.1,15.0,,,
Workout_203,2025-11-12 02:53:44,Back,10,Treadmill,cardio,machine,1,normal,,,,920.0,600.0
Workout_203,2025-11-12 02:53:44,Back,11,Elliptical Trainer,cardio,machine,1,normal,,,,2400.0,600.0
Workout_204,2025-11-13 09:57:37,Legs,1,Warm Up,full_body,none,1,normal,,,,,382.0
Workout_204,2025-11-13 09:57:37,Legs,2,Leg Extension (Machine),quadriceps,machine,1,normal,23.0,20.0,,,
Workout_204,2025-11-13 09:57:37,Legs,2,Leg Extension (Machine),quadriceps,machine,2,normal,23.0,20.0,,,
Workout_204,2025-11-13 09:57:37,Legs,2,Leg Extension (Machine),quadriceps,machine,3,normal,29.0,20.0,,,
Workout_204,2025-11-13 09:57:37,Legs,2,Leg Extension (Machine),quadriceps,machine,4,normal,29.0,15.0,,,
Workout_204,2025-11-13 09:57:37,Legs,3,Seated Leg Curl (Machine),hamstrings,machine,1,normal,23.0,20.0,,,
Workout_204,2025-11-13 09:57:37,Legs,3,Seated Leg Curl (Machine),hamstrings,machine,2,normal,23.0,20.0,,,
Workout_204,2025-11-13 09:57:37,Legs,3,Seated Leg Curl (Machine),hamstrings,machine,3,normal,29.0,15.0,,,
Workout_204,2025-11-13 09:57:37,Legs,3,Seated Leg Curl (Machine),hamstrings,machine,4,normal,29.0,12.0,,,
Workout_204,2025-11-13 09:57:37,Legs,4,Leg Press (Machine),quadriceps,machine,1,normal,40.0,20.0,,,
Workout_204,2025-11-13 09:57:37,Legs,4,Leg Press (Machine),quadriceps,machine,2,normal,40.0,20.0,,,
Workout_204,2025-11-13 09:57:37,Legs,4,Leg Press (Machine),quadriceps,machine,3,normal,50.0,15.0,,,
Workout_204,2025-11-13 09:57:37,Legs,4,Leg Press (Machine),quadriceps,machine,4,normal,50.0,15.0,,,
Workout_204,2025-11-13 09:57:37,Legs,5,Walking Lunge (Dumbbell),quadriceps,dumbbell,1,normal,15.0,,,2.0,
Workout_204,2025-11-13 09:57:37,Legs,5,Walking Lunge (Dumbbell),quadriceps,dumbbell,2,normal,15.0,,,2.0,
Workout_204,2025-11-13 09:57:37,Legs,6,Seated Calf Raise,calves,machine,1,normal,20.0,30.0,,,
Workout_204,2025-11-13 09:57:37,Legs,6,Seated Calf Raise,calves,machine,2,normal,20.0,30.0,,,
Workout_204,2025-11-13 09:57:37,Legs,6,Seated Calf Raise,calves,machine,3,normal,25.0,30.0,,,
Workout_204,2025-11-13 09:57:37,Legs,6,Seated Calf Raise,calves,machine,4,normal,25.0,30.0,,,
Workout_204,2025-11-13 09:57:37,Legs,7,Crunch,abdominals,none,1,normal,,12.0,,,
Workout_204,2025-11-13 09:57:37,Legs,7,Crunch,abdominals,none,2,normal,,12.0,,,
Workout_204,2025-11-13 09:57:37,Legs,7,Crunch,abdominals,none,3,normal,,9.0,,,
Workout_204,2025-11-13 09:57:37,Legs,8,Plank,abdominals,none,1,normal,,,,,61.0
Workout_204,2025-11-13 09:57:37,Legs,8,Plank,abdominals,none,2,normal,,,,,51.0
Workout_204,2025-11-13 09:57:37,Legs,8,Plank,abdominals,none,3,normal,,,,,60.0
Workout_205,2025-11-15 09:51:04,Legs,1,Warm Up,full_body,none,1,normal,,,,,392.0
Workout_205,2025-11-15 09:51:04,Legs,2,Incline Bench Press (Dumbbell),chest,dumbbell,1,normal,15.0,20.0,,,
Workout_205,2025-11-15 09:51:04,Legs,2,Incline Bench Press (Dumbbell),chest,dumbbell,2,normal,15.0,20.0,,,
Workout_205,2025-11-15 09:51:04,Legs,2,Incline Bench Press (Dumbbell),chest,dumbbell,3,normal,20.0,15.0,,,
Workout_205,2025-11-15 09:51:04,Legs,2,Incline Bench Press (Dumbbell),chest,dumbbell,4,normal,20.0,12.0,,,
Workout_205,2025-11-15 09:51:04,Legs,3,Chest Fly (Machine),chest,machine,1,normal,32.0,20.0,,,
Workout_205,2025-11-15 09:51:04,Legs,3,Chest Fly (Machine),chest,machine,2,normal,32.0,20.0,,,
Workout_205,2025-11-15 09:51:04,Legs,3,Chest Fly (Machine),chest,machine,3,normal,39.0,15.0,,,
Workout_205,2025-11-15 09:51:04,Legs,3,Chest Fly (Machine),chest,machine,4,normal,39.0,15.0,,,
Workout_205,2025-11-15 09:51:04,Legs,4,Bench Press (Dumbbell),chest,dumbbell,1,normal,15.0,20.0,,,
Workout_205,2025-11-15 09:51:04,Legs,4,Bench Press (Dumbbell),chest,dumbbell,2,normal,15.0,20.0,,,
Workout_205,2025-11-15 09:51:04,Legs,4,Bench Press (Dumbbell),chest,dumbbell,3,normal,20.0,20.0,,,
Workout_205,2025-11-15 09:51:04,Legs,4,Bench Press (Dumbbell),chest,dumbbell,4,normal,20.0,15.0,,,
Workout_205,2025-11-15 09:51:04,Legs,5,Cable Fly Crossovers,chest,machine,1,normal,7.0,15.0,,,
Workout_205,2025-11-15 09:51:04,Legs,5,Cable Fly Crossovers,chest,machine,2,normal,7.0,15.0,,,
Workout_205,2025-11-15 09:51:04,Legs,5,Cable Fly Crossovers,chest,machine,3,normal,13.6,12.0,,,
Workout_205,2025-11-15 09:51:04,Legs,5,Cable Fly Crossovers,chest,machine,4,normal,13.6,7.0,,,
Workout_205,2025-11-15 09:51:04,Legs,6,Single Arm Tricep Extension (Dumbbell),triceps,dumbbell,1,normal,15.0,20.0,,,
Workout_205,2025-11-15 09:51:04,Legs,6,Single Arm Tricep Extension (Dumbbell),triceps,dumbbell,2,normal,15.0,20.0,,,
Workout_205,2025-11-15 09:51:04,Legs,6,Single Arm Tricep Extension (Dumbbell),triceps,dumbbell,3,normal,15.0,20.0,,,
Workout_205,2025-11-15 09:51:04,Legs,6,Single Arm Tricep Extension (Dumbbell),triceps,dumbbell,4,normal,20.0,7.0,,,
Workout_205,2025-11-15 09:51:04,Legs,7,Overhead Triceps Extension (Cable),triceps,machine,1,normal,11.3,20.0,,,
Workout_205,2025-11-15 09:51:04,Legs,7,Overhead Triceps Extension (Cable),triceps,machine,2,normal,11.3,20.0,,,
Workout_205,2025-11-15 09:51:04,Legs,7,Overhead Triceps Extension (Cable),triceps,machine,3,normal,13.6,15.0,,,
Workout_205,2025-11-15 09:51:04,Legs,7,Overhead Triceps Extension (Cable),triceps,machine,4,normal,13.6,15.0,,,
Workout_205,2025-11-15 09:51:04,Legs,8,Triceps Rope Pushdown,triceps,machine,1,normal,11.3,20.0,,,
Workout_205,2025-11-15 09:51:04,Legs,8,Triceps Rope Pushdown,triceps,machine,2,normal,11.3,20.0,,,
Workout_205,2025-11-15 09:51:04,Legs,8,Triceps Rope Pushdown,triceps,machine,3,normal,13.6,15.0,,,
Workout_205,2025-11-15 09:51:04,Legs,8,Triceps Rope Pushdown,triceps,machine,4,normal,13.6,15.0,,,
Workout_205,2025-11-15 09:51:04,Legs,9,Treadmill,cardio,machine,1,normal,,,,890.0,600.0
Workout_206,2025-11-16 03:31:14,Shoulder,1,Warm Up,full_body,none,1,normal,,,,,345.0
Workout_206,2025-11-16 03:31:14,Shoulder,2,Seated Shoulder Press (Machine),shoulders,machine,1,normal,18.0,20.0,,,
Workout_206,2025-11-16 03:31:14,Shoulder,2,Seated Shoulder Press (Machine),shoulders,machine,2,normal,18.0,20.0,,,
Workout_206,2025-11-16 03:31:14,Shoulder,2,Seated Shoulder Press (Machine),shoulders,machine,3,normal,23.0,10.0,,,
Workout_206,2025-11-16 03:31:14,Shoulder,2,Seated Shoulder Press (Machine),shoulders,machine,4,normal,23.0,10.0,,,
Workout_206,2025-11-16 03:31:14,Shoulder,3,Rear Delt Reverse Fly (Machine),shoulders,machine,1,normal,32.0,20.0,,,
Workout_206,2025-11-16 03:31:14,Shoulder,3,Rear Delt Reverse Fly (Machine),shoulders,machine,2,normal,32.0,20.0,,,
Workout_206,2025-11-16 03:31:14,Shoulder,3,Rear Delt Reverse Fly (Machine),shoulders,machine,3,normal,39.0,15.0,,,
Workout_206,2025-11-16 03:31:14,Shoulder,3,Rear Delt Reverse Fly (Machine),shoulders,machine,4,normal,39.0,10.0,,,
Workout_206,2025-11-16 03:31:14,Shoulder,4,Overhead Press (Dumbbell),shoulders,dumbbell,1,normal,20.0,15.0,,,
Workout_206,2025-11-16 03:31:14,Shoulder,4,Overhead Press (Dumbbell),shoulders,dumbbell,2,normal,20.0,15.0,,,
Workout_206,2025-11-16 03:31:14,Shoulder,4,Overhead Press (Dumbbell),shoulders,dumbbell,3,normal,25.0,10.0,,,
Workout_206,2025-11-16 03:31:14,Shoulder,4,Overhead Press (Dumbbell),shoulders,dumbbell,4,normal,20.0,15.0,,,
Workout_206,2025-11-16 03:31:14,Shoulder,5,Front Raise (Dumbbell),shoulders,dumbbell,1,normal,10.0,20.0,,,
Workout_206,2025-11-16 03:31:14,Shoulder,5,Front Raise (Dumbbell),shoulders,dumbbell,2,normal,10.0,20.0,,,
Workout_206,2025-11-16 03:31:14,Shoulder,5,Front Raise (Dumbbell),shoulders,dumbbell,3,normal,15.0,15.0,,,
Workout_206,2025-11-16 03:31:14,Shoulder,5,Front Raise (Dumbbell),shoulders,dumbbell,4,normal,15.0,15.0,,,
Workout_206,2025-11-16 03:31:14,Shoulder,6,Single Arm Lateral Raise (Cable),shoulders,machine,1,normal,4.6,20.0,,,
Workout_206,2025-11-16 03:31:14,Shoulder,6,Single Arm Lateral Raise (Cable),shoulders,machine,2,normal,4.6,20.0,,,
Workout_206,2025-11-16 03:31:14,Shoulder,6,Single Arm Lateral Raise (Cable),shoulders,machine,3,normal,8.4,8.0,,,
Workout_206,2025-11-16 03:31:14,Shoulder,6,Single Arm Lateral Raise (Cable),shoulders,machine,4,normal,4.6,10.0,,,
Workout_206,2025-11-16 03:31:14,Shoulder,7,Shrug (Dumbbell),traps,dumbbell,1,normal,25.0,30.0,,,
Workout_206,2025-11-16 03:31:14,Shoulder,7,Shrug (Dumbbell),traps,dumbbell,2,normal,25.0,30.0,,,
Workout_206,2025-11-16 03:31:14,Shoulder,7,Shrug (Dumbbell),traps,dumbbell,3,normal,30.0,20.0,,,
Workout_206,2025-11-16 03:31:14,Shoulder,7,Shrug (Dumbbell),traps,dumbbell,4,normal,30.0,20.0,,,
Workout_206,2025-11-16 03:31:14,Shoulder,8,Treadmill,cardio,machine,1,normal,,,,940.0,600.0
Workout_206,2025-11-16 03:31:14,Shoulder,9,Elliptical Trainer,cardio,machine,1,normal,,,,2500.0,600.0
Workout_207,2025-11-17 03:20:57,Back,1,Warm Up,full_body,none,1,normal,,,,,408.0
Workout_207,2025-11-17 03:20:57,Back,2,Bent Over Row (Dumbbell),upper_back,dumbbell,1,normal,10.0,20.0,,,
Workout_207,2025-11-17 03:20:57,Back,2,Bent Over Row (Dumbbell),upper_back,dumbbell,2,normal,10.0,20.0,,,
Workout_207,2025-11-17 03:20:57,Back,2,Bent Over Row (Dumbbell),upper_back,dumbbell,3,normal,15.0,20.0,,,
Workout_207,2025-11-17 03:20:57,Back,2,Bent Over Row (Dumbbell),upper_back,dumbbell,4,normal,15.0,20.0,,,
Workout_207,2025-11-17 03:20:57,Back,3,Seated Cable Row - V Grip (Cable),upper_back,machine,1,normal,23.0,15.0,,,
Workout_207,2025-11-17 03:20:57,Back,3,Seated Cable Row - V Grip (Cable),upper_back,machine,2,normal,23.0,15.0,,,
Workout_207,2025-11-17 03:20:57,Back,3,Seated Cable Row - V Grip (Cable),upper_back,machine,3,normal,29.0,10.0,,,
Workout_207,2025-11-17 03:20:57,Back,3,Seated Cable Row - V Grip (Cable),upper_back,machine,4,normal,29.0,10.0,,,
Workout_207,2025-11-17 03:20:57,Back,4,Lat Pulldown (Cable),lats,machine,1,normal,29.0,20.0,,,
Workout_207,2025-11-17 03:20:57,Back,4,Lat Pulldown (Cable),lats,machine,2,normal,29.0,15.0,,,
Workout_207,2025-11-17 03:20:57,Back,4,Lat Pulldown (Cable),lats,machine,3,normal,36.0,10.0,,,
Workout_207,2025-11-17 03:20:57,Back,4,Lat Pulldown (Cable),lats,machine,4,normal,36.0,10.0,,,
Workout_207,2025-11-17 03:20:57,Back,5,Back Extension (Hyperextension),lower_back,machine,1,normal,,15.0,,,
Workout_207,2025-11-17 03:20:57,Back,5,Back Extension (Hyperextension),lower_back,machine,2,normal,,15.0,,,
Workout_207,2025-11-17 03:20:57,Back,5,Back Extension (Hyperextension),lower_back,machine,3,normal,,15.0,,,
Workout_207,2025-11-17 03:20:57,Back,5,Back Extension (Hyperextension),lower_back,machine,4,normal,,15.0,,,
Workout_207,2025-11-17 03:20:57,Back,6,Bicep Curl (Dumbbell),biceps,dumbbell,1,normal,15.0,20.0,,,
Workout_207,2025-11-17 03:20:57,Back,6,Bicep Curl (Dumbbell),biceps,dumbbell,2,normal,15.0,20.0,,,
Workout_207,2025-11-17 03:20:57,Back,6,Bicep Curl (Dumbbell),biceps,dumbbell,3,normal,20.0,15.0,,,
Workout_207,2025-11-17 03:20:57,Back,6,Bicep Curl (Dumbbell),biceps,dumbbell,4,normal,20.0,15.0,,,
Workout_207,2025-11-17 03:20:57,Back,7,Hammer Curl (Dumbbell),biceps,dumbbell,1,normal,15.0,20.0,,,
Workout_207,2025-11-17 03:20:57,Back,7,Hammer Curl (Dumbbell),biceps,dumbbell,2,normal,15.0,20.0,,,
Workout_207,2025-11-17 03:20:57,Back,7,Hammer Curl (Dumbbell),biceps,dumbbell,3,normal,20.0,15.0,,,
Workout_207,2025-11-17 03:20:57,Back,7,Hammer Curl (Dumbbell),biceps,dumbbell,4,normal,20.0,10.0,,,
Workout_207,2025-11-17 03:20:57,Back,8,Preacher Curl (Dumbbell),biceps,dumbbell,1,normal,10.0,20.0,,,
Workout_207,2025-11-17 03:20:57,Back,8,Preacher Curl (Dumbbell),biceps,dumbbell,2,normal,10.0,20.0,,,
Workout_207,2025-11-17 03:20:57,Back,8,Preacher Curl (Dumbbell),biceps,dumbbell,3,normal,15.0,10.0,,,
Workout_207,2025-11-17 03:20:57,Back,8,Preacher Curl (Dumbbell),biceps,dumbbell,4,normal,15.0,10.0,,,
Workout_207,2025-11-17 03:20:57,Back,9,Treadmill,cardio,machine,1,normal,,,,920.0,600.0
Workout_207,2025-11-17 03:20:57,Back,10,Elliptical Trainer,cardio,machine,1,normal,,,,2400.0,600.0
Workout_208,2025-11-19 01:15:41,Legs,1,Warm Up,full_body,none,1,normal,,,,,351.0
Workout_208,2025-11-19 01:15:41,Legs,2,Squat (Bodyweight),quadriceps,none,1,normal,,20.0,,,
Workout_208,2025-11-19 01:15:41,Legs,2,Squat (Bodyweight),quadriceps,none,2,normal,,20.0,,,
Workout_208,2025-11-19 01:15:41,Legs,2,Squat (Bodyweight),quadriceps,none,3,normal,,20.0,,,
Workout_208,2025-11-19 01:15:41,Legs,2,Squat (Bodyweight),quadriceps,none,4,normal,,20.0,,,
Workout_208,2025-11-19 01:15:41,Legs,2,Squat (Bodyweight),quadriceps,none,5,normal,,20.0,,,
Workout_208,2025-11-19 01:15:41,Legs,3,Goblet Squat,quadriceps,dumbbell,1,normal,16.0,15.0,,,
Workout_208,2025-11-19 01:15:41,Legs,3,Goblet Squat,quadriceps,dumbbell,2,normal,16.0,15.0,,,
Workout_208,2025-11-19 01:15:41,Legs,3,Goblet Squat,quadriceps,dumbbell,3,normal,16.0,10.0,,,
Workout_208,2025-11-19 01:15:41,Legs,4,Leg Extension (Machine),quadriceps,machine,1,normal,23.0,10.0,,,
Workout_208,2025-11-19 01:15:41,Legs,4,Leg Extension (Machine),quadriceps,machine,2,normal,23.0,15.0,,,
Workout_208,2025-11-19 01:15:41,Legs,4,Leg Extension (Machine),quadriceps,machine,3,normal,23.0,15.0,,,
Workout_208,2025-11-19 01:15:41,Legs,4,Leg Extension (Machine),quadriceps,machine,4,normal,29.0,15.0,,,
Workout_208,2025-11-19 01:15:41,Legs,5,Sumo Squat (Dumbbell),quadriceps,dumbbell,1,normal,5.0,10.0,,,
Workout_208,2025-11-19 01:15:41,Legs,5,Sumo Squat (Dumbbell),quadriceps,dumbbell,2,normal,7.5,10.0,,,
Workout_208,2025-11-19 01:15:41,Legs,5,Sumo Squat (Dumbbell),quadriceps,dumbbell,3,normal,10.0,15.0,,,
Workout_208,2025-11-19 01:15:41,Legs,5,Sumo Squat (Dumbbell),quadriceps,dumbbell,4,normal,10.0,15.0,,,
Workout_208,2025-11-19 01:15:41,Legs,6,Seated Calf Raise,calves,machine,1,normal,20.0,30.0,,,
Workout_208,2025-11-19 01:15:41,Legs,6,Seated Calf Raise,calves,machine,2,normal,20.0,30.0,,,
Workout_208,2025-11-19 01:15:41,Legs,6,Seated Calf Raise,calves,machine,3,normal,25.0,30.0,,,
Workout_208,2025-11-19 01:15:41,Legs,6,Seated Calf Raise,calves,machine,4,normal,25.0,30.0,,,
Workout_209,2025-11-22 02:15:38,Chest,1,Warm Up,full_body,none,1,normal,,,,,316.0
Workout_209,2025-11-22 02:15:38,Chest,2,Bench Press (Dumbbell),chest,dumbbell,1,normal,15.0,20.0,,,
Workout_209,2025-11-22 02:15:38,Chest,2,Bench Press (Dumbbell),chest,dumbbell,2,normal,15.0,20.0,,,
Workout_209,2025-11-22 02:15:38,Chest,2,Bench Press (Dumbbell),chest,dumbbell,3,normal,20.0,20.0,,,
Workout_209,2025-11-22 02:15:38,Chest,2,Bench Press (Dumbbell),chest,dumbbell,4,normal,20.0,20.0,,,
Workout_209,2025-11-22 02:15:38,Chest,3,Chest Fly (Machine),chest,machine,1,normal,32.0,20.0,,,
Workout_209,2025-11-22 02:15:38,Chest,3,Chest Fly (Machine),chest,machine,2,normal,32.0,20.0,,,
Workout_209,2025-11-22 02:15:38,Chest,3,Chest Fly (Machine),chest,machine,3,normal,39.0,20.0,,,
Workout_209,2025-11-22 02:15:38,Chest,3,Chest Fly (Machine),chest,machine,4,normal,39.0,20.0,,,
Workout_209,2025-11-22 02:15:38,Chest,4,Incline Bench Press (Barbell),chest,barbell,1,normal,35.0,20.0,,,
Workout_209,2025-11-22 02:15:38,Chest,4,Incline Bench Press (Barbell),chest,barbell,2,normal,35.0,20.0,,,
Workout_209,2025-11-22 02:15:38,Chest,4,Incline Bench Press (Barbell),chest,barbell,3,normal,40.0,15.0,,,
Workout_209,2025-11-22 02:15:38,Chest,4,Incline Bench Press (Barbell),chest,barbell,4,normal,40.0,15.0,,,
Workout_209,2025-11-22 02:15:38,Chest,5,Chest Press (Machine),chest,machine,1,normal,26.0,20.0,,,
Workout_209,2025-11-22 02:15:38,Chest,5,Chest Press (Machine),chest,machine,2,normal,26.0,20.0,,,
Workout_209,2025-11-22 02:15:38,Chest,5,Chest Press (Machine),chest,machine,3,normal,28.0,10.0,,,
Workout_209,2025-11-22 02:15:38,Chest,5,Chest Press (Machine),chest,machine,4,normal,28.0,10.0,,,
Workout_209,2025-11-22 02:15:38,Chest,6,Overhead Triceps Extension (Cable),triceps,machine,1,normal,9.6,20.0,,,
Workout_209,2025-11-22 02:15:38,Chest,6,Overhead Triceps Extension (Cable),triceps,machine,2,normal,11.3,15.0,,,
Workout_209,2025-11-22 02:15:38,Chest,6,Overhead Triceps Extension (Cable),triceps,machine,3,normal,11.3,15.0,,,
Workout_209,2025-11-22 02:15:38,Chest,6,Overhead Triceps Extension (Cable),triceps,machine,4,normal,11.3,15.0,,,
Workout_209,2025-11-22 02:15:38,Chest,7,Triceps Extension (Dumbbell),triceps,dumbbell,1,normal,12.5,15.0,,,
Workout_209,2025-11-22 02:15:38,Chest,7,Triceps Extension (Dumbbell),triceps,dumbbell,2,normal,12.5,15.0,,,
Workout_209,2025-11-22 02:15:38,Chest,7,Triceps Extension (Dumbbell),triceps,dumbbell,3,normal,12.5,12.0,,,
Workout_209,2025-11-22 02:15:38,Chest,8,Bench Dip,triceps,other,1,normal,,20.0,,,
Workout_209,2025-11-22 02:15:38,Chest,8,Bench Dip,triceps,other,2,normal,,20.0,,,
Workout_209,2025-11-22 02:15:38,Chest,8,Bench Dip,triceps,other,3,normal,,20.0,,,
Workout_209,2025-11-22 02:15:38,Chest,9,Treadmill,cardio,machine,1,normal,,,,980.0,600.0
Workout_209,2025-11-22 02:15:38,Chest,10,Elliptical Trainer,cardio,machine,1,normal,,,,2400.0,600.0
Workout_210,2025-11-23 02:39:49,Shoulders,1,Warm Up,full_body,none,1,normal,,,,,400.0
Workout_210,2025-11-23 02:39:49,Shoulders,2,Lateral Raise (Dumbbell),shoulders,dumbbell,1,normal,15.0,20.0,,,
Workout_210,2025-11-23 02:39:49,Shoulders,2,Lateral Raise (Dumbbell),shoulders,dumbbell,2,normal,15.0,20.0,,,
Workout_210,2025-11-23 02:39:49,Shoulders,2,Lateral Raise (Dumbbell),shoulders,dumbbell,3,normal,20.0,15.0,,,
Workout_210,2025-11-23 02:39:49,Shoulders,2,Lateral Raise (Dumbbell),shoulders,dumbbell,4,normal,20.0,15.0,,,
Workout_210,2025-11-23 02:39:49,Shoulders,3,Front Raise (Cable),shoulders,machine,1,normal,6.8,15.0,,,
Workout_210,2025-11-23 02:39:49,Shoulders,3,Front Raise (Cable),shoulders,machine,2,normal,6.8,15.0,,,
Workout_210,2025-11-23 02:39:49,Shoulders,3,Front Raise (Cable),shoulders,machine,3,normal,6.8,15.0,,,
Workout_210,2025-11-23 02:39:49,Shoulders,3,Front Raise (Cable),shoulders,machine,4,normal,6.8,10.0,,,
Workout_210,2025-11-23 02:39:49,Shoulders,4,Shoulder Press (Dumbbell),shoulders,dumbbell,1,normal,10.0,20.0,,,
Workout_210,2025-11-23 02:39:49,Shoulders,4,Shoulder Press (Dumbbell),shoulders,dumbbell,2,normal,15.0,15.0,,,
Workout_210,2025-11-23 02:39:49,Shoulders,4,Shoulder Press (Dumbbell),shoulders,dumbbell,3,normal,15.0,20.0,,,
Workout_210,2025-11-23 02:39:49,Shoulders,4,Shoulder Press (Dumbbell),shoulders,dumbbell,4,normal,15.0,15.0,,,
Workout_210,2025-11-23 02:39:49,Shoulders,5,Rear Delt Reverse Fly (Machine),shoulders,machine,1,normal,32.0,20.0,,,
Workout_210,2025-11-23 02:39:49,Shoulders,5,Rear Delt Reverse Fly (Machine),shoulders,machine,2,normal,32.0,20.0,,,
Workout_210,2025-11-23 02:39:49,Shoulders,5,Rear Delt Reverse Fly (Machine),shoulders,machine,3,normal,39.0,15.0,,,
Workout_210,2025-11-23 02:39:49,Shoulders,5,Rear Delt Reverse Fly (Machine),shoulders,machine,4,normal,39.0,15.0,,,
Workout_210,2025-11-23 02:39:49,Shoulders,6,Shrug (Dumbbell),traps,dumbbell,1,normal,25.0,30.0,,,
Workout_210,2025-11-23 02:39:49,Shoulders,6,Shrug (Dumbbell),traps,dumbbell,2,normal,25.0,30.0,,,
Workout_210,2025-11-23 02:39:49,Shoulders,6,Shrug (Dumbbell),traps,dumbbell,3,normal,30.0,25.0,,,
Workout_210,2025-11-23 02:39:49,Shoulders,6,Shrug (Dumbbell),traps,dumbbell,4,normal,30.0,22.0,,,
Workout_210,2025-11-23 02:39:49,Shoulders,7,Treadmill,cardio,machine,1,normal,,,,970.0,600.0
Workout_211,2025-11-24 02:30:07,Back,1,Warm Up,full_body,none,1,normal,,,,,353.0
Workout_211,2025-11-24 02:30:07,Back,2,Lat Pulldown (Cable),lats,machine,1,normal,29.0,20.0,,,
Workout_211,2025-11-24 02:30:07,Back,2,Lat Pulldown (Cable),lats,machine,2,normal,29.0,20.0,,,
Workout_211,2025-11-24 02:30:07,Back,2,Lat Pulldown (Cable),lats,machine,3,normal,36.0,10.0,,,
Workout_211,2025-11-24 02:30:07,Back,2,Lat Pulldown (Cable),lats,machine,4,normal,36.0,12.0,,,
Workout_211,2025-11-24 02:30:07,Back,3,Seated Cable Row - V Grip (Cable),upper_back,machine,1,normal,23.0,20.0,,,
Workout_211,2025-11-24 02:30:07,Back,3,Seated Cable Row - V Grip (Cable),upper_back,machine,2,normal,23.0,20.0,,,
Workout_211,2025-11-24 02:30:07,Back,3,Seated Cable Row - V Grip (Cable),upper_back,machine,3,normal,29.0,20.0,,,
Workout_211,2025-11-24 02:30:07,Back,3,Seated Cable Row - V Grip (Cable),upper_back,machine,4,normal,29.0,15.0,,,
Workout_211,2025-11-24 02:30:07,Back,4,Bent Over Row (Dumbbell),upper_back,dumbbell,1,normal,15.0,20.0,,,
Workout_211,2025-11-24 02:30:07,Back,4,Bent Over Row (Dumbbell),upper_back,dumbbell,2,normal,15.0,20.0,,,
Workout_211,2025-11-24 02:30:07,Back,4,Bent Over Row (Dumbbell),upper_back,dumbbell,3,normal,20.0,15.0,,,
Workout_211,2025-11-24 02:30:07,Back,4,Bent Over Row (Dumbbell),upper_back,dumbbell,4,normal,20.0,10.0,,,
Workout_211,2025-11-24 02:30:07,Back,5,Back Extension (Hyperextension),lower_back,machine,1,normal,,15.0,,,
Workout_211,2025-11-24 02:30:07,Back,5,Back Extension (Hyperextension),lower_back,machine,2,normal,,15.0,,,
Workout_211,2025-11-24 02:30:07,Back,5,Back Extension (Hyperextension),lower_back,machine,3,normal,,15.0,,,
Workout_211,2025-11-24 02:30:07,Back,5,Back Extension (Hyperextension),lower_back,machine,4,normal,,15.0,,,
Workout_211,2025-11-24 02:30:07,Back,6,Bicep Curl (Dumbbell),biceps,dumbbell,1,normal,15.0,20.0,,,
Workout_211,2025-11-24 02:30:07,Back,6,Bicep Curl (Dumbbell),biceps,dumbbell,2,normal,15.0,20.0,,,
Workout_211,2025-11-24 02:30:07,Back,6,Bicep Curl (Dumbbell),biceps,dumbbell,3,normal,20.0,10.0,,,
Workout_211,2025-11-24 02:30:07,Back,6,Bicep Curl (Dumbbell),biceps,dumbbell,4,normal,20.0,15.0,,,
Workout_211,2025-11-24 02:30:07,Back,7,Bicep Curl (Barbell),biceps,barbell,1,normal,15.0,20.0,,,
Workout_211,2025-11-24 02:30:07,Back,7,Bicep Curl (Barbell),biceps,barbell,2,normal,15.0,17.0,,,
Workout_211,2025-11-24 02:30:07,Back,7,Bicep Curl (Barbell),biceps,barbell,3,normal,20.0,12.0,,,
Workout_211,2025-11-24 02:30:07,Back,7,Bicep Curl (Barbell),biceps,barbell,4,normal,20.0,15.0,,,
Workout_211,2025-11-24 02:30:07,Back,8,Hammer Curl (Dumbbell),biceps,dumbbell,1,normal,15.0,20.0,,,
Workout_211,2025-11-24 02:30:07,Back,8,Hammer Curl (Dumbbell),biceps,dumbbell,2,normal,15.0,20.0,,,
Workout_211,2025-11-24 02:30:07,Back,8,Hammer Curl (Dumbbell),biceps,dumbbell,3,normal,20.0,10.0,,,
Workout_211,2025-11-24 02:30:07,Back,8,Hammer Curl (Dumbbell),biceps,dumbbell,4,normal,20.0,10.0,,,
Workout_211,2025-11-24 02:30:07,Back,9,Treadmill,cardio,machine,1,normal,,,,890.0,600.0
Workout_211,2025-11-24 02:30:07,Back,10,Elliptical Trainer,cardio,machine,1,normal,,,,2400.0,600.0
Workout_212,2025-11-25 02:33:48,Legs,1,Warm Up,full_body,none,1,normal,,,,,405.0
Workout_212,2025-11-25 02:33:48,Legs,2,Spinning,cardio,machine,1,normal,,,,,600.0
Workout_212,2025-11-25 02:33:48,Legs,3,Leg Extension (Machine),quadriceps,machine,1,normal,29.0,15.0,,,
Workout_212,2025-11-25 02:33:48,Legs,3,Leg Extension (Machine),quadriceps,machine,2,normal,29.0,15.0,,,
Workout_212,2025-11-25 02:33:48,Legs,3,Leg Extension (Machine),quadriceps,machine,3,normal,29.0,15.0,,,
Workout_212,2025-11-25 02:33:48,Legs,3,Leg Extension (Machine),quadriceps,machine,4,normal,36.0,15.0,,,
Workout_212,2025-11-25 02:33:48,Legs,4,Squat (Barbell),quadriceps,barbell,1,normal,15.0,10.0,,,
Workout_212,2025-11-25 02:33:48,Legs,4,Squat (Barbell),quadriceps,barbell,2,normal,15.0,10.0,,,
Workout_212,2025-11-25 02:33:48,Legs,4,Squat (Barbell),quadriceps,barbell,3,normal,25.0,10.0,,,
Workout_212,2025-11-25 02:33:48,Legs,4,Squat (Barbell),quadriceps,barbell,4,normal,25.0,10.0,,,
Workout_212,2025-11-25 02:33:48,Legs,5,Leg Press (Machine),quadriceps,machine,1,normal,40.0,20.0,,,
Workout_212,2025-11-25 02:33:48,Legs,5,Leg Press (Machine),quadriceps,machine,2,normal,40.0,20.0,,,
Workout_212,2025-11-25 02:33:48,Legs,5,Leg Press (Machine),quadriceps,machine,3,normal,50.0,15.0,,,
Workout_212,2025-11-25 02:33:48,Legs,5,Leg Press (Machine),quadriceps,machine,4,normal,50.0,15.0,,,
Workout_212,2025-11-25 02:33:48,Legs,6,Sumo Squat (Dumbbell),quadriceps,dumbbell,1,normal,5.0,15.0,,,
Workout_212,2025-11-25 02:33:48,Legs,6,Sumo Squat (Dumbbell),quadriceps,dumbbell,2,normal,7.5,20.0,,,
Workout_212,2025-11-25 02:33:48,Legs,6,Sumo Squat (Dumbbell),quadriceps,dumbbell,3,normal,7.5,20.0,,,
Workout_212,2025-11-25 02:33:48,Legs,6,Sumo Squat (Dumbbell),quadriceps,dumbbell,4,normal,10.0,15.0,,,
Workout_212,2025-11-25 02:33:48,Legs,7,Seated Calf Raise,calves,machine,1,normal,20.0,30.0,,,
Workout_212,2025-11-25 02:33:48,Legs,7,Seated Calf Raise,calves,machine,2,normal,20.0,30.0,,,
Workout_212,2025-11-25 02:33:48,Legs,7,Seated Calf Raise,calves,machine,3,normal,25.0,30.0,,,
Workout_212,2025-11-25 02:33:48,Legs,7,Seated Calf Raise,calves,machine,4,normal,25.0,30.0,,,
Workout_213,2025-11-26 02:26:07,Chest,1,Warm Up,full_body,none,1,normal,,,,,442.0
Workout_213,2025-11-26 02:26:07,Chest,2,Incline Bench Press (Dumbbell),chest,dumbbell,1,normal,15.0,20.0,,,
Workout_213,2025-11-26 02:26:07,Chest,2,Incline Bench Press (Dumbbell),chest,dumbbell,2,normal,15.0,20.0,,,
Workout_213,2025-11-26 02:26:07,Chest,2,Incline Bench Press (Dumbbell),chest,dumbbell,3,normal,20.0,15.0,,,
Workout_213,2025-11-26 02:26:07,Chest,2,Incline Bench Press (Dumbbell),chest,dumbbell,4,normal,20.0,15.0,,,
Workout_213,2025-11-26 02:26:07,Chest,3,Chest Fly (Machine),chest,machine,1,normal,32.0,20.0,,,
Workout_213,2025-11-26 02:26:07,Chest,3,Chest Fly (Machine),chest,machine,2,normal,32.0,20.0,,,
Workout_213,2025-11-26 02:26:07,Chest,3,Chest Fly (Machine),chest,machine,3,normal,39.0,15.0,,,
Workout_213,2025-11-26 02:26:07,Chest,3,Chest Fly (Machine),chest,machine,4,normal,39.0,15.0,,,
Workout_213,2025-11-26 02:26:07,Chest,4,Bench Press (Barbell),chest,barbell,1,normal,40.0,10.0,,,
Workout_213,2025-11-26 02:26:07,Chest,4,Bench Press (Barbell),chest,barbell,2,normal,40.0,10.0,,,
Workout_213,2025-11-26 02:26:07,Chest,4,Bench Press (Barbell),chest,barbell,3,normal,30.0,20.0,,,
Workout_213,2025-11-26 02:26:07,Chest,4,Bench Press (Barbell),chest,barbell,4,normal,30.0,20.0,,,
Workout_213,2025-11-26 02:26:07,Chest,5,Single Arm Tricep Extension (Dumbbell),triceps,dumbbell,1,normal,15.0,20.0,,,
Workout_213,2025-11-26 02:26:07,Chest,5,Single Arm Tricep Extension (Dumbbell),triceps,dumbbell,2,normal,15.0,20.0,,,
Workout_213,2025-11-26 02:26:07,Chest,5,Single Arm Tricep Extension (Dumbbell),triceps,dumbbell,3,normal,20.0,15.0,,,
Workout_213,2025-11-26 02:26:07,Chest,5,Single Arm Tricep Extension (Dumbbell),triceps,dumbbell,4,normal,20.0,15.0,,,
Workout_213,2025-11-26 02:26:07,Chest,6,Triceps Rope Pushdown,triceps,machine,1,normal,11.3,20.0,,,
Workout_213,2025-11-26 02:26:07,Chest,6,Triceps Rope Pushdown,triceps,machine,2,normal,11.3,20.0,,,
Workout_213,2025-11-26 02:26:07,Chest,6,Triceps Rope Pushdown,triceps,machine,3,normal,13.6,15.0,,,
Workout_213,2025-11-26 02:26:07,Chest,6,Triceps Rope Pushdown,triceps,machine,4,normal,13.6,15.0,,,
Workout_213,2025-11-26 02:26:07,Chest,7,Treadmill,cardio,machine,1,normal,,,,990.0,600.0
Workout_214,2025-11-29 02:39:51,Back,1,Warm Up,full_body,none,1,normal,,,,,402.0
Workout_214,2025-11-29 02:39:51,Back,2,Pull Up (Assisted),lats,machine,1,normal,68.0,20.0,,,
Workout_214,2025-11-29 02:39:51,Back,2,Pull Up (Assisted),lats,machine,2,normal,53.0,10.0,,,
Workout_214,2025-11-29 02:39:51,Back,2,Pull Up (Assisted),lats,machine,3,normal,53.0,8.0,,,
Workout_214,2025-11-29 02:39:51,Back,3,Bent Over Row (Barbell),upper_back,barbell,1,normal,15.0,20.0,,,
Workout_214,2025-11-29 02:39:51,Back,3,Bent Over Row (Barbell),upper_back,barbell,2,normal,20.0,20.0,,,
Workout_214,2025-11-29 02:39:51,Back,3,Bent Over Row (Barbell),upper_back,barbell,3,normal,20.0,20.0,,,
Workout_214,2025-11-29 02:39:51,Back,3,Bent Over Row (Barbell),upper_back,barbell,4,normal,25.0,15.0,,,
Workout_214,2025-11-29 02:39:51,Back,4,Lat Pulldown (Cable),lats,machine,1,normal,29.0,20.0,,,
Workout_214,2025-11-29 02:39:51,Back,4,Lat Pulldown (Cable),lats,machine,2,normal,29.0,20.0,,,
Workout_214,2025-11-29 02:39:51,Back,4,Lat Pulldown (Cable),lats,machine,3,normal,36.0,10.0,,,
Workout_214,2025-11-29 02:39:51,Back,4,Lat Pulldown (Cable),lats,machine,4,normal,36.0,10.0,,,
Workout_214,2025-11-29 02:39:51,Back,5,Dumbbell Row,lats,dumbbell,1,normal,15.0,20.0,,,
Workout_214,2025-11-29 02:39:51,Back,5,Dumbbell Row,lats,dumbbell,2,normal,15.0,20.0,,,
Workout_214,2025-11-29 02:39:51,Back,5,Dumbbell Row,lats,dumbbell,3,normal,20.0,15.0,,,
Workout_214,2025-11-29 02:39:51,Back,5,Dumbbell Row,lats,dumbbell,4,normal,20.0,15.0,,,
Workout_214,2025-11-29 02:39:51,Back,6,Bicep Curl (Barbell),biceps,barbell,1,normal,10.0,20.0,,,
Workout_214,2025-11-29 02:39:51,Back,6,Bicep Curl (Barbell),biceps,barbell,2,normal,15.0,15.0,,,
Workout_214,2025-11-29 02:39:51,Back,6,Bicep Curl (Barbell),biceps,barbell,3,normal,15.0,15.0,,,
Workout_214,2025-11-29 02:39:51,Back,6,Bicep Curl (Barbell),biceps,barbell,4,normal,20.0,15.0,,,
Workout_214,2025-11-29 02:39:51,Back,6,Bicep Curl (Barbell),biceps,barbell,5,normal,20.0,10.0,,,
Workout_214,2025-11-29 02:39:51,Back,7,Hammer Curl (Dumbbell),biceps,dumbbell,1,normal,15.0,20.0,,,
Workout_214,2025-11-29 02:39:51,Back,7,Hammer Curl (Dumbbell),biceps,dumbbell,2,normal,15.0,20.0,,,
Workout_214,2025-11-29 02:39:51,Back,7,Hammer Curl (Dumbbell),biceps,dumbbell,3,normal,20.0,10.0,,,
Workout_214,2025-11-29 02:39:51,Back,7,Hammer Curl (Dumbbell),biceps,dumbbell,4,normal,20.0,15.0,,,
Workout_214,2025-11-29 02:39:51,Back,8,Bicep Curl (Cable),biceps,machine,1,normal,9.1,20.0,,,
Workout_214,2025-11-29 02:39:51,Back,8,Bicep Curl (Cable),biceps,machine,2,normal,9.1,20.0,,,
Workout_214,2025-11-29 02:39:51,Back,8,Bicep Curl (Cable),biceps,machine,3,normal,11.3,15.0,,,
Workout_214,2025-11-29 02:39:51,Back,8,Bicep Curl (Cable),biceps,machine,4,normal,11.3,10.0,,,
Workout_214,2025-11-29 02:39:51,Back,9,Treadmill,cardio,machine,1,normal,,,,990.0,600.0
Workout_215,2025-11-30 02:56:07,Shoulder,1,Warm Up,full_body,none,1,normal,,,,,487.0
Workout_215,2025-11-30 02:56:07,Shoulder,2,Seated Shoulder Press (Machine),shoulders,machine,1,normal,18.0,20.0,,,
Workout_215,2025-11-30 02:56:07,Shoulder,2,Seated Shoulder Press (Machine),shoulders,machine,2,normal,18.0,20.0,,,
Workout_215,2025-11-30 02:56:07,Shoulder,2,Seated Shoulder Press (Machine),shoulders,machine,3,normal,23.0,10.0,,,
Workout_215,2025-11-30 02:56:07,Shoulder,2,Seated Shoulder Press (Machine),shoulders,machine,4,normal,23.0,10.0,,,
Workout_215,2025-11-30 02:56:07,Shoulder,3,Lateral Raise (Dumbbell),shoulders,dumbbell,1,normal,15.0,20.0,,,
Workout_215,2025-11-30 02:56:07,Shoulder,3,Lateral Raise (Dumbbell),shoulders,dumbbell,2,normal,15.0,20.0,,,
Workout_215,2025-11-30 02:56:07,Shoulder,3,Lateral Raise (Dumbbell),shoulders,dumbbell,3,normal,20.0,10.0,,,
Workout_215,2025-11-30 02:56:07,Shoulder,3,Lateral Raise (Dumbbell),shoulders,dumbbell,4,normal,20.0,10.0,,,
Workout_215,2025-11-30 02:56:07,Shoulder,4,Front Raise (Dumbbell),shoulders,dumbbell,1,normal,10.0,20.0,,,
Workout_215,2025-11-30 02:56:07,Shoulder,4,Front Raise (Dumbbell),shoulders,dumbbell,2,normal,10.0,20.0,,,
Workout_215,2025-11-30 02:56:07,Shoulder,4,Front Raise (Dumbbell),shoulders,dumbbell,3,normal,15.0,15.0,,,
Workout_215,2025-11-30 02:56:07,Shoulder,4,Front Raise (Dumbbell),shoulders,dumbbell,4,normal,15.0,13.0,,,
Workout_215,2025-11-30 02:56:07,Shoulder,5,Face Pull,shoulders,machine,1,normal,11.3,20.0,,,
Workout_215,2025-11-30 02:56:07,Shoulder,5,Face Pull,shoulders,machine,2,normal,11.3,20.0,,,
Workout_215,2025-11-30 02:56:07,Shoulder,5,Face Pull,shoulders,machine,3,normal,13.6,15.0,,,
Workout_215,2025-11-30 02:56:07,Shoulder,5,Face Pull,shoulders,machine,4,normal,13.6,15.0,,,
Workout_215,2025-11-30 02:56:07,Shoulder,6,Shrug (Dumbbell),traps,dumbbell,1,normal,25.0,30.0,,,
Workout_215,2025-11-30 02:56:07,Shoulder,6,Shrug (Dumbbell),traps,dumbbell,2,normal,25.0,30.0,,,
Workout_215,2025-11-30 02:56:07,Shoulder,6,Shrug (Dumbbell),traps,dumbbell,3,normal,30.0,20.0,,,
Workout_215,2025-11-30 02:56:07,Shoulder,6,Shrug (Dumbbell),traps,dumbbell,4,normal,30.0,20.0,,,
Workout_215,2025-11-30 02:56:07,Shoulder,7,Treadmill,cardio,machine,1,normal,,,,910.0,600.0
Workout_215,2025-11-30 02:56:07,Shoulder,8,Elliptical Trainer,cardio,machine,1,normal,,,,2900.0,600.0
Workout_216,2025-12-01 02:38:55,Legs,1,Warm Up,full_body,none,1,normal,,,,,417.0
Workout_216,2025-12-01 02:38:55,Legs,2,Spinning,cardio,machine,1,normal,,,,,600.0
Workout_216,2025-12-01 02:38:55,Legs,3,Leg Extension (Machine),quadriceps,machine,1,normal,29.0,20.0,,,
Workout_216,2025-12-01 02:38:55,Legs,3,Leg Extension (Machine),quadriceps,machine,2,normal,29.0,20.0,,,
Workout_216,2025-12-01 02:38:55,Legs,3,Leg Extension (Machine),quadriceps,machine,3,normal,36.0,15.0,,,
Workout_216,2025-12-01 02:38:55,Legs,3,Leg Extension (Machine),quadriceps,machine,4,normal,36.0,12.0,,,
Workout_216,2025-12-01 02:38:55,Legs,4,Seated Leg Curl (Machine),hamstrings,machine,1,normal,23.0,20.0,,,
Workout_216,2025-12-01 02:38:55,Legs,4,Seated Leg Curl (Machine),hamstrings,machine,2,normal,23.0,20.0,,,
Workout_216,2025-12-01 02:38:55,Legs,4,Seated Leg Curl (Machine),hamstrings,machine,3,normal,29.0,15.0,,,
Workout_216,2025-12-01 02:38:55,Legs,4,Seated Leg Curl (Machine),hamstrings,machine,4,normal,29.0,10.0,,,
Workout_216,2025-12-01 02:38:55,Legs,5,Leg Press (Machine),quadriceps,machine,1,normal,40.0,20.0,,,
Workout_216,2025-12-01 02:38:55,Legs,5,Leg Press (Machine),quadriceps,machine,2,normal,40.0,20.0,,,
Workout_216,2025-12-01 02:38:55,Legs,5,Leg Press (Machine),quadriceps,machine,3,normal,50.0,15.0,,,
Workout_216,2025-12-01 02:38:55,Legs,5,Leg Press (Machine),quadriceps,machine,4,normal,50.0,15.0,,,
Workout_216,2025-12-01 02:38:55,Legs,6,Seated Calf Raise,calves,machine,1,normal,20.0,30.0,,,
Workout_216,2025-12-01 02:38:55,Legs,6,Seated Calf Raise,calves,machine,2,normal,20.0,30.0,,,
Workout_216,2025-12-01 02:38:55,Legs,6,Seated Calf Raise,calves,machine,3,normal,25.0,30.0,,,
Workout_216,2025-12-01 02:38:55,Legs,6,Seated Calf Raise,calves,machine,4,normal,25.0,30.0,,,
Workout_217,2025-12-03 02:10:06,Chest,1,Warm Up,full_body,none,1,normal,,,,,369.0
Workout_217,2025-12-03 02:10:06,Chest,2,Chest Press (Machine),chest,machine,1,normal,18.0,20.0,,,
Workout_217,2025-12-03 02:10:06,Chest,2,Chest Press (Machine),chest,machine,2,normal,23.0,20.0,,,
Workout_217,2025-12-03 02:10:06,Chest,2,Chest Press (Machine),chest,machine,3,normal,23.0,20.0,,,
Workout_217,2025-12-03 02:10:06,Chest,2,Chest Press (Machine),chest,machine,4,normal,26.0,15.0,,,
Workout_217,2025-12-03 02:10:06,Chest,3,Chest Fly (Machine),chest,machine,1,normal,32.0,20.0,,,
Workout_217,2025-12-03 02:10:06,Chest,3,Chest Fly (Machine),chest,machine,2,normal,39.0,20.0,,,
Workout_217,2025-12-03 02:10:06,Chest,3,Chest Fly (Machine),chest,machine,3,normal,39.0,20.0,,,
Workout_217,2025-12-03 02:10:06,Chest,3,Chest Fly (Machine),chest,machine,4,normal,45.0,10.0,,,
Workout_217,2025-12-03 02:10:06,Chest,4,Incline Bench Press (Dumbbell),chest,dumbbell,1,normal,15.0,20.0,,,
Workout_217,2025-12-03 02:10:06,Chest,4,Incline Bench Press (Dumbbell),chest,dumbbell,2,normal,20.0,20.0,,,
Workout_217,2025-12-03 02:10:06,Chest,4,Incline Bench Press (Dumbbell),chest,dumbbell,3,normal,20.0,20.0,,,
Workout_217,2025-12-03 02:10:06,Chest,4,Incline Bench Press (Dumbbell),chest,dumbbell,4,normal,25.0,12.0,,,
Workout_217,2025-12-03 02:10:06,Chest,5,Single Arm Tricep Extension (Dumbbell),triceps,dumbbell,1,normal,15.0,20.0,,,
Workout_217,2025-12-03 02:10:06,Chest,5,Single Arm Tricep Extension (Dumbbell),triceps,dumbbell,2,normal,15.0,20.0,,,
Workout_217,2025-12-03 02:10:06,Chest,5,Single Arm Tricep Extension (Dumbbell),triceps,dumbbell,3,normal,20.0,15.0,,,
Workout_217,2025-12-03 02:10:06,Chest,5,Single Arm Tricep Extension (Dumbbell),triceps,dumbbell,4,normal,20.0,10.0,,,
Workout_217,2025-12-03 02:10:06,Chest,6,Triceps Rope Pushdown,triceps,machine,1,normal,11.3,20.0,,,
Workout_217,2025-12-03 02:10:06,Chest,6,Triceps Rope Pushdown,triceps,machine,2,normal,11.3,20.0,,,
Workout_217,2025-12-03 02:10:06,Chest,6,Triceps Rope Pushdown,triceps,machine,3,normal,13.6,15.0,,,
Workout_217,2025-12-03 02:10:06,Chest,6,Triceps Rope Pushdown,triceps,machine,4,normal,13.6,10.0,,,
Workout_217,2025-12-03 02:10:06,Chest,7,Triceps Extension (Dumbbell),triceps,dumbbell,1,normal,12.5,20.0,,,
Workout_217,2025-12-03 02:10:06,Chest,7,Triceps Extension (Dumbbell),triceps,dumbbell,2,normal,12.5,20.0,,,
Workout_217,2025-12-03 02:10:06,Chest,7,Triceps Extension (Dumbbell),triceps,dumbbell,3,normal,15.0,15.0,,,
Workout_217,2025-12-03 02:10:06,Chest,7,Triceps Extension (Dumbbell),triceps,dumbbell,4,normal,15.0,15.0,,,
Workout_217,2025-12-03 02:10:06,Chest,8,Treadmill,cardio,machine,1,normal,,,,980.0,600.0
Workout_217,2025-12-03 02:10:06,Chest,9,Elliptical Trainer,cardio,machine,1,normal,,,,2800.0,600.0
Workout_218,2025-12-06 02:21:28,Back,1,Warm Up,full_body,none,1,normal,,,,,358.0
Workout_218,2025-12-06 02:21:28,Back,2,Lat Pulldown - Close Grip (Cable),lats,machine,1,normal,23.0,20.0,,,
Workout_218,2025-12-06 02:21:28,Back,2,Lat Pulldown - Close Grip (Cable),lats,machine,2,normal,23.0,20.0,,,
Workout_218,2025-12-06 02:21:28,Back,2,Lat Pulldown - Close Grip (Cable),lats,machine,3,normal,28.0,15.0,,,
Workout_218,2025-12-06 02:21:28,Back,3,Seated Cable Row - V Grip (Cable),upper_back,machine,1,normal,23.0,20.0,,,
Workout_218,2025-12-06 02:21:28,Back,3,Seated Cable Row - V Grip (Cable),upper_back,machine,2,normal,23.0,20.0,,,
Workout_218,2025-12-06 02:21:28,Back,3,Seated Cable Row - V Grip (Cable),upper_back,machine,3,normal,29.0,20.0,,,
Workout_218,2025-12-06 02:21:28,Back,3,Seated Cable Row - V Grip (Cable),upper_back,machine,4,normal,29.0,15.0,,,
Workout_218,2025-12-06 02:21:28,Back,4,Lat Pulldown (Cable),lats,machine,1,normal,32.0,17.0,,,
Workout_218,2025-12-06 02:21:28,Back,4,Lat Pulldown (Cable),lats,machine,2,normal,32.0,20.0,,,
Workout_218,2025-12-06 02:21:28,Back,4,Lat Pulldown (Cable),lats,machine,3,normal,39.0,10.0,,,
Workout_218,2025-12-06 02:21:28,Back,5,Back Extension (Hyperextension),lower_back,machine,1,normal,,20.0,,,
Workout_218,2025-12-06 02:21:28,Back,5,Back Extension (Hyperextension),lower_back,machine,2,normal,,13.0,,,
Workout_218,2025-12-06 02:21:28,Back,5,Back Extension (Hyperextension),lower_back,machine,3,normal,,15.0,,,
Workout_218,2025-12-06 02:21:28,Back,6,Bicep Curl (Barbell),biceps,barbell,1,normal,15.0,20.0,,,
Workout_218,2025-12-06 02:21:28,Back,6,Bicep Curl (Barbell),biceps,barbell,2,normal,15.0,20.0,,,
Workout_218,2025-12-06 02:21:28,Back,6,Bicep Curl (Barbell),biceps,barbell,3,normal,20.0,15.0,,,
Workout_218,2025-12-06 02:21:28,Back,6,Bicep Curl (Barbell),biceps,barbell,4,normal,20.0,10.0,,,
Workout_218,2025-12-06 02:21:28,Back,7,Hammer Curl (Dumbbell),biceps,dumbbell,1,normal,15.0,20.0,,,
Workout_218,2025-12-06 02:21:28,Back,7,Hammer Curl (Dumbbell),biceps,dumbbell,2,normal,15.0,15.0,,,
Workout_218,2025-12-06 02:21:28,Back,7,Hammer Curl (Dumbbell),biceps,dumbbell,3,normal,20.0,10.0,,,
Workout_218,2025-12-06 02:21:28,Back,8,Single Arm Curl (Cable),biceps,machine,1,normal,7.0,20.0,,,
Workout_218,2025-12-06 02:21:28,Back,8,Single Arm Curl (Cable),biceps,machine,2,normal,7.0,20.0,,,
Workout_218,2025-12-06 02:21:28,Back,8,Single Arm Curl (Cable),biceps,machine,3,normal,14.0,15.0,,,
Workout_218,2025-12-06 02:21:28,Back,8,Single Arm Curl (Cable),biceps,machine,4,normal,14.0,15.0,,,
Workout_218,2025-12-06 02:21:28,Back,9,Treadmill,cardio,machine,1,normal,,,,1040.0,600.0
Workout_219,2025-12-07 03:15:01,Shoulder,1,Warm Up,full_body,none,1,normal,,,,,316.0
Workout_219,2025-12-07 03:15:01,Shoulder,2,Lateral Raise (Dumbbell),shoulders,dumbbell,1,normal,15.0,20.0,,,
Workout_219,2025-12-07 03:15:01,Shoulder,2,Lateral Raise (Dumbbell),shoulders,dumbbell,2,normal,15.0,12.0,,,
Workout_219,2025-12-07 03:15:01,Shoulder,2,Lateral Raise (Dumbbell),shoulders,dumbbell,3,normal,15.0,10.0,,,
Workout_219,2025-12-07 03:15:01,Shoulder,3,Front Raise (Barbell),shoulders,barbell,1,normal,10.0,20.0,,,
Workout_219,2025-12-07 03:15:01,Shoulder,3,Front Raise (Barbell),shoulders,barbell,2,normal,10.0,20.0,,,
Workout_219,2025-12-07 03:15:01,Shoulder,3,Front Raise (Barbell),shoulders,barbell,3,normal,15.0,20.0,,,
Workout_219,2025-12-07 03:15:01,Shoulder,3,Front Raise (Barbell),shoulders,barbell,4,normal,15.0,20.0,,,
Workout_219,2025-12-07 03:15:01,Shoulder,4,Rear Delt Reverse Fly (Machine),shoulders,machine,1,normal,32.0,20.0,,,
Workout_219,2025-12-07 03:15:01,Shoulder,4,Rear Delt Reverse Fly (Machine),shoulders,machine,2,normal,32.0,20.0,,,
Workout_219,2025-12-07 03:15:01,Shoulder,4,Rear Delt Reverse Fly (Machine),shoulders,machine,3,normal,39.0,20.0,,,
Workout_219,2025-12-07 03:15:01,Shoulder,4,Rear Delt Reverse Fly (Machine),shoulders,machine,4,normal,39.0,15.0,,,
Workout_219,2025-12-07 03:15:01,Shoulder,5,Seated Shoulder Press (Machine),shoulders,machine,1,normal,18.0,20.0,,,
Workout_219,2025-12-07 03:15:01,Shoulder,5,Seated Shoulder Press (Machine),shoulders,machine,2,normal,18.0,20.0,,,
Workout_219,2025-12-07 03:15:01,Shoulder,5,Seated Shoulder Press (Machine),shoulders,machine,3,normal,23.0,15.0,,,
Workout_219,2025-12-07 03:15:01,Shoulder,5,Seated Shoulder Press (Machine),shoulders,machine,4,normal,23.0,7.0,,,
Workout_219,2025-12-07 03:15:01,Shoulder,6,Shrug (Dumbbell),traps,dumbbell,1,normal,25.0,30.0,,,
Workout_219,2025-12-07 03:15:01,Shoulder,6,Shrug (Dumbbell),traps,dumbbell,2,normal,25.0,30.0,,,
Workout_219,2025-12-07 03:15:01,Shoulder,6,Shrug (Dumbbell),traps,dumbbell,3,normal,30.0,20.0,,,
Workout_219,2025-12-07 03:15:01,Shoulder,6,Shrug (Dumbbell),traps,dumbbell,4,normal,30.0,20.0,,,
Workout_219,2025-12-07 03:15:01,Shoulder,7,Treadmill,cardio,machine,1,normal,,,,910.0,600.0
Workout_219,2025-12-07 03:15:01,Shoulder,8,Elliptical Trainer,cardio,machine,1,normal,,,,2300.0,600.0
Workout_220,2025-12-08 02:21:54,Legs,1,Warm Up,full_body,none,1,normal,,,,,258.0
Workout_220,2025-12-08 02:21:54,Legs,2,Leg Extension (Machine),quadriceps,machine,1,normal,18.0,20.0,,,
Workout_220,2025-12-08 02:21:54,Legs,2,Leg Extension (Machine),quadriceps,machine,2,normal,29.0,20.0,,,
Workout_220,2025-12-08 02:21:54,Legs,2,Leg Extension (Machine),quadriceps,machine,3,normal,29.0,20.0,,,
Workout_220,2025-12-08 02:21:54,Legs,2,Leg Extension (Machine),quadriceps,machine,4,normal,29.0,20.0,,,
Workout_220,2025-12-08 02:21:54,Legs,3,Lunge (Dumbbell),quadriceps,dumbbell,1,normal,5.0,10.0,,,
Workout_220,2025-12-08 02:21:54,Legs,3,Lunge (Dumbbell),quadriceps,dumbbell,2,normal,5.0,3.0,,,
Workout_220,2025-12-08 02:21:54,Legs,3,Lunge (Dumbbell),quadriceps,dumbbell,3,normal,10.0,15.0,,,
Workout_220,2025-12-08 02:21:54,Legs,3,Lunge (Dumbbell),quadriceps,dumbbell,4,normal,10.0,15.0,,,
Workout_220,2025-12-08 02:21:54,Legs,4,Leg Press (Machine),quadriceps,machine,1,normal,40.0,20.0,,,
Workout_220,2025-12-08 02:21:54,Legs,4,Leg Press (Machine),quadriceps,machine,2,normal,40.0,20.0,,,
Workout_220,2025-12-08 02:21:54,Legs,4,Leg Press (Machine),quadriceps,machine,3,normal,50.0,15.0,,,
Workout_220,2025-12-08 02:21:54,Legs,4,Leg Press (Machine),quadriceps,machine,4,normal,50.0,15.0,,,
Workout_220,2025-12-08 02:21:54,Legs,5,Squat (Smith Machine),quadriceps,machine,1,normal,10.0,10.0,,,
Workout_220,2025-12-08 02:21:54,Legs,5,Squat (Smith Machine),quadriceps,machine,2,normal,10.0,10.0,,,
Workout_220,2025-12-08 02:21:54,Legs,5,Squat (Smith Machine),quadriceps,machine,3,normal,10.0,15.0,,,
Workout_220,2025-12-08 02:21:54,Legs,5,Squat (Smith Machine),quadriceps,machine,4,normal,10.0,10.0,,,
Workout_220,2025-12-08 02:21:54,Legs,6,Seated Calf Raise,calves,machine,1,normal,20.0,30.0,,,
Workout_220,2025-12-08 02:21:54,Legs,6,Seated Calf Raise,calves,machine,2,normal,20.0,30.0,,,
Workout_220,2025-12-08 02:21:54,Legs,6,Seated Calf Raise,calves,machine,3,normal,25.0,30.0,,,
Workout_220,2025-12-08 02:21:54,Legs,6,Seated Calf Raise,calves,machine,4,normal,25.0,30.0,,,
Workout_221,2025-12-09 02:40:20,Chest,1,Warm Up,full_body,none,1,normal,,,,,431.0
Workout_221,2025-12-09 02:40:20,Chest,2,Bench Press (Barbell),chest,barbell,1,normal,30.0,20.0,,,
Workout_221,2025-12-09 02:40:20,Chest,2,Bench Press (Barbell),chest,barbell,2,normal,35.0,15.0,,,
Workout_221,2025-12-09 02:40:20,Chest,2,Bench Press (Barbell),chest,barbell,3,normal,35.0,10.0,,,
Workout_221,2025-12-09 02:40:20,Chest,3,Incline Chest Fly (Dumbbell),chest,dumbbell,1,normal,10.0,20.0,,,
Workout_221,2025-12-09 02:40:20,Chest,3,Incline Chest Fly (Dumbbell),chest,dumbbell,2,normal,15.0,15.0,,,
Workout_221,2025-12-09 02:40:20,Chest,3,Incline Chest Fly (Dumbbell),chest,dumbbell,3,normal,15.0,15.0,,,
Workout_221,2025-12-09 02:40:20,Chest,4,Chest Press (Machine),chest,machine,1,normal,18.0,20.0,,,
Workout_221,2025-12-09 02:40:20,Chest,4,Chest Press (Machine),chest,machine,2,normal,23.0,15.0,,,
Workout_221,2025-12-09 02:40:20,Chest,4,Chest Press (Machine),chest,machine,3,normal,23.0,15.0,,,
Workout_221,2025-12-09 02:40:20,Chest,5,Chest Fly (Machine),chest,machine,1,normal,32.0,20.0,,,
Workout_221,2025-12-09 02:40:20,Chest,5,Chest Fly (Machine),chest,machine,2,normal,39.0,20.0,,,
Workout_221,2025-12-09 02:40:20,Chest,5,Chest Fly (Machine),chest,machine,3,normal,39.0,20.0,,,
Workout_221,2025-12-09 02:40:20,Chest,5,Chest Fly (Machine),chest,machine,4,normal,39.0,10.0,,,
Workout_221,2025-12-09 02:40:20,Chest,6,Triceps Extension (Dumbbell),triceps,dumbbell,1,normal,12.5,20.0,,,
Workout_221,2025-12-09 02:40:20,Chest,6,Triceps Extension (Dumbbell),triceps,dumbbell,2,normal,12.5,20.0,,,
Workout_221,2025-12-09 02:40:20,Chest,6,Triceps Extension (Dumbbell),triceps,dumbbell,3,normal,15.0,10.0,,,
Workout_221,2025-12-09 02:40:20,Chest,6,Triceps Extension (Dumbbell),triceps,dumbbell,4,normal,15.0,10.0,,,
Workout_221,2025-12-09 02:40:20,Chest,7,Triceps Rope Pushdown,triceps,machine,1,normal,11.3,20.0,,,
Workout_221,2025-12-09 02:40:20,Chest,7,Triceps Rope Pushdown,triceps,machine,2,normal,11.3,20.0,,,
Workout_221,2025-12-09 02:40:20,Chest,7,Triceps Rope Pushdown,triceps,machine,3,normal,13.6,15.0,,,
Workout_221,2025-12-09 02:40:20,Chest,7,Triceps Rope Pushdown,triceps,machine,4,normal,13.6,10.0,,,
Workout_221,2025-12-09 02:40:20,Chest,8,Elliptical Trainer,cardio,machine,1,normal,,,,2000.0,540.0
Workout_221,2025-12-09 02:40:20,Chest,9,Treadmill,cardio,machine,1,normal,,,,870.0,600.0
Workout_222,2025-12-10 02:28:18,Back,1,Warm Up,full_body,none,1,normal,,,,,484.0
Workout_222,2025-12-10 02:28:18,Back,2,Bent Over Row (Barbell),upper_back,barbell,1,normal,15.0,20.0,,,
Workout_222,2025-12-10 02:28:18,Back,2,Bent Over Row (Barbell),upper_back,barbell,2,normal,20.0,20.0,,,
Workout_222,2025-12-10 02:28:18,Back,2,Bent Over Row (Barbell),upper_back,barbell,3,normal,20.0,20.0,,,
Workout_222,2025-12-10 02:28:18,Back,2,Bent Over Row (Barbell),upper_back,barbell,4,normal,25.0,20.0,,,
Workout_222,2025-12-10 02:28:18,Back,3,Lat Pulldown (Cable),lats,machine,1,normal,29.0,20.0,,,
Workout_222,2025-12-10 02:28:18,Back,3,Lat Pulldown (Cable),lats,machine,2,normal,29.0,20.0,,,
Workout_222,2025-12-10 02:28:18,Back,3,Lat Pulldown (Cable),lats,machine,3,normal,36.0,10.0,,,
Workout_222,2025-12-10 02:28:18,Back,3,Lat Pulldown (Cable),lats,machine,4,normal,29.0,20.0,,,
Workout_222,2025-12-10 02:28:18,Back,4,Dumbbell Row,lats,dumbbell,1,normal,15.0,20.0,,,
Workout_222,2025-12-10 02:28:18,Back,4,Dumbbell Row,lats,dumbbell,2,normal,20.0,10.0,,,
Workout_222,2025-12-10 02:28:18,Back,4,Dumbbell Row,lats,dumbbell,3,normal,20.0,15.0,,,
Workout_222,2025-12-10 02:28:18,Back,4,Dumbbell Row,lats,dumbbell,4,normal,20.0,15.0,,,
Workout_222,2025-12-10 02:28:18,Back,5,Straight Arm Lat Pulldown (Cable),lats,machine,1,normal,9.6,20.0,,,
Workout_222,2025-12-10 02:28:18,Back,5,Straight Arm Lat Pulldown (Cable),lats,machine,2,normal,11.3,20.0,,,
Workout_222,2025-12-10 02:28:18,Back,5,Straight Arm Lat Pulldown (Cable),lats,machine,3,normal,11.3,20.0,,,
Workout_222,2025-12-10 02:28:18,Back,5,Straight Arm Lat Pulldown (Cable),lats,machine,4,normal,13.6,10.0,,,
Workout_222,2025-12-10 02:28:18,Back,6,Back Extension (Hyperextension),lower_back,machine,1,normal,,15.0,,,
Workout_222,2025-12-10 02:28:18,Back,6,Back Extension (Hyperextension),lower_back,machine,2,normal,,15.0,,,
Workout_222,2025-12-10 02:28:18,Back,6,Back Extension (Hyperextension),lower_back,machine,3,normal,,15.0,,,
Workout_222,2025-12-10 02:28:18,Back,6,Back Extension (Hyperextension),lower_back,machine,4,normal,,15.0,,,
Workout_222,2025-12-10 02:28:18,Back,7,Bicep Curl (Dumbbell),biceps,dumbbell,1,normal,15.0,20.0,,,
Workout_222,2025-12-10 02:28:18,Back,7,Bicep Curl (Dumbbell),biceps,dumbbell,2,normal,15.0,20.0,,,
Workout_222,2025-12-10 02:28:18,Back,7,Bicep Curl (Dumbbell),biceps,dumbbell,3,normal,20.0,15.0,,,
Workout_222,2025-12-10 02:28:18,Back,7,Bicep Curl (Dumbbell),biceps,dumbbell,4,normal,20.0,15.0,,,
Workout_222,2025-12-10 02:28:18,Back,8,Reverse Curl (Barbell),biceps,barbell,1,normal,10.0,20.0,,,
Workout_222,2025-12-10 02:28:18,Back,8,Reverse Curl (Barbell),biceps,barbell,2,normal,15.0,10.0,,,
Workout_222,2025-12-10 02:28:18,Back,8,Reverse Curl (Barbell),biceps,barbell,3,normal,15.0,15.0,,,
Workout_222,2025-12-10 02:28:18,Back,8,Reverse Curl (Barbell),biceps,barbell,4,normal,15.0,10.0,,,
Workout_222,2025-12-10 02:28:18,Back,9,Treadmill,cardio,machine,1,normal,,,,1010.0,600.0
Workout_223,2025-12-14 02:17:31,Shoulder,1,Warm Up,full_body,none,1,normal,,,,,372.0
Workout_223,2025-12-14 02:17:31,Shoulder,2,Front Raise (Dumbbell),shoulders,dumbbell,1,normal,15.0,10.0,,,
Workout_223,2025-12-14 02:17:31,Shoulder,2,Front Raise (Dumbbell),shoulders,dumbbell,2,normal,10.0,15.0,,,
Workout_223,2025-12-14 02:17:31,Shoulder,2,Front Raise (Dumbbell),shoulders,dumbbell,3,normal,10.0,15.0,,,
Workout_223,2025-12-14 02:17:31,Shoulder,2,Front Raise (Dumbbell),shoulders,dumbbell,4,normal,15.0,4.0,,,
Workout_223,2025-12-14 02:17:31,Shoulder,3,Seated Shoulder Press (Machine),shoulders,machine,1,normal,18.0,15.0,,,
Workout_223,2025-12-14 02:17:31,Shoulder,3,Seated Shoulder Press (Machine),shoulders,machine,2,normal,18.0,15.0,,,
Workout_223,2025-12-14 02:17:31,Shoulder,3,Seated Shoulder Press (Machine),shoulders,machine,3,normal,23.0,10.0,,,
Workout_223,2025-12-14 02:17:31,Shoulder,3,Seated Shoulder Press (Machine),shoulders,machine,4,normal,23.0,5.0,,,
Workout_223,2025-12-14 02:17:31,Shoulder,4,Face Pull,shoulders,machine,1,normal,11.3,20.0,,,
Workout_223,2025-12-14 02:17:31,Shoulder,4,Face Pull,shoulders,machine,2,normal,11.3,20.0,,,
Workout_223,2025-12-14 02:17:31,Shoulder,4,Face Pull,shoulders,machine,3,normal,13.6,15.0,,,
Workout_223,2025-12-14 02:17:31,Shoulder,4,Face Pull,shoulders,machine,4,normal,13.6,15.0,,,
Workout_223,2025-12-14 02:17:31,Shoulder,5,Rear Delt Reverse Fly (Machine),shoulders,machine,1,normal,32.0,20.0,,,
Workout_223,2025-12-14 02:17:31,Shoulder,5,Rear Delt Reverse Fly (Machine),shoulders,machine,2,normal,32.0,20.0,,,
Workout_223,2025-12-14 02:17:31,Shoulder,5,Rear Delt Reverse Fly (Machine),shoulders,machine,3,normal,39.0,10.0,,,
Workout_223,2025-12-14 02:17:31,Shoulder,5,Rear Delt Reverse Fly (Machine),shoulders,machine,4,normal,39.0,10.0,,,
Workout_223,2025-12-14 02:17:31,Shoulder,6,Shrug (Dumbbell),traps,dumbbell,1,normal,25.0,30.0,,,
Workout_223,2025-12-14 02:17:31,Shoulder,6,Shrug (Dumbbell),traps,dumbbell,2,normal,25.0,30.0,,,
Workout_223,2025-12-14 02:17:31,Shoulder,6,Shrug (Dumbbell),traps,dumbbell,3,normal,30.0,20.0,,,
Workout_223,2025-12-14 02:17:31,Shoulder,6,Shrug (Dumbbell),traps,dumbbell,4,normal,30.0,20.0,,,
Workout_223,2025-12-14 02:17:31,Shoulder,7,Treadmill,cardio,machine,1,normal,,,,990.0,600.0
Workout_223,2025-12-14 02:17:31,Shoulder,8,Elliptical Trainer,cardio,machine,1,normal,,,,2400.0,600.0
Workout_224,2025-12-15 02:46:15,Legs,1,Warm Up,full_body,none,1,normal,,,,,384.0
Workout_224,2025-12-15 02:46:15,Legs,2,Spinning,cardio,machine,1,normal,,,,,300.0
Workout_224,2025-12-15 02:46:15,Legs,3,Squat (Bodyweight),quadriceps,none,1,normal,,20.0,,,
Workout_224,2025-12-15 02:46:15,Legs,3,Squat (Bodyweight),quadriceps,none,2,normal,,20.0,,,
Workout_224,2025-12-15 02:46:15,Legs,3,Squat (Bodyweight),quadriceps,none,3,normal,,20.0,,,
Workout_224,2025-12-15 02:46:15,Legs,3,Squat (Bodyweight),quadriceps,none,4,normal,,20.0,,,
Workout_224,2025-12-15 02:46:15,Legs,3,Squat (Bodyweight),quadriceps,none,5,normal,,20.0,,,
Workout_224,2025-12-15 02:46:15,Legs,4,Leg Extension (Machine),quadriceps,machine,1,normal,29.0,20.0,,,
Workout_224,2025-12-15 02:46:15,Legs,4,Leg Extension (Machine),quadriceps,machine,2,normal,29.0,20.0,,,
Workout_224,2025-12-15 02:46:15,Legs,4,Leg Extension (Machine),quadriceps,machine,3,normal,36.0,10.0,,,
Workout_224,2025-12-15 02:46:15,Legs,4,Leg Extension (Machine),quadriceps,machine,4,normal,36.0,15.0,,,
Workout_224,2025-12-15 02:46:15,Legs,5,Leg Press (Machine),quadriceps,machine,1,normal,40.0,10.0,,,
Workout_224,2025-12-15 02:46:15,Legs,5,Leg Press (Machine),quadriceps,machine,2,normal,40.0,15.0,,,
Workout_224,2025-12-15 02:46:15,Legs,5,Leg Press (Machine),quadriceps,machine,3,normal,50.0,10.0,,,
Workout_224,2025-12-15 02:46:15,Legs,5,Leg Press (Machine),quadriceps,machine,4,normal,50.0,15.0,,,
Workout_224,2025-12-15 02:46:15,Legs,6,Walking Lunge,quadriceps,none,1,normal,,30.0,,,
Workout_224,2025-12-15 02:46:15,Legs,6,Walking Lunge,quadriceps,none,2,normal,,30.0,,,
Workout_224,2025-12-15 02:46:15,Legs,6,Walking Lunge,quadriceps,none,3,normal,,30.0,,,
Workout_224,2025-12-15 02:46:15,Legs,7,Standing Calf Raise,calves,none,1,normal,,25.0,,,
Workout_224,2025-12-15 02:46:15,Legs,7,Standing Calf Raise,calves,none,2,normal,,25.0,,,
Workout_224,2025-12-15 02:46:15,Legs,7,Standing Calf Raise,calves,none,3,normal,,25.0,,,
Workout_224,2025-12-15 02:46:15,Legs,7,Standing Calf Raise,calves,none,4,normal,,25.0,,,
Workout_224,2025-12-15 02:46:15,Legs,7,Standing Calf Raise,calves,none,5,normal,,25.0,,,
Workout_225,2025-12-16 02:35:40,Chest,1,Warm Up,full_body,none,1,normal,,,,,311.0
Workout_225,2025-12-16 02:35:40,Chest,2,Bench Press (Dumbbell),chest,dumbbell,1,normal,15.0,20.0,,,
Workout_225,2025-12-16 02:35:40,Chest,2,Bench Press (Dumbbell),chest,dumbbell,2,normal,15.0,20.0,,,
Workout_225,2025-12-16 02:35:40,Chest,2,Bench Press (Dumbbell),chest,dumbbell,3,normal,20.0,11.0,,,
Workout_225,2025-12-16 02:35:40,Chest,2,Bench Press (Dumbbell),chest,dumbbell,4,normal,20.0,15.0,,,
Workout_225,2025-12-16 02:35:40,Chest,3,Chest Fly (Machine),chest,machine,1,normal,32.0,20.0,,,
Workout_225,2025-12-16 02:35:40,Chest,3,Chest Fly (Machine),chest,machine,2,normal,32.0,20.0,,,
Workout_225,2025-12-16 02:35:40,Chest,3,Chest Fly (Machine),chest,machine,3,normal,39.0,15.0,,,
Workout_225,2025-12-16 02:35:40,Chest,3,Chest Fly (Machine),chest,machine,4,normal,39.0,15.0,,,
Workout_225,2025-12-16 02:35:40,Chest,4,Incline Bench Press (Dumbbell),chest,dumbbell,1,normal,15.0,20.0,,,
Workout_225,2025-12-16 02:35:40,Chest,4,Incline Bench Press (Dumbbell),chest,dumbbell,2,normal,15.0,20.0,,,
Workout_225,2025-12-16 02:35:40,Chest,4,Incline Bench Press (Dumbbell),chest,dumbbell,3,normal,20.0,15.0,,,
Workout_225,2025-12-16 02:35:40,Chest,4,Incline Bench Press (Dumbbell),chest,dumbbell,4,normal,20.0,15.0,,,
Workout_225,2025-12-16 02:35:40,Chest,5,Chest Press (Machine),chest,machine,1,normal,26.0,15.0,,,
Workout_225,2025-12-16 02:35:40,Chest,5,Chest Press (Machine),chest,machine,2,normal,26.0,15.0,,,
Workout_225,2025-12-16 02:35:40,Chest,5,Chest Press (Machine),chest,machine,3,normal,32.0,10.0,,,
Workout_225,2025-12-16 02:35:40,Chest,6,Triceps Extension (Dumbbell),triceps,dumbbell,1,normal,12.5,15.0,,,
Workout_225,2025-12-16 02:35:40,Chest,6,Triceps Extension (Dumbbell),triceps,dumbbell,2,normal,12.5,20.0,,,
Workout_225,2025-12-16 02:35:40,Chest,6,Triceps Extension (Dumbbell),triceps,dumbbell,3,normal,15.0,15.0,,,
Workout_225,2025-12-16 02:35:40,Chest,6,Triceps Extension (Dumbbell),triceps,dumbbell,4,normal,15.0,15.0,,,
Workout_225,2025-12-16 02:35:40,Chest,7,Triceps Rope Pushdown,triceps,machine,1,normal,9.3,15.0,,,
Workout_225,2025-12-16 02:35:40,Chest,7,Triceps Rope Pushdown,triceps,machine,2,normal,3.6,20.0,,,
Workout_225,2025-12-16 02:35:40,Chest,7,Triceps Rope Pushdown,triceps,machine,3,normal,3.6,20.0,,,
Workout_225,2025-12-16 02:35:40,Chest,7,Triceps Rope Pushdown,triceps,machine,4,normal,9.6,15.0,,,
Workout_225,2025-12-16 02:35:40,Chest,8,Treadmill,cardio,machine,1,normal,,,,980.0,600.0
Workout_226,2025-12-17 02:27:22,Back,1,Warm Up,full_body,none,1,normal,,,,,388.0
Workout_226,2025-12-17 02:27:22,Back,2,Bent Over Row (Barbell),upper_back,barbell,1,normal,20.0,20.0,,,
Workout_226,2025-12-17 02:27:22,Back,2,Bent Over Row (Barbell),upper_back,barbell,2,normal,20.0,20.0,,,
Workout_226,2025-12-17 02:27:22,Back,2,Bent Over Row (Barbell),upper_back,barbell,3,normal,25.0,15.0,,,
Workout_226,2025-12-17 02:27:22,Back,2,Bent Over Row (Barbell),upper_back,barbell,4,normal,25.0,20.0,,,
Workout_226,2025-12-17 02:27:22,Back,3,Lat Pulldown (Cable),lats,machine,1,normal,32.0,20.0,,,
Workout_226,2025-12-17 02:27:22,Back,3,Lat Pulldown (Cable),lats,machine,2,normal,32.0,15.0,,,
Workout_226,2025-12-17 02:27:22,Back,3,Lat Pulldown (Cable),lats,machine,3,normal,39.0,7.0,,,
Workout_226,2025-12-17 02:27:22,Back,3,Lat Pulldown (Cable),lats,machine,4,normal,39.0,7.0,,,
Workout_226,2025-12-17 02:27:22,Back,4,Dumbbell Row,lats,dumbbell,1,normal,15.0,20.0,,,
Workout_226,2025-12-17 02:27:22,Back,4,Dumbbell Row,lats,dumbbell,2,normal,15.0,20.0,,,
Workout_226,2025-12-17 02:27:22,Back,4,Dumbbell Row,lats,dumbbell,3,normal,20.0,15.0,,,
Workout_226,2025-12-17 02:27:22,Back,4,Dumbbell Row,lats,dumbbell,4,normal,20.0,20.0,,,
Workout_226,2025-12-17 02:27:22,Back,5,Straight Arm Lat Pulldown (Cable),lats,machine,1,normal,13.6,20.0,,,
Workout_226,2025-12-17 02:27:22,Back,5,Straight Arm Lat Pulldown (Cable),lats,machine,2,normal,13.6,20.0,,,
Workout_226,2025-12-17 02:27:22,Back,5,Straight Arm Lat Pulldown (Cable),lats,machine,3,normal,16.3,7.0,,,
Workout_226,2025-12-17 02:27:22,Back,5,Straight Arm Lat Pulldown (Cable),lats,machine,4,normal,13.6,7.0,,,
Workout_226,2025-12-17 02:27:22,Back,6,Back Extension (Hyperextension),lower_back,machine,1,normal,,15.0,,,
Workout_226,2025-12-17 02:27:22,Back,6,Back Extension (Hyperextension),lower_back,machine,2,normal,,15.0,,,
Workout_226,2025-12-17 02:27:22,Back,6,Back Extension (Hyperextension),lower_back,machine,3,normal,,15.0,,,
Workout_226,2025-12-17 02:27:22,Back,6,Back Extension (Hyperextension),lower_back,machine,4,normal,,15.0,,,
Workout_226,2025-12-17 02:27:22,Back,7,Bicep Curl (Dumbbell),biceps,dumbbell,1,normal,15.0,20.0,,,
Workout_226,2025-12-17 02:27:22,Back,7,Bicep Curl (Dumbbell),biceps,dumbbell,2,normal,15.0,20.0,,,
Workout_226,2025-12-17 02:27:22,Back,7,Bicep Curl (Dumbbell),biceps,dumbbell,3,normal,20.0,10.0,,,
Workout_226,2025-12-17 02:27:22,Back,7,Bicep Curl (Dumbbell),biceps,dumbbell,4,normal,20.0,10.0,,,
Workout_226,2025-12-17 02:27:22,Back,8,Treadmill,cardio,machine,1,normal,,,,1060.0,600.0
Workout_227,2025-12-20 02:38:11,Shoulder,1,Warm Up,full_body,none,1,normal,,,,,351.0
Workout_227,2025-12-20 02:38:11,Shoulder,2,Overhead Press (Barbell),shoulders,barbell,1,normal,20.0,20.0,,,
Workout_227,2025-12-20 02:38:11,Shoulder,2,Overhead Press (Barbell),shoulders,barbell,2,normal,20.0,20.0,,,
Workout_227,2025-12-20 02:38:11,Shoulder,2,Overhead Press (Barbell),shoulders,barbell,3,normal,22.5,10.0,,,
Workout_227,2025-12-20 02:38:11,Shoulder,2,Overhead Press (Barbell),shoulders,barbell,4,normal,20.0,20.0,,,
Workout_227,2025-12-20 02:38:11,Shoulder,3,Face Pull,shoulders,machine,1,normal,9.6,20.0,,,
Workout_227,2025-12-20 02:38:11,Shoulder,3,Face Pull,shoulders,machine,2,normal,11.3,20.0,,,
Workout_227,2025-12-20 02:38:11,Shoulder,3,Face Pull,shoulders,machine,3,normal,13.6,20.0,,,
Workout_227,2025-12-20 02:38:11,Shoulder,3,Face Pull,shoulders,machine,4,normal,13.6,20.0,,,
Workout_227,2025-12-20 02:38:11,Shoulder,4,Lateral Raise (Dumbbell),shoulders,dumbbell,1,normal,15.0,20.0,,,
Workout_227,2025-12-20 02:38:11,Shoulder,4,Lateral Raise (Dumbbell),shoulders,dumbbell,2,normal,15.0,20.0,,,
Workout_227,2025-12-20 02:38:11,Shoulder,4,Lateral Raise (Dumbbell),shoulders,dumbbell,3,normal,15.0,10.0,,,
Workout_227,2025-12-20 02:38:11,Shoulder,4,Lateral Raise (Dumbbell),shoulders,dumbbell,4,normal,15.0,10.0,,,
Workout_227,2025-12-20 02:38:11,Shoulder,5,Shoulder Press (Dumbbell),shoulders,dumbbell,1,normal,10.0,20.0,,,
Workout_227,2025-12-20 02:38:11,Shoulder,5,Shoulder Press (Dumbbell),shoulders,dumbbell,2,normal,15.0,20.0,,,
Workout_227,2025-12-20 02:38:11,Shoulder,5,Shoulder Press (Dumbbell),shoulders,dumbbell,3,normal,15.0,20.0,,,
Workout_227,2025-12-20 02:38:11,Shoulder,5,Shoulder Press (Dumbbell),shoulders,dumbbell,4,normal,20.0,10.0,,,
Workout_227,2025-12-20 02:38:11,Shoulder,6,Shrug (Dumbbell),traps,dumbbell,1,normal,25.0,30.0,,,
Workout_227,2025-12-20 02:38:11,Shoulder,6,Shrug (Dumbbell),traps,dumbbell,2,normal,25.0,30.0,,,
Workout_227,2025-12-20 02:38:11,Shoulder,6,Shrug (Dumbbell),traps,dumbbell,3,normal,30.0,20.0,,,
Workout_227,2025-12-20 02:38:11,Shoulder,6,Shrug (Dumbbell),traps,dumbbell,4,normal,30.0,20.0,,,
Workout_227,2025-12-20 02:38:11,Shoulder,7,Elliptical Trainer,cardio,machine,1,normal,,,,2300.0,600.0
Workout_227,2025-12-20 02:38:11,Shoulder,8,Treadmill,cardio,machine,1,normal,,,,980.0,600.0
Workout_228,2025-12-22 01:35:04,Legs,1,Warm Up,full_body,none,1,normal,,,,,370.0
Workout_228,2025-12-22 01:35:04,Legs,2,Squat (Smith Machine),quadriceps,machine,1,normal,30.0,10.0,,,
Workout_228,2025-12-22 01:35:04,Legs,2,Squat (Smith Machine),quadriceps,machine,2,normal,30.0,10.0,,,
Workout_228,2025-12-22 01:35:04,Legs,2,Squat (Smith Machine),quadriceps,machine,3,normal,30.0,10.0,,,
Workout_228,2025-12-22 01:35:04,Legs,2,Squat (Smith Machine),quadriceps,machine,4,normal,30.0,10.0,,,
Workout_228,2025-12-22 01:35:04,Legs,3,Leg Press (Machine),quadriceps,machine,1,normal,50.0,20.0,,,
Workout_228,2025-12-22 01:35:04,Legs,3,Leg Press (Machine),quadriceps,machine,2,normal,50.0,20.0,,,
Workout_228,2025-12-22 01:35:04,Legs,3,Leg Press (Machine),quadriceps,machine,3,normal,60.0,10.0,,,
Workout_228,2025-12-22 01:35:04,Legs,3,Leg Press (Machine),quadriceps,machine,4,normal,60.0,15.0,,,
Workout_228,2025-12-22 01:35:04,Legs,4,Walking Lunge,quadriceps,none,1,normal,,30.0,,,
Workout_228,2025-12-22 01:35:04,Legs,4,Walking Lunge,quadriceps,none,2,normal,,30.0,,,
Workout_228,2025-12-22 01:35:04,Legs,4,Walking Lunge,quadriceps,none,3,normal,,30.0,,,
Workout_228,2025-12-22 01:35:04,Legs,4,Walking Lunge,quadriceps,none,4,normal,,30.0,,,
Workout_228,2025-12-22 01:35:04,Legs,5,Leg Extension (Machine),quadriceps,machine,1,normal,29.0,20.0,,,
Workout_228,2025-12-22 01:35:04,Legs,5,Leg Extension (Machine),quadriceps,machine,2,normal,29.0,15.0,,,
Workout_228,2025-12-22 01:35:04,Legs,5,Leg Extension (Machine),quadriceps,machine,3,normal,23.0,10.0,,,
Workout_228,2025-12-22 01:35:04,Legs,5,Leg Extension (Machine),quadriceps,machine,4,normal,23.0,10.0,,,
Workout_228,2025-12-22 01:35:04,Legs,6,Seated Leg Curl (Machine),hamstrings,machine,1,normal,23.0,20.0,,,
Workout_228,2025-12-22 01:35:04,Legs,6,Seated Leg Curl (Machine),hamstrings,machine,2,normal,23.0,20.0,,,
Workout_228,2025-12-22 01:35:04,Legs,6,Seated Leg Curl (Machine),hamstrings,machine,3,normal,29.0,15.0,,,
Workout_228,2025-12-22 01:35:04,Legs,7,Standing Calf Raise,calves,none,1,normal,,25.0,,,
Workout_228,2025-12-22 01:35:04,Legs,7,Standing Calf Raise,calves,none,2,normal,,20.0,,,
Workout_228,2025-12-22 01:35:04,Legs,7,Standing Calf Raise,calves,none,3,normal,,20.0,,,
Workout_228,2025-12-22 01:35:04,Legs,7,Standing Calf Raise,calves,none,4,normal,,20.0,,,
Workout_229,2025-12-23 02:21:57,Chest,1,Warm Up,full_body,none,1,normal,,,,,480.0
Workout_229,2025-12-23 02:21:57,Chest,2,Bench Press (Dumbbell),chest,dumbbell,1,normal,15.0,20.0,,,
Workout_229,2025-12-23 02:21:57,Chest,2,Bench Press (Dumbbell),chest,dumbbell,2,normal,15.0,20.0,,,
Workout_229,2025-12-23 02:21:57,Chest,2,Bench Press (Dumbbell),chest,dumbbell,3,normal,20.0,15.0,,,
Workout_229,2025-12-23 02:21:57,Chest,2,Bench Press (Dumbbell),chest,dumbbell,4,normal,20.0,15.0,,,
Workout_229,2025-12-23 02:21:57,Chest,3,Chest Fly (Machine),chest,machine,1,normal,32.0,20.0,,,
Workout_229,2025-12-23 02:21:57,Chest,3,Chest Fly (Machine),chest,machine,2,normal,32.0,20.0,,,
Workout_229,2025-12-23 02:21:57,Chest,3,Chest Fly (Machine),chest,machine,3,normal,39.0,15.0,,,
Workout_229,2025-12-23 02:21:57,Chest,3,Chest Fly (Machine),chest,machine,4,normal,39.0,15.0,,,
Workout_229,2025-12-23 02:21:57,Chest,4,Incline Bench Press (Dumbbell),chest,dumbbell,1,normal,15.0,20.0,,,
Workout_229,2025-12-23 02:21:57,Chest,4,Incline Bench Press (Dumbbell),chest,dumbbell,2,normal,15.0,20.0,,,
Workout_229,2025-12-23 02:21:57,Chest,4,Incline Bench Press (Dumbbell),chest,dumbbell,3,normal,20.0,15.0,,,
Workout_229,2025-12-23 02:21:57,Chest,4,Incline Bench Press (Dumbbell),chest,dumbbell,4,normal,20.0,15.0,,,
Workout_229,2025-12-23 02:21:57,Chest,5,Triceps Rope Pushdown,triceps,machine,1,normal,9.1,20.0,,,
Workout_229,2025-12-23 02:21:57,Chest,5,Triceps Rope Pushdown,triceps,machine,2,normal,11.3,15.0,,,
Workout_229,2025-12-23 02:21:57,Chest,5,Triceps Rope Pushdown,triceps,machine,3,normal,11.3,15.0,,,
Workout_229,2025-12-23 02:21:57,Chest,5,Triceps Rope Pushdown,triceps,machine,4,normal,13.6,10.0,,,
Workout_229,2025-12-23 02:21:57,Chest,6,Triceps Extension (Dumbbell),triceps,dumbbell,1,normal,12.5,15.0,,,
Workout_229,2025-12-23 02:21:57,Chest,6,Triceps Extension (Dumbbell),triceps,dumbbell,2,normal,12.5,15.0,,,
Workout_229,2025-12-23 02:21:57,Chest,6,Triceps Extension (Dumbbell),triceps,dumbbell,3,normal,12.5,15.0,,,
Workout_229,2025-12-23 02:21:57,Chest,6,Triceps Extension (Dumbbell),triceps,dumbbell,4,normal,15.0,10.0,,,
Workout_229,2025-12-23 02:21:57,Chest,7,Triceps Kickback (Dumbbell),triceps,dumbbell,1,normal,15.0,20.0,,,
Workout_229,2025-12-23 02:21:57,Chest,7,Triceps Kickback (Dumbbell),triceps,dumbbell,2,normal,15.0,20.0,,,
Workout_229,2025-12-23 02:21:57,Chest,7,Triceps Kickback (Dumbbell),triceps,dumbbell,3,normal,20.0,15.0,,,
Workout_229,2025-12-23 02:21:57,Chest,7,Triceps Kickback (Dumbbell),triceps,dumbbell,4,normal,20.0,15.0,,,
Workout_229,2025-12-23 02:21:57,Chest,8,Treadmill,cardio,machine,1,normal,,,,970.0,600.0
Workout_229,2025-12-23 02:21:57,Chest,9,Elliptical Trainer,cardio,machine,1,normal,,,,2400.0,600.0
Workout_230,2025-12-24 02:29:30,Back,1,Warm Up,full_body,none,1,normal,,,,,387.0
Workout_230,2025-12-24 02:29:30,Back,2,Lat Pulldown (Cable),lats,machine,1,normal,29.0,20.0,,,
Workout_230,2025-12-24 02:29:30,Back,2,Lat Pulldown (Cable),lats,machine,2,normal,29.0,20.0,,,
Workout_230,2025-12-24 02:29:30,Back,2,Lat Pulldown (Cable),lats,machine,3,normal,36.0,10.0,,,
Workout_230,2025-12-24 02:29:30,Back,2,Lat Pulldown (Cable),lats,machine,4,normal,36.0,10.0,,,
Workout_230,2025-12-24 02:29:30,Back,3,Dumbbell Row,lats,dumbbell,1,normal,15.0,20.0,,,
Workout_230,2025-12-24 02:29:30,Back,3,Dumbbell Row,lats,dumbbell,2,normal,15.0,20.0,,,
Workout_230,2025-12-24 02:29:30,Back,3,Dumbbell Row,lats,dumbbell,3,normal,20.0,20.0,,,
Workout_230,2025-12-24 02:29:30,Back,3,Dumbbell Row,lats,dumbbell,4,normal,20.0,15.0,,,
Workout_230,2025-12-24 02:29:30,Back,4,Straight Arm Lat Pulldown (Cable),lats,machine,1,normal,9.6,20.0,,,
Workout_230,2025-12-24 02:29:30,Back,4,Straight Arm Lat Pulldown (Cable),lats,machine,2,normal,11.3,15.0,,,
Workout_230,2025-12-24 02:29:30,Back,4,Straight Arm Lat Pulldown (Cable),lats,machine,3,normal,11.3,15.0,,,
Workout_230,2025-12-24 02:29:30,Back,4,Straight Arm Lat Pulldown (Cable),lats,machine,4,normal,13.6,10.0,,,
Workout_230,2025-12-24 02:29:30,Back,5,Back Extension (Hyperextension),lower_back,machine,1,normal,,15.0,,,
Workout_230,2025-12-24 02:29:30,Back,5,Back Extension (Hyperextension),lower_back,machine,2,normal,,15.0,,,
Workout_230,2025-12-24 02:29:30,Back,5,Back Extension (Hyperextension),lower_back,machine,3,normal,,15.0,,,
Workout_230,2025-12-24 02:29:30,Back,6,Bicep Curl (Dumbbell),biceps,dumbbell,1,normal,15.0,20.0,,,
Workout_230,2025-12-24 02:29:30,Back,6,Bicep Curl (Dumbbell),biceps,dumbbell,2,normal,15.0,20.0,,,
Workout_230,2025-12-24 02:29:30,Back,6,Bicep Curl (Dumbbell),biceps,dumbbell,3,normal,20.0,15.0,,,
Workout_230,2025-12-24 02:29:30,Back,7,Reverse Curl (Barbell),biceps,barbell,1,normal,10.0,20.0,,,
Workout_230,2025-12-24 02:29:30,Back,7,Reverse Curl (Barbell),biceps,barbell,2,normal,15.0,10.0,,,
Workout_230,2025-12-24 02:29:30,Back,7,Reverse Curl (Barbell),biceps,barbell,3,normal,15.0,15.0,,,
Workout_231,2025-12-27 02:36:24,Shoulder,1,Warm Up,full_body,none,1,normal,,,,,406.0
Workout_231,2025-12-27 02:36:24,Shoulder,2,Seated Shoulder Press (Machine),shoulders,machine,1,normal,18.0,20.0,,,
Workout_231,2025-12-27 02:36:24,Shoulder,2,Seated Shoulder Press (Machine),shoulders,machine,2,normal,18.0,20.0,,,
Workout_231,2025-12-27 02:36:24,Shoulder,2,Seated Shoulder Press (Machine),shoulders,machine,3,normal,23.0,15.0,,,
Workout_231,2025-12-27 02:36:24,Shoulder,2,Seated Shoulder Press (Machine),shoulders,machine,4,normal,23.0,15.0,,,
Workout_231,2025-12-27 02:36:24,Shoulder,3,Rear Delt Reverse Fly (Machine),shoulders,machine,1,normal,32.0,20.0,,,
Workout_231,2025-12-27 02:36:24,Shoulder,3,Rear Delt Reverse Fly (Machine),shoulders,machine,2,normal,32.0,20.0,,,
Workout_231,2025-12-27 02:36:24,Shoulder,3,Rear Delt Reverse Fly (Machine),shoulders,machine,3,normal,39.0,15.0,,,
Workout_231,2025-12-27 02:36:24,Shoulder,3,Rear Delt Reverse Fly (Machine),shoulders,machine,4,normal,39.0,15.0,,,
Workout_231,2025-12-27 02:36:24,Shoulder,4,Overhead Press (Dumbbell),shoulders,dumbbell,1,normal,20.0,20.0,,,
Workout_231,2025-12-27 02:36:24,Shoulder,4,Overhead Press (Dumbbell),shoulders,dumbbell,2,normal,20.0,20.0,,,
Workout_231,2025-12-27 02:36:24,Shoulder,4,Overhead Press (Dumbbell),shoulders,dumbbell,3,normal,25.0,15.0,,,
Workout_231,2025-12-27 02:36:24,Shoulder,4,Overhead Press (Dumbbell),shoulders,dumbbell,4,normal,25.0,15.0,,,
Workout_231,2025-12-27 02:36:24,Shoulder,5,Front Raise (Dumbbell),shoulders,dumbbell,1,normal,10.0,20.0,,,
Workout_231,2025-12-27 02:36:24,Shoulder,5,Front Raise (Dumbbell),shoulders,dumbbell,2,normal,10.0,20.0,,,
Workout_231,2025-12-27 02:36:24,Shoulder,5,Front Raise (Dumbbell),shoulders,dumbbell,3,normal,15.0,15.0,,,
Workout_231,2025-12-27 02:36:24,Shoulder,5,Front Raise (Dumbbell),shoulders,dumbbell,4,normal,15.0,10.0,,,
Workout_231,2025-12-27 02:36:24,Shoulder,6,Face Pull,shoulders,machine,1,normal,11.3,20.0,,,
Workout_231,2025-12-27 02:36:24,Shoulder,6,Face Pull,shoulders,machine,2,normal,11.3,20.0,,,
Workout_231,2025-12-27 02:36:24,Shoulder,6,Face Pull,shoulders,machine,3,normal,13.6,15.0,,,
Workout_231,2025-12-27 02:36:24,Shoulder,6,Face Pull,shoulders,machine,4,normal,13.6,15.0,,,
Workout_231,2025-12-27 02:36:24,Shoulder,7,Shrug (Dumbbell),traps,dumbbell,1,normal,25.0,20.0,,,
Workout_231,2025-12-27 02:36:24,Shoulder,7,Shrug (Dumbbell),traps,dumbbell,2,normal,25.0,20.0,,,
Workout_231,2025-12-27 02:36:24,Shoulder,7,Shrug (Dumbbell),traps,dumbbell,3,normal,30.0,20.0,,,
Workout_231,2025-12-27 02:36:24,Shoulder,7,Shrug (Dumbbell),traps,dumbbell,4,normal,30.0,20.0,,,
Workout_231,2025-12-27 02:36:24,Shoulder,8,Treadmill,cardio,machine,1,normal,,,,970.0,600.0
Workout_231,2025-12-27 02:36:24,Shoulder,9,Elliptical Trainer,cardio,machine,1,normal,,,,2400.0,600.0
Workout_232,2025-12-28 02:16:25,Legs,1,Warm Up,full_body,none,1,normal,,,,,375.0
Workout_232,2025-12-28 02:16:25,Legs,2,Leg Extension (Machine),quadriceps,machine,1,normal,23.0,20.0,,,
Workout_232,2025-12-28 02:16:25,Legs,2,Leg Extension (Machine),quadriceps,machine,2,normal,23.0,20.0,,,
Workout_232,2025-12-28 02:16:25,Legs,2,Leg Extension (Machine),quadriceps,machine,3,normal,29.0,15.0,,,
Workout_232,2025-12-28 02:16:25,Legs,2,Leg Extension (Machine),quadriceps,machine,4,normal,29.0,10.0,,,
Workout_232,2025-12-28 02:16:25,Legs,3,Seated Leg Curl (Machine),hamstrings,machine,1,normal,23.0,20.0,,,
Workout_232,2025-12-28 02:16:25,Legs,3,Seated Leg Curl (Machine),hamstrings,machine,2,normal,23.0,20.0,,,
Workout_232,2025-12-28 02:16:25,Legs,3,Seated Leg Curl (Machine),hamstrings,machine,3,normal,29.0,10.0,,,
Workout_232,2025-12-28 02:16:25,Legs,3,Seated Leg Curl (Machine),hamstrings,machine,4,normal,29.0,10.0,,,
Workout_232,2025-12-28 02:16:25,Legs,4,Leg Press (Machine),quadriceps,machine,1,normal,50.0,20.0,,,
Workout_232,2025-12-28 02:16:25,Legs,4,Leg Press (Machine),quadriceps,machine,2,normal,50.0,20.0,,,
Workout_232,2025-12-28 02:16:25,Legs,4,Leg Press (Machine),quadriceps,machine,3,normal,60.0,20.0,,,
Workout_232,2025-12-28 02:16:25,Legs,4,Leg Press (Machine),quadriceps,machine,4,normal,60.0,20.0,,,
Workout_232,2025-12-28 02:16:25,Legs,5,Walking Lunge,quadriceps,none,1,normal,,30.0,,,
Workout_232,2025-12-28 02:16:25,Legs,5,Walking Lunge,quadriceps,none,2,normal,,20.0,,,
Workout_232,2025-12-28 02:16:25,Legs,5,Walking Lunge,quadriceps,none,3,normal,,20.0,,,
Workout_232,2025-12-28 02:16:25,Legs,6,Seated Calf Raise,calves,machine,1,normal,20.0,20.0,,,
Workout_232,2025-12-28 02:16:25,Legs,6,Seated Calf Raise,calves,machine,2,normal,20.0,20.0,,,
Workout_232,2025-12-28 02:16:25,Legs,6,Seated Calf Raise,calves,machine,3,normal,25.0,15.0,,,
Workout_232,2025-12-28 02:16:25,Legs,6,Seated Calf Raise,calves,machine,4,normal,25.0,15.0,,,
Workout_233,2025-12-29 02:18:04,Chest,1,Warm Up,full_body,none,1,normal,,,,,422.0
Workout_233,2025-12-29 02:18:04,Chest,2,Bench Press (Dumbbell),chest,dumbbell,1,normal,15.0,20.0,,,
Workout_233,2025-12-29 02:18:04,Chest,2,Bench Press (Dumbbell),chest,dumbbell,2,normal,15.0,20.0,,,
Workout_233,2025-12-29 02:18:04,Chest,2,Bench Press (Dumbbell),chest,dumbbell,3,normal,20.0,20.0,,,
Workout_233,2025-12-29 02:18:04,Chest,2,Bench Press (Dumbbell),chest,dumbbell,4,normal,20.0,20.0,,,
Workout_233,2025-12-29 02:18:04,Chest,3,Chest Fly (Machine),chest,machine,1,normal,32.0,20.0,,,
Workout_233,2025-12-29 02:18:04,Chest,3,Chest Fly (Machine),chest,machine,2,normal,32.0,20.0,,,
Workout_233,2025-12-29 02:18:04,Chest,3,Chest Fly (Machine),chest,machine,3,normal,39.0,20.0,,,
Workout_233,2025-12-29 02:18:04,Chest,3,Chest Fly (Machine),chest,machine,4,normal,39.0,18.0,,,
Workout_233,2025-12-29 02:18:04,Chest,4,Incline Bench Press (Dumbbell),chest,dumbbell,1,normal,15.0,20.0,,,
Workout_233,2025-12-29 02:18:04,Chest,4,Incline Bench Press (Dumbbell),chest,dumbbell,2,normal,15.0,20.0,,,
Workout_233,2025-12-29 02:18:04,Chest,4,Incline Bench Press (Dumbbell),chest,dumbbell,3,normal,20.0,20.0,,,
Workout_233,2025-12-29 02:18:04,Chest,4,Incline Bench Press (Dumbbell),chest,dumbbell,4,normal,20.0,20.0,,,
Workout_233,2025-12-29 02:18:04,Chest,5,Incline Chest Fly (Dumbbell),chest,dumbbell,1,normal,15.0,20.0,,,
Workout_233,2025-12-29 02:18:04,Chest,5,Incline Chest Fly (Dumbbell),chest,dumbbell,2,normal,15.0,20.0,,,
Workout_233,2025-12-29 02:18:04,Chest,5,Incline Chest Fly (Dumbbell),chest,dumbbell,3,normal,20.0,20.0,,,
Workout_233,2025-12-29 02:18:04,Chest,6,Triceps Extension (Dumbbell),triceps,dumbbell,1,normal,12.5,20.0,,,
Workout_233,2025-12-29 02:18:04,Chest,6,Triceps Extension (Dumbbell),triceps,dumbbell,2,normal,12.5,20.0,,,
Workout_233,2025-12-29 02:18:04,Chest,6,Triceps Extension (Dumbbell),triceps,dumbbell,3,normal,15.0,15.0,,,
Workout_233,2025-12-29 02:18:04,Chest,6,Triceps Extension (Dumbbell),triceps,dumbbell,4,normal,15.0,15.0,,,
Workout_233,2025-12-29 02:18:04,Chest,7,Triceps Pushdown,triceps,machine,1,normal,9.11,20.0,,,
Workout_233,2025-12-29 02:18:04,Chest,7,Triceps Pushdown,triceps,machine,2,normal,11.6,20.0,,,
Workout_233,2025-12-29 02:18:04,Chest,7,Triceps Pushdown,triceps,machine,3,normal,11.6,20.0,,,
Workout_233,2025-12-29 02:18:04,Chest,7,Triceps Pushdown,triceps,machine,4,normal,13.6,20.0,,,
Workout_233,2025-12-29 02:18:04,Chest,8,Treadmill,cardio,machine,1,normal,,,,960.0,600.0
Workout_233,2025-12-29 02:18:04,Chest,9,Elliptical Trainer,cardio,machine,1,normal,,,,2400.0,600.0
Workout_234,2025-12-30 02:36:15,Back,1,Warm Up,full_body,none,1,normal,,,,,476.0
Workout_234,2025-12-30 02:36:15,Back,2,Bent Over Row (Barbell),upper_back,barbell,1,normal,15.0,20.0,,,
Workout_234,2025-12-30 02:36:15,Back,2,Bent Over Row (Barbell),upper_back,barbell,2,normal,20.0,20.0,,,
Workout_234,2025-12-30 02:36:15,Back,2,Bent Over Row (Barbell),upper_back,barbell,3,normal,20.0,20.0,,,
Workout_234,2025-12-30 02:36:15,Back,2,Bent Over Row (Barbell),upper_back,barbell,4,normal,25.0,20.0,,,
Workout_234,2025-12-30 02:36:15,Back,3,Lat Pulldown (Cable),lats,machine,1,normal,25.0,20.0,,,
Workout_234,2025-12-30 02:36:15,Back,3,Lat Pulldown (Cable),lats,machine,2,normal,32.0,20.0,,,
Workout_234,2025-12-30 02:36:15,Back,3,Lat Pulldown (Cable),lats,machine,3,normal,32.0,15.0,,,
Workout_234,2025-12-30 02:36:15,Back,3,Lat Pulldown (Cable),lats,machine,4,normal,39.0,10.0,,,
Workout_234,2025-12-30 02:36:15,Back,4,Dumbbell Row,lats,dumbbell,1,normal,15.0,15.0,,,
Workout_234,2025-12-30 02:36:15,Back,4,Dumbbell Row,lats,dumbbell,2,normal,15.0,15.0,,,
Workout_234,2025-12-30 02:36:15,Back,4,Dumbbell Row,lats,dumbbell,3,normal,20.0,15.0,,,
Workout_234,2025-12-30 02:36:15,Back,4,Dumbbell Row,lats,dumbbell,4,normal,20.0,15.0,,,
Workout_234,2025-12-30 02:36:15,Back,5,Straight Arm Lat Pulldown (Cable),lats,machine,1,normal,9.6,20.0,,,
Workout_234,2025-12-30 02:36:15,Back,5,Straight Arm Lat Pulldown (Cable),lats,machine,2,normal,11.3,20.0,,,
Workout_234,2025-12-30 02:36:15,Back,5,Straight Arm Lat Pulldown (Cable),lats,machine,3,normal,11.3,20.0,,,
Workout_234,2025-12-30 02:36:15,Back,5,Straight Arm Lat Pulldown (Cable),lats,machine,4,normal,13.6,10.0,,,
Workout_234,2025-12-30 02:36:15,Back,6,Back Extension (Hyperextension),lower_back,machine,1,normal,,15.0,,,
Workout_234,2025-12-30 02:36:15,Back,6,Back Extension (Hyperextension),lower_back,machine,2,normal,,15.0,,,
Workout_234,2025-12-30 02:36:15,Back,6,Back Extension (Hyperextension),lower_back,machine,3,normal,,15.0,,,
Workout_234,2025-12-30 02:36:15,Back,6,Back Extension (Hyperextension),lower_back,machine,4,normal,,15.0,,,
Workout_234,2025-12-30 02:36:15,Back,7,Bicep Curl (Dumbbell),biceps,dumbbell,1,normal,15.0,20.0,,,
Workout_234,2025-12-30 02:36:15,Back,7,Bicep Curl (Dumbbell),biceps,dumbbell,2,normal,15.0,20.0,,,
Workout_234,2025-12-30 02:36:15,Back,7,Bicep Curl (Dumbbell),biceps,dumbbell,3,normal,20.0,15.0,,,
Workout_234,2025-12-30 02:36:15,Back,7,Bicep Curl (Dumbbell),biceps,dumbbell,4,normal,20.0,15.0,,,
Workout_234,2025-12-30 02:36:15,Back,8,Bicep Curl (Cable),biceps,machine,1,normal,9.1,20.0,,,
Workout_234,2025-12-30 02:36:15,Back,8,Bicep Curl (Cable),biceps,machine,2,normal,9.1,20.0,,,
Workout_234,2025-12-30 02:36:15,Back,8,Bicep Curl (Cable),biceps,machine,3,normal,11.3,15.0,,,
Workout_234,2025-12-30 02:36:15,Back,8,Bicep Curl (Cable),biceps,machine,4,normal,11.3,10.0,,,
Workout_234,2025-12-30 02:36:15,Back,9,Treadmill,cardio,machine,1,normal,,,,970.0,600.0
Workout_234,2025-12-30 02:36:15,Back,10,Elliptical Trainer,cardio,machine,1,normal,,,,2400.0,600.0
Workout_235,2025-12-31 02:47:47,Shoulder,1,Warm Up,full_body,none,1,normal,,,,,383.0
Workout_235,2025-12-31 02:47:47,Shoulder,2,Seated Shoulder Press (Machine),shoulders,machine,1,normal,18.0,20.0,,,
Workout_235,2025-12-31 02:47:47,Shoulder,2,Seated Shoulder Press (Machine),shoulders,machine,2,normal,18.0,20.0,,,
Workout_235,2025-12-31 02:47:47,Shoulder,2,Seated Shoulder Press (Machine),shoulders,machine,3,normal,23.0,10.0,,,
Workout_235,2025-12-31 02:47:47,Shoulder,2,Seated Shoulder Press (Machine),shoulders,machine,4,normal,23.0,7.0,,,
Workout_235,2025-12-31 02:47:47,Shoulder,3,Rear Delt Reverse Fly (Machine),shoulders,machine,1,normal,39.0,20.0,,,
Workout_235,2025-12-31 02:47:47,Shoulder,3,Rear Delt Reverse Fly (Machine),shoulders,machine,2,normal,39.0,17.0,,,
Workout_235,2025-12-31 02:47:47,Shoulder,3,Rear Delt Reverse Fly (Machine),shoulders,machine,3,normal,39.0,10.0,,,
Workout_235,2025-12-31 02:47:47,Shoulder,3,Rear Delt Reverse Fly (Machine),shoulders,machine,4,normal,42.0,10.0,,,
Workout_235,2025-12-31 02:47:47,Shoulder,4,Overhead Press (Dumbbell),shoulders,dumbbell,1,normal,20.0,20.0,,,
Workout_235,2025-12-31 02:47:47,Shoulder,4,Overhead Press (Dumbbell),shoulders,dumbbell,2,normal,20.0,20.0,,,
Workout_235,2025-12-31 02:47:47,Shoulder,4,Overhead Press (Dumbbell),shoulders,dumbbell,3,normal,25.0,15.0,,,
Workout_235,2025-12-31 02:47:47,Shoulder,4,Overhead Press (Dumbbell),shoulders,dumbbell,4,normal,25.0,10.0,,,
Workout_235,2025-12-31 02:47:47,Shoulder,5,Front Raise (Dumbbell),shoulders,dumbbell,1,normal,10.0,20.0,,,
Workout_235,2025-12-31 02:47:47,Shoulder,5,Front Raise (Dumbbell),shoulders,dumbbell,2,normal,10.0,20.0,,,
Workout_235,2025-12-31 02:47:47,Shoulder,5,Front Raise (Dumbbell),shoulders,dumbbell,3,normal,15.0,15.0,,,
Workout_235,2025-12-31 02:47:47,Shoulder,5,Front Raise (Dumbbell),shoulders,dumbbell,4,normal,15.0,15.0,,,
Workout_235,2025-12-31 02:47:47,Shoulder,6,Single Arm Lateral Raise (Cable),shoulders,machine,1,normal,4.6,20.0,,,
Workout_235,2025-12-31 02:47:47,Shoulder,6,Single Arm Lateral Raise (Cable),shoulders,machine,2,normal,4.6,20.0,,,
Workout_235,2025-12-31 02:47:47,Shoulder,6,Single Arm Lateral Raise (Cable),shoulders,machine,3,normal,8.4,8.0,,,
Workout_235,2025-12-31 02:47:47,Shoulder,7,Shrug (Dumbbell),traps,dumbbell,1,normal,25.0,30.0,,,
Workout_235,2025-12-31 02:47:47,Shoulder,7,Shrug (Dumbbell),traps,dumbbell,2,normal,25.0,30.0,,,
Workout_235,2025-12-31 02:47:47,Shoulder,7,Shrug (Dumbbell),traps,dumbbell,3,normal,30.0,15.0,,,
Workout_235,2025-12-31 02:47:47,Shoulder,7,Shrug (Dumbbell),traps,dumbbell,4,normal,30.0,20.0,,,
Workout_235,2025-12-31 02:47:47,Shoulder,8,Treadmill,cardio,machine,1,normal,,,,1000.0,600.0
Workout_236,2026-01-04 02:22:33,Back,1,Warm Up,full_body,none,1,normal,,,,,439.0
Workout_236,2026-01-04 02:22:33,Back,2,Goblet Squat,quadriceps,dumbbell,1,normal,12.0,20.0,,,
Workout_236,2026-01-04 02:22:33,Back,2,Goblet Squat,quadriceps,dumbbell,2,normal,12.0,20.0,,,
Workout_236,2026-01-04 02:22:33,Back,2,Goblet Squat,quadriceps,dumbbell,3,normal,16.0,10.0,,,
Workout_236,2026-01-04 02:22:33,Back,2,Goblet Squat,quadriceps,dumbbell,4,normal,16.0,10.0,,,
Workout_236,2026-01-04 02:22:33,Back,3,Leg Press (Machine),quadriceps,machine,1,normal,50.0,20.0,,,
Workout_236,2026-01-04 02:22:33,Back,3,Leg Press (Machine),quadriceps,machine,2,normal,50.0,20.0,,,
Workout_236,2026-01-04 02:22:33,Back,3,Leg Press (Machine),quadriceps,machine,3,normal,60.0,20.0,,,
Workout_236,2026-01-04 02:22:33,Back,3,Leg Press (Machine),quadriceps,machine,4,normal,60.0,15.0,,,
Workout_236,2026-01-04 02:22:33,Back,4,Leg Extension (Machine),quadriceps,machine,1,normal,23.0,20.0,,,
Workout_236,2026-01-04 02:22:33,Back,4,Leg Extension (Machine),quadriceps,machine,2,normal,23.0,20.0,,,
Workout_236,2026-01-04 02:22:33,Back,4,Leg Extension (Machine),quadriceps,machine,3,normal,29.0,15.0,,,
Workout_236,2026-01-04 02:22:33,Back,4,Leg Extension (Machine),quadriceps,machine,4,normal,29.0,10.0,,,
Workout_236,2026-01-04 02:22:33,Back,5,Seated Leg Curl (Machine),hamstrings,machine,1,normal,23.0,20.0,,,
Workout_236,2026-01-04 02:22:33,Back,5,Seated Leg Curl (Machine),hamstrings,machine,2,normal,23.0,20.0,,,
Workout_236,2026-01-04 02:22:33,Back,5,Seated Leg Curl (Machine),hamstrings,machine,3,normal,29.0,15.0,,,
Workout_236,2026-01-04 02:22:33,Back,5,Seated Leg Curl (Machine),hamstrings,machine,4,normal,29.0,10.0,,,
Workout_236,2026-01-04 02:22:33,Back,6,Seated Calf Raise,calves,machine,1,normal,20.0,20.0,,,
Workout_236,2026-01-04 02:22:33,Back,6,Seated Calf Raise,calves,machine,2,normal,20.0,20.0,,,
Workout_236,2026-01-04 02:22:33,Back,6,Seated Calf Raise,calves,machine,3,normal,25.0,15.0,,,
Workout_236,2026-01-04 02:22:33,Back,6,Seated Calf Raise,calves,machine,4,normal,25.0,10.0,,,
Workout_237,2026-01-05 02:43:15,Chest,1,Warm Up,full_body,none,1,normal,,,,,429.0
Workout_237,2026-01-05 02:43:15,Chest,2,Bench Press (Dumbbell),chest,dumbbell,1,normal,15.0,20.0,,,
Workout_237,2026-01-05 02:43:15,Chest,2,Bench Press (Dumbbell),chest,dumbbell,2,normal,15.0,20.0,,,
Workout_237,2026-01-05 02:43:15,Chest,2,Bench Press (Dumbbell),chest,dumbbell,3,normal,20.0,20.0,,,
Workout_237,2026-01-05 02:43:15,Chest,2,Bench Press (Dumbbell),chest,dumbbell,4,normal,20.0,20.0,,,
Workout_237,2026-01-05 02:43:15,Chest,3,Chest Fly (Machine),chest,machine,1,normal,32.0,20.0,,,
Workout_237,2026-01-05 02:43:15,Chest,3,Chest Fly (Machine),chest,machine,2,normal,32.0,20.0,,,
Workout_237,2026-01-05 02:43:15,Chest,3,Chest Fly (Machine),chest,machine,3,normal,39.0,20.0,,,
Workout_237,2026-01-05 02:43:15,Chest,3,Chest Fly (Machine),chest,machine,4,normal,39.0,15.0,,,
Workout_237,2026-01-05 02:43:15,Chest,4,Incline Bench Press (Dumbbell),chest,dumbbell,1,normal,15.0,20.0,,,
Workout_237,2026-01-05 02:43:15,Chest,4,Incline Bench Press (Dumbbell),chest,dumbbell,2,normal,15.0,20.0,,,
Workout_237,2026-01-05 02:43:15,Chest,4,Incline Bench Press (Dumbbell),chest,dumbbell,3,normal,20.0,20.0,,,
Workout_237,2026-01-05 02:43:15,Chest,4,Incline Bench Press (Dumbbell),chest,dumbbell,4,normal,20.0,15.0,,,
Workout_237,2026-01-05 02:43:15,Chest,5,Chest Press (Machine),chest,machine,1,normal,26.0,10.0,,,
Workout_237,2026-01-05 02:43:15,Chest,5,Chest Press (Machine),chest,machine,2,normal,23.0,10.0,,,
Workout_237,2026-01-05 02:43:15,Chest,5,Chest Press (Machine),chest,machine,3,normal,23.0,10.0,,,
Workout_237,2026-01-05 02:43:15,Chest,5,Chest Press (Machine),chest,machine,4,normal,26.0,10.0,,,
Workout_237,2026-01-05 02:43:15,Chest,6,Triceps Extension (Dumbbell),triceps,dumbbell,1,normal,12.5,20.0,,,
Workout_237,2026-01-05 02:43:15,Chest,6,Triceps Extension (Dumbbell),triceps,dumbbell,2,normal,12.5,20.0,,,
Workout_237,2026-01-05 02:43:15,Chest,6,Triceps Extension (Dumbbell),triceps,dumbbell,3,normal,15.0,20.0,,,
Workout_237,2026-01-05 02:43:15,Chest,6,Triceps Extension (Dumbbell),triceps,dumbbell,4,normal,15.0,15.0,,,
Workout_237,2026-01-05 02:43:15,Chest,7,Single Arm Tricep Extension (Dumbbell),triceps,dumbbell,1,normal,15.0,20.0,,,
Workout_237,2026-01-05 02:43:15,Chest,7,Single Arm Tricep Extension (Dumbbell),triceps,dumbbell,2,normal,15.0,20.0,,,
Workout_237,2026-01-05 02:43:15,Chest,7,Single Arm Tricep Extension (Dumbbell),triceps,dumbbell,3,normal,20.0,15.0,,,
Workout_237,2026-01-05 02:43:15,Chest,7,Single Arm Tricep Extension (Dumbbell),triceps,dumbbell,4,normal,20.0,10.0,,,
Workout_237,2026-01-05 02:43:15,Chest,8,Treadmill,cardio,machine,1,normal,,,,970.0,600.0
Workout_237,2026-01-05 02:43:15,Chest,9,Elliptical Trainer,cardio,machine,1,normal,,,,2400.0,600.0
Workout_238,2026-01-07 02:04:29,Back,1,Warm Up,full_body,none,1,normal,,,,,390.0
Workout_238,2026-01-07 02:04:29,Back,2,Lat Pulldown (Cable),lats,machine,1,normal,25.0,20.0,,,
Workout_238,2026-01-07 02:04:29,Back,2,Lat Pulldown (Cable),lats,machine,2,normal,32.0,15.0,,,
Workout_238,2026-01-07 02:04:29,Back,2,Lat Pulldown (Cable),lats,machine,3,normal,32.0,15.0,,,
Workout_238,2026-01-07 02:04:29,Back,2,Lat Pulldown (Cable),lats,machine,4,normal,32.0,15.0,,,
Workout_238,2026-01-07 02:04:29,Back,3,Seated Cable Row - V Grip (Cable),upper_back,machine,1,normal,23.0,15.0,,,
Workout_238,2026-01-07 02:04:29,Back,3,Seated Cable Row - V Grip (Cable),upper_back,machine,2,normal,23.0,15.0,,,
Workout_238,2026-01-07 02:04:29,Back,3,Seated Cable Row - V Grip (Cable),upper_back,machine,3,normal,29.0,15.0,,,
Workout_238,2026-01-07 02:04:29,Back,3,Seated Cable Row - V Grip (Cable),upper_back,machine,4,normal,29.0,10.0,,,
Workout_238,2026-01-07 02:04:29,Back,4,Straight Arm Lat Pulldown (Cable),lats,machine,1,normal,9.6,20.0,,,
Workout_238,2026-01-07 02:04:29,Back,4,Straight Arm Lat Pulldown (Cable),lats,machine,2,normal,9.6,20.0,,,
Workout_238,2026-01-07 02:04:29,Back,4,Straight Arm Lat Pulldown (Cable),lats,machine,3,normal,11.3,20.0,,,
Workout_238,2026-01-07 02:04:29,Back,4,Straight Arm Lat Pulldown (Cable),lats,machine,4,normal,11.3,20.0,,,
Workout_238,2026-01-07 02:04:29,Back,5,Back Extension (Hyperextension),lower_back,machine,1,normal,,15.0,,,
Workout_238,2026-01-07 02:04:29,Back,5,Back Extension (Hyperextension),lower_back,machine,2,normal,,15.0,,,
Workout_238,2026-01-07 02:04:29,Back,5,Back Extension (Hyperextension),lower_back,machine,3,normal,,15.0,,,
Workout_238,2026-01-07 02:04:29,Back,5,Back Extension (Hyperextension),lower_back,machine,4,normal,,15.0,,,
Workout_238,2026-01-07 02:04:29,Back,6,Bicep Curl (Dumbbell),biceps,dumbbell,1,normal,15.0,20.0,,,
Workout_238,2026-01-07 02:04:29,Back,6,Bicep Curl (Dumbbell),biceps,dumbbell,2,normal,20.0,20.0,,,
Workout_238,2026-01-07 02:04:29,Back,6,Bicep Curl (Dumbbell),biceps,dumbbell,3,normal,20.0,20.0,,,
Workout_238,2026-01-07 02:04:29,Back,6,Bicep Curl (Dumbbell),biceps,dumbbell,4,normal,25.0,6.0,,,
Workout_238,2026-01-07 02:04:29,Back,7,Bicep Curl (Cable),biceps,machine,1,normal,9.1,20.0,,,
Workout_238,2026-01-07 02:04:29,Back,7,Bicep Curl (Cable),biceps,machine,2,normal,9.1,20.0,,,
Workout_238,2026-01-07 02:04:29,Back,7,Bicep Curl (Cable),biceps,machine,3,normal,11.3,10.0,,,
Workout_238,2026-01-07 02:04:29,Back,7,Bicep Curl (Cable),biceps,machine,4,normal,11.3,10.0,,,
Workout_238,2026-01-07 02:04:29,Back,8,Treadmill,cardio,machine,1,normal,,,,990.0,600.0
Workout_238,2026-01-07 02:04:29,Back,9,Elliptical Trainer,cardio,machine,1,normal,,,,2400.0,600.0
Workout_239,2026-01-10 02:23:27,Shoulder,1,Warm Up,full_body,none,1,normal,,,,,481.0
Workout_239,2026-01-10 02:23:27,Shoulder,2,Seated Shoulder Press (Machine),shoulders,machine,1,normal,18.0,20.0,,,
Workout_239,2026-01-10 02:23:27,Shoulder,2,Seated Shoulder Press (Machine),shoulders,machine,2,normal,18.0,20.0,,,
Workout_239,2026-01-10 02:23:27,Shoulder,2,Seated Shoulder Press (Machine),shoulders,machine,3,normal,23.0,10.0,,,
Workout_239,2026-01-10 02:23:27,Shoulder,2,Seated Shoulder Press (Machine),shoulders,machine,4,normal,23.0,10.0,,,
Workout_239,2026-01-10 02:23:27,Shoulder,3,Rear Delt Reverse Fly (Machine),shoulders,machine,1,normal,32.0,20.0,,,
Workout_239,2026-01-10 02:23:27,Shoulder,3,Rear Delt Reverse Fly (Machine),shoulders,machine,2,normal,32.0,20.0,,,
Workout_239,2026-01-10 02:23:27,Shoulder,3,Rear Delt Reverse Fly (Machine),shoulders,machine,3,normal,39.0,10.0,,,
Workout_239,2026-01-10 02:23:27,Shoulder,3,Rear Delt Reverse Fly (Machine),shoulders,machine,4,normal,39.0,10.0,,,
Workout_239,2026-01-10 02:23:27,Shoulder,4,Overhead Press (Dumbbell),shoulders,dumbbell,1,normal,20.0,20.0,,,
Workout_239,2026-01-10 02:23:27,Shoulder,4,Overhead Press (Dumbbell),shoulders,dumbbell,2,normal,20.0,20.0,,,
Workout_239,2026-01-10 02:23:27,Shoulder,4,Overhead Press (Dumbbell),shoulders,dumbbell,3,normal,25.0,15.0,,,
Workout_239,2026-01-10 02:23:27,Shoulder,4,Overhead Press (Dumbbell),shoulders,dumbbell,4,normal,25.0,12.0,,,
Workout_239,2026-01-10 02:23:27,Shoulder,5,Front Raise (Dumbbell),shoulders,dumbbell,1,normal,10.0,20.0,,,
Workout_239,2026-01-10 02:23:27,Shoulder,5,Front Raise (Dumbbell),shoulders,dumbbell,2,normal,10.0,20.0,,,
Workout_239,2026-01-10 02:23:27,Shoulder,5,Front Raise (Dumbbell),shoulders,dumbbell,3,normal,15.0,15.0,,,
Workout_239,2026-01-10 02:23:27,Shoulder,5,Front Raise (Dumbbell),shoulders,dumbbell,4,normal,15.0,15.0,,,
Workout_239,2026-01-10 02:23:27,Shoulder,6,Face Pull,shoulders,machine,1,normal,11.3,20.0,,,
Workout_239,2026-01-10 02:23:27,Shoulder,6,Face Pull,shoulders,machine,2,normal,11.3,20.0,,,
Workout_239,2026-01-10 02:23:27,Shoulder,6,Face Pull,shoulders,machine,3,normal,13.6,20.0,,,
Workout_239,2026-01-10 02:23:27,Shoulder,6,Face Pull,shoulders,machine,4,normal,13.6,15.0,,,
Workout_239,2026-01-10 02:23:27,Shoulder,7,Shrug (Dumbbell),traps,dumbbell,1,normal,25.0,30.0,,,
Workout_239,2026-01-10 02:23:27,Shoulder,7,Shrug (Dumbbell),traps,dumbbell,2,normal,25.0,30.0,,,
Workout_239,2026-01-10 02:23:27,Shoulder,7,Shrug (Dumbbell),traps,dumbbell,3,normal,30.0,25.0,,,
Workout_239,2026-01-10 02:23:27,Shoulder,7,Shrug (Dumbbell),traps,dumbbell,4,normal,30.0,20.0,,,
Workout_239,2026-01-10 02:23:27,Shoulder,8,Treadmill,cardio,machine,1,normal,,,,960.0,600.0
Workout_239,2026-01-10 02:23:27,Shoulder,9,Elliptical Trainer,cardio,machine,1,normal,,,,1200.0,300.0
Workout_240,2026-01-11 02:23:07,Legs,1,Warm Up,full_body,none,1,normal,,,,,465.0
Workout_240,2026-01-11 02:23:07,Legs,2,Leg Extension (Machine),quadriceps,machine,1,normal,23.0,20.0,,,
Workout_240,2026-01-11 02:23:07,Legs,2,Leg Extension (Machine),quadriceps,machine,2,normal,23.0,20.0,,,
Workout_240,2026-01-11 02:23:07,Legs,2,Leg Extension (Machine),quadriceps,machine,3,normal,29.0,20.0,,,
Workout_240,2026-01-11 02:23:07,Legs,2,Leg Extension (Machine),quadriceps,machine,4,normal,29.0,20.0,,,
Workout_240,2026-01-11 02:23:07,Legs,3,Seated Leg Curl (Machine),hamstrings,machine,1,normal,23.0,20.0,,,
Workout_240,2026-01-11 02:23:07,Legs,3,Seated Leg Curl (Machine),hamstrings,machine,2,normal,23.0,20.0,,,
Workout_240,2026-01-11 02:23:07,Legs,3,Seated Leg Curl (Machine),hamstrings,machine,3,normal,29.0,20.0,,,
Workout_240,2026-01-11 02:23:07,Legs,3,Seated Leg Curl (Machine),hamstrings,machine,4,normal,29.0,20.0,,,
Workout_240,2026-01-11 02:23:07,Legs,4,Leg Press (Machine),quadriceps,machine,1,normal,50.0,20.0,,,
Workout_240,2026-01-11 02:23:07,Legs,4,Leg Press (Machine),quadriceps,machine,2,normal,50.0,20.0,,,
Workout_240,2026-01-11 02:23:07,Legs,4,Leg Press (Machine),quadriceps,machine,3,normal,60.0,10.0,,,
Workout_240,2026-01-11 02:23:07,Legs,4,Leg Press (Machine),quadriceps,machine,4,normal,60.0,10.0,,,
Workout_240,2026-01-11 02:23:07,Legs,5,Walking Lunge,quadriceps,none,1,normal,,30.0,,,
Workout_240,2026-01-11 02:23:07,Legs,5,Walking Lunge,quadriceps,none,2,normal,,30.0,,,
Workout_240,2026-01-11 02:23:07,Legs,6,Seated Calf Raise,calves,machine,1,normal,15.0,20.0,,,
Workout_240,2026-01-11 02:23:07,Legs,6,Seated Calf Raise,calves,machine,2,normal,20.0,20.0,,,
Workout_240,2026-01-11 02:23:07,Legs,6,Seated Calf Raise,calves,machine,3,normal,20.0,25.0,,,
Workout_240,2026-01-11 02:23:07,Legs,6,Seated Calf Raise,calves,machine,4,normal,25.0,20.0,,,
Workout_241,2026-01-12 02:04:42,Chest,1,Warm Up,full_body,none,1,normal,,,,,443.0
Workout_241,2026-01-12 02:04:42,Chest,2,Bench Press (Dumbbell),chest,dumbbell,1,normal,15.0,20.0,,,
Workout_241,2026-01-12 02:04:42,Chest,2,Bench Press (Dumbbell),chest,dumbbell,2,normal,20.0,20.0,,,
Workout_241,2026-01-12 02:04:42,Chest,2,Bench Press (Dumbbell),chest,dumbbell,3,normal,20.0,20.0,,,
Workout_241,2026-01-12 02:04:42,Chest,2,Bench Press (Dumbbell),chest,dumbbell,4,normal,25.0,12.0,,,
Workout_241,2026-01-12 02:04:42,Chest,3,Chest Fly (Machine),chest,machine,1,normal,32.0,20.0,,,
Workout_241,2026-01-12 02:04:42,Chest,3,Chest Fly (Machine),chest,machine,2,normal,39.0,20.0,,,
Workout_241,2026-01-12 02:04:42,Chest,3,Chest Fly (Machine),chest,machine,3,normal,39.0,20.0,,,
Workout_241,2026-01-12 02:04:42,Chest,3,Chest Fly (Machine),chest,machine,4,normal,45.0,15.0,,,
Workout_241,2026-01-12 02:04:42,Chest,4,Incline Bench Press (Dumbbell),chest,dumbbell,1,normal,15.0,20.0,,,
Workout_241,2026-01-12 02:04:42,Chest,4,Incline Bench Press (Dumbbell),chest,dumbbell,2,normal,15.0,20.0,,,
Workout_241,2026-01-12 02:04:42,Chest,4,Incline Bench Press (Dumbbell),chest,dumbbell,3,normal,20.0,20.0,,,
Workout_241,2026-01-12 02:04:42,Chest,4,Incline Bench Press (Dumbbell),chest,dumbbell,4,normal,20.0,15.0,,,
Workout_241,2026-01-12 02:04:42,Chest,5,Triceps Extension (Dumbbell),triceps,dumbbell,1,normal,12.5,20.0,,,
Workout_241,2026-01-12 02:04:42,Chest,5,Triceps Extension (Dumbbell),triceps,dumbbell,2,normal,12.5,20.0,,,
Workout_241,2026-01-12 02:04:42,Chest,5,Triceps Extension (Dumbbell),triceps,dumbbell,3,normal,15.0,15.0,,,
Workout_241,2026-01-12 02:04:42,Chest,5,Triceps Extension (Dumbbell),triceps,dumbbell,4,normal,15.0,15.0,,,
Workout_241,2026-01-12 02:04:42,Chest,6,Triceps Pushdown,triceps,machine,1,normal,9.11,20.0,,,
Workout_241,2026-01-12 02:04:42,Chest,6,Triceps Pushdown,triceps,machine,2,normal,11.6,20.0,,,
Workout_241,2026-01-12 02:04:42,Chest,6,Triceps Pushdown,triceps,machine,3,normal,13.6,20.0,,,
Workout_241,2026-01-12 02:04:42,Chest,6,Triceps Pushdown,triceps,machine,4,normal,13.6,20.0,,,
Workout_241,2026-01-12 02:04:42,Chest,7,Treadmill,cardio,machine,1,normal,,,,980.0,600.0
Workout_242,2026-01-13 02:03:38,Back,1,Warm Up,full_body,none,1,normal,,,,,463.0
Workout_242,2026-01-13 02:03:38,Back,2,Bent Over Row (Barbell),upper_back,barbell,1,normal,20.0,20.0,,,
Workout_242,2026-01-13 02:03:38,Back,2,Bent Over Row (Barbell),upper_back,barbell,2,normal,20.0,20.0,,,
Workout_242,2026-01-13 02:03:38,Back,2,Bent Over Row (Barbell),upper_back,barbell,3,normal,25.0,15.0,,,
Workout_242,2026-01-13 02:03:38,Back,2,Bent Over Row (Barbell),upper_back,barbell,4,normal,25.0,20.0,,,
Workout_242,2026-01-13 02:03:38,Back,3,Lat Pulldown (Cable),lats,machine,1,normal,25.0,20.0,,,
Workout_242,2026-01-13 02:03:38,Back,3,Lat Pulldown (Cable),lats,machine,2,normal,32.0,20.0,,,
Workout_242,2026-01-13 02:03:38,Back,3,Lat Pulldown (Cable),lats,machine,3,normal,29.0,15.0,,,
Workout_242,2026-01-13 02:03:38,Back,3,Lat Pulldown (Cable),lats,machine,4,normal,29.0,15.0,,,
Workout_242,2026-01-13 02:03:38,Back,4,Treadmill,cardio,machine,1,normal,,,,980.0,600.0
Workout_243,2026-01-17 02:20:51,Shoulder,1,Warm Up,full_body,none,1,normal,,,,,453.0
Workout_243,2026-01-17 02:20:51,Shoulder,2,Seated Shoulder Press (Machine),shoulders,machine,1,normal,14.0,20.0,,,
Workout_243,2026-01-17 02:20:51,Shoulder,2,Seated Shoulder Press (Machine),shoulders,machine,2,normal,14.0,20.0,,,
Workout_243,2026-01-17 02:20:51,Shoulder,2,Seated Shoulder Press (Machine),shoulders,machine,3,normal,18.0,10.0,,,
Workout_243,2026-01-17 02:20:51,Shoulder,2,Seated Shoulder Press (Machine),shoulders,machine,4,normal,18.0,10.0,,,
Workout_243,2026-01-17 02:20:51,Shoulder,3,Rear Delt Reverse Fly (Machine),shoulders,machine,1,normal,25.0,20.0,,,
Workout_243,2026-01-17 02:20:51,Shoulder,3,Rear Delt Reverse Fly (Machine),shoulders,machine,2,normal,25.0,20.0,,,
Workout_243,2026-01-17 02:20:51,Shoulder,3,Rear Delt Reverse Fly (Machine),shoulders,machine,3,normal,39.0,20.0,,,
Workout_243,2026-01-17 02:20:51,Shoulder,3,Rear Delt Reverse Fly (Machine),shoulders,machine,4,normal,39.0,20.0,,,
Workout_243,2026-01-17 02:20:51,Shoulder,4,Face Pull,shoulders,machine,1,normal,9.1,20.0,,,
Workout_243,2026-01-17 02:20:51,Shoulder,4,Face Pull,shoulders,machine,2,normal,9.1,20.0,,,
Workout_243,2026-01-17 02:20:51,Shoulder,4,Face Pull,shoulders,machine,3,normal,11.3,20.0,,,
Workout_243,2026-01-17 02:20:51,Shoulder,4,Face Pull,shoulders,machine,4,normal,11.3,15.0,,,
Workout_243,2026-01-17 02:20:51,Shoulder,5,Front Raise (Dumbbell),shoulders,dumbbell,1,normal,10.0,20.0,,,
Workout_243,2026-01-17 02:20:51,Shoulder,5,Front Raise (Dumbbell),shoulders,dumbbell,2,normal,10.0,20.0,,,
Workout_243,2026-01-17 02:20:51,Shoulder,5,Front Raise (Dumbbell),shoulders,dumbbell,3,normal,10.0,20.0,,,
Workout_243,2026-01-17 02:20:51,Shoulder,5,Front Raise (Dumbbell),shoulders,dumbbell,4,normal,15.0,10.0,,,
Workout_243,2026-01-17 02:20:51,Shoulder,6,Lateral Raise (Dumbbell),shoulders,dumbbell,1,normal,10.0,20.0,,,
Workout_243,2026-01-17 02:20:51,Shoulder,6,Lateral Raise (Dumbbell),shoulders,dumbbell,2,normal,10.0,10.0,,,
Workout_243,2026-01-17 02:20:51,Shoulder,6,Lateral Raise (Dumbbell),shoulders,dumbbell,3,normal,10.0,10.0,,,
Workout_243,2026-01-17 02:20:51,Shoulder,6,Lateral Raise (Dumbbell),shoulders,dumbbell,4,normal,10.0,10.0,,,
Workout_243,2026-01-17 02:20:51,Shoulder,7,Shrug (Dumbbell),traps,dumbbell,1,normal,20.0,30.0,,,
Workout_243,2026-01-17 02:20:51,Shoulder,7,Shrug (Dumbbell),traps,dumbbell,2,normal,20.0,30.0,,,
Workout_243,2026-01-17 02:20:51,Shoulder,7,Shrug (Dumbbell),traps,dumbbell,3,normal,25.0,25.0,,,
Workout_243,2026-01-17 02:20:51,Shoulder,7,Shrug (Dumbbell),traps,dumbbell,4,normal,25.0,20.0,,,
Workout_243,2026-01-17 02:20:51,Shoulder,8,Treadmill,cardio,machine,1,normal,,,,990.0,600.0
Workout_243,2026-01-17 02:20:51,Shoulder,9,Elliptical Trainer,cardio,machine,1,normal,,,,2400.0,600.0
Workout_244,2026-01-19 02:12:01,Legs,1,Warm Up,full_body,none,1,normal,,,,,453.0
Workout_244,2026-01-19 02:12:01,Legs,2,Squat (Bodyweight),quadriceps,none,1,normal,,20.0,,,
Workout_244,2026-01-19 02:12:01,Legs,2,Squat (Bodyweight),quadriceps,none,2,normal,,20.0,,,
Workout_244,2026-01-19 02:12:01,Legs,2,Squat (Bodyweight),quadriceps,none,3,normal,,20.0,,,
Workout_244,2026-01-19 02:12:01,Legs,2,Squat (Bodyweight),quadriceps,none,4,normal,,20.0,,,
Workout_244,2026-01-19 02:12:01,Legs,2,Squat (Bodyweight),quadriceps,none,5,normal,,20.0,,,
Workout_244,2026-01-19 02:12:01,Legs,3,Leg Extension (Machine),quadriceps,machine,1,normal,23.0,20.0,,,
Workout_244,2026-01-19 02:12:01,Legs,3,Leg Extension (Machine),quadriceps,machine,2,normal,23.0,20.0,,,
Workout_244,2026-01-19 02:12:01,Legs,3,Leg Extension (Machine),quadriceps,machine,3,normal,23.0,20.0,,,
Workout_244,2026-01-19 02:12:01,Legs,3,Leg Extension (Machine),quadriceps,machine,4,normal,29.0,15.0,,,
Workout_244,2026-01-19 02:12:01,Legs,4,Seated Leg Curl (Machine),hamstrings,machine,1,normal,23.0,20.0,,,
Workout_244,2026-01-19 02:12:01,Legs,4,Seated Leg Curl (Machine),hamstrings,machine,2,normal,23.0,20.0,,,
Workout_244,2026-01-19 02:12:01,Legs,4,Seated Leg Curl (Machine),hamstrings,machine,3,normal,29.0,15.0,,,
Workout_244,2026-01-19 02:12:01,Legs,4,Seated Leg Curl (Machine),hamstrings,machine,4,normal,29.0,15.0,,,
Workout_244,2026-01-19 02:12:01,Legs,5,Leg Press (Machine),quadriceps,machine,1,normal,50.0,20.0,,,
Workout_244,2026-01-19 02:12:01,Legs,5,Leg Press (Machine),quadriceps,machine,2,normal,50.0,20.0,,,
Workout_244,2026-01-19 02:12:01,Legs,5,Leg Press (Machine),quadriceps,machine,3,normal,60.0,10.0,,,
Workout_244,2026-01-19 02:12:01,Legs,5,Leg Press (Machine),quadriceps,machine,4,normal,60.0,10.0,,,
Workout_244,2026-01-19 02:12:01,Legs,6,Seated Calf Raise,calves,machine,1,normal,15.0,20.0,,,
Workout_244,2026-01-19 02:12:01,Legs,6,Seated Calf Raise,calves,machine,2,normal,15.0,20.0,,,
Workout_244,2026-01-19 02:12:01,Legs,6,Seated Calf Raise,calves,machine,3,normal,20.0,20.0,,,
Workout_244,2026-01-19 02:12:01,Legs,6,Seated Calf Raise,calves,machine,4,normal,20.0,20.0,,,
Workout_245,2026-01-20 02:15:04,Chest,1,Warm Up,full_body,none,1,normal,,,,,373.0
Workout_245,2026-01-20 02:15:04,Chest,2,Bench Press (Dumbbell),chest,dumbbell,1,normal,15.0,20.0,,,
Workout_245,2026-01-20 02:15:04,Chest,2,Bench Press (Dumbbell),chest,dumbbell,2,normal,20.0,20.0,,,
Workout_245,2026-01-20 02:15:04,Chest,2,Bench Press (Dumbbell),chest,dumbbell,3,normal,20.0,20.0,,,
Workout_245,2026-01-20 02:15:04,Chest,2,Bench Press (Dumbbell),chest,dumbbell,4,normal,25.0,10.0,,,
Workout_245,2026-01-20 02:15:04,Chest,3,Chest Fly (Machine),chest,machine,1,normal,32.0,20.0,,,
Workout_245,2026-01-20 02:15:04,Chest,3,Chest Fly (Machine),chest,machine,2,normal,39.0,20.0,,,
Workout_245,2026-01-20 02:15:04,Chest,3,Chest Fly (Machine),chest,machine,3,normal,39.0,20.0,,,
Workout_245,2026-01-20 02:15:04,Chest,3,Chest Fly (Machine),chest,machine,4,normal,45.0,15.0,,,
Workout_245,2026-01-20 02:15:04,Chest,4,Triceps Extension (Dumbbell),triceps,dumbbell,1,normal,12.5,20.0,,,
Workout_245,2026-01-20 02:15:04,Chest,4,Triceps Extension (Dumbbell),triceps,dumbbell,2,normal,12.5,20.0,,,
Workout_245,2026-01-20 02:15:04,Chest,4,Triceps Extension (Dumbbell),triceps,dumbbell,3,normal,15.0,15.0,,,
Workout_245,2026-01-20 02:15:04,Chest,4,Triceps Extension (Dumbbell),triceps,dumbbell,4,normal,15.0,17.0,,,
Workout_245,2026-01-20 02:15:04,Chest,5,Triceps Pushdown,triceps,machine,1,normal,9.11,20.0,,,
Workout_245,2026-01-20 02:15:04,Chest,5,Triceps Pushdown,triceps,machine,2,normal,11.6,20.0,,,
Workout_245,2026-01-20 02:15:04,Chest,5,Triceps Pushdown,triceps,machine,3,normal,13.6,20.0,,,
Workout_245,2026-01-20 02:15:04,Chest,5,Triceps Pushdown,triceps,machine,4,normal,13.6,20.0,,,
Workout_245,2026-01-20 02:15:04,Chest,6,Treadmill,cardio,machine,1,normal,,,,1040.0,600.0
Workout_245,2026-01-20 02:15:04,Chest,7,Elliptical Trainer,cardio,machine,1,normal,,,,2300.0,600.0
Workout_246,2026-01-21 02:12:10,Back,1,Warm Up,full_body,none,1,normal,,,,,421.0
Workout_246,2026-01-21 02:12:10,Back,2,Bent Over Row (Barbell),upper_back,barbell,1,normal,20.0,20.0,,,
Workout_246,2026-01-21 02:12:10,Back,2,Bent Over Row (Barbell),upper_back,barbell,2,normal,20.0,20.0,,,
Workout_246,2026-01-21 02:12:10,Back,2,Bent Over Row (Barbell),upper_back,barbell,3,normal,25.0,10.0,,,
Workout_246,2026-01-21 02:12:10,Back,2,Bent Over Row (Barbell),upper_back,barbell,4,normal,25.0,15.0,,,
Workout_246,2026-01-21 02:12:10,Back,3,Lat Pulldown (Cable),lats,machine,1,normal,25.0,20.0,,,
Workout_246,2026-01-21 02:12:10,Back,3,Lat Pulldown (Cable),lats,machine,2,normal,25.0,20.0,,,
Workout_246,2026-01-21 02:12:10,Back,3,Lat Pulldown (Cable),lats,machine,3,normal,32.0,15.0,,,
Workout_246,2026-01-21 02:12:10,Back,3,Lat Pulldown (Cable),lats,machine,4,normal,32.0,15.0,,,
Workout_246,2026-01-21 02:12:10,Back,4,Bicep Curl (Dumbbell),biceps,dumbbell,1,normal,15.0,20.0,,,
Workout_246,2026-01-21 02:12:10,Back,4,Bicep Curl (Dumbbell),biceps,dumbbell,2,normal,20.0,20.0,,,
Workout_246,2026-01-21 02:12:10,Back,4,Bicep Curl (Dumbbell),biceps,dumbbell,3,normal,20.0,20.0,,,
Workout_246,2026-01-21 02:12:10,Back,4,Bicep Curl (Dumbbell),biceps,dumbbell,4,normal,25.0,6.0,,,
Workout_246,2026-01-21 02:12:10,Back,5,Hammer Curl (Dumbbell),biceps,dumbbell,1,normal,10.0,20.0,,,
Workout_246,2026-01-21 02:12:10,Back,5,Hammer Curl (Dumbbell),biceps,dumbbell,2,normal,15.0,20.0,,,
Workout_246,2026-01-21 02:12:10,Back,5,Hammer Curl (Dumbbell),biceps,dumbbell,3,normal,15.0,20.0,,,
Workout_246,2026-01-21 02:12:10,Back,5,Hammer Curl (Dumbbell),biceps,dumbbell,4,normal,20.0,10.0,,,
Workout_246,2026-01-21 02:12:10,Back,6,Treadmill,cardio,machine,1,normal,,,,450.0,300.0
Workout_247,2026-01-22 02:21:29,Shoulder,1,Warm Up,full_body,none,1,normal,,,,,453.0
Workout_247,2026-01-22 02:21:29,Shoulder,2,Overhead Press (Dumbbell),shoulders,dumbbell,1,normal,20.0,20.0,,,
Workout_247,2026-01-22 02:21:29,Shoulder,2,Overhead Press (Dumbbell),shoulders,dumbbell,2,normal,20.0,20.0,,,
Workout_247,2026-01-22 02:21:29,Shoulder,2,Overhead Press (Dumbbell),shoulders,dumbbell,3,normal,25.0,15.0,,,
Workout_247,2026-01-22 02:21:29,Shoulder,2,Overhead Press (Dumbbell),shoulders,dumbbell,4,normal,25.0,10.0,,,
Workout_247,2026-01-22 02:21:29,Shoulder,3,Single Arm Lateral Raise (Cable),shoulders,machine,1,normal,4.6,15.0,,,
Workout_247,2026-01-22 02:21:29,Shoulder,3,Single Arm Lateral Raise (Cable),shoulders,machine,2,normal,4.6,20.0,,,
Workout_247,2026-01-22 02:21:29,Shoulder,3,Single Arm Lateral Raise (Cable),shoulders,machine,3,normal,8.4,8.0,,,
Workout_247,2026-01-22 02:21:29,Shoulder,3,Single Arm Lateral Raise (Cable),shoulders,machine,4,normal,4.6,10.0,,,
Workout_247,2026-01-22 02:21:29,Shoulder,4,Treadmill,cardio,machine,1,normal,,,,650.0,450.0
Workout_248,2026-01-24 02:07:30,Legs,1,Warm Up,full_body,none,1,normal,,,,,304.0
Workout_248,2026-01-24 02:07:30,Legs,2,Leg Extension (Machine),quadriceps,machine,1,normal,29.0,20.0,,,
Workout_248,2026-01-24 02:07:30,Legs,2,Leg Extension (Machine),quadriceps,machine,2,normal,29.0,20.0,,,
Workout_248,2026-01-24 02:07:30,Legs,2,Leg Extension (Machine),quadriceps,machine,3,normal,36.0,20.0,,,
Workout_248,2026-01-24 02:07:30,Legs,2,Leg Extension (Machine),quadriceps,machine,4,normal,36.0,15.0,,,
Workout_248,2026-01-24 02:07:30,Legs,3,Seated Leg Curl (Machine),hamstrings,machine,1,normal,29.0,15.0,,,
Workout_248,2026-01-24 02:07:30,Legs,3,Seated Leg Curl (Machine),hamstrings,machine,2,normal,29.0,15.0,,,
Workout_248,2026-01-24 02:07:30,Legs,3,Seated Leg Curl (Machine),hamstrings,machine,3,normal,36.0,10.0,,,
Workout_248,2026-01-24 02:07:30,Legs,3,Seated Leg Curl (Machine),hamstrings,machine,4,normal,36.0,5.0,,,
Workout_248,2026-01-24 02:07:30,Legs,4,Leg Press (Machine),quadriceps,machine,1,normal,50.0,20.0,,,
Workout_248,2026-01-24 02:07:30,Legs,4,Leg Press (Machine),quadriceps,machine,2,normal,60.0,10.0,,,
Workout_248,2026-01-24 02:07:30,Legs,4,Leg Press (Machine),quadriceps,machine,3,normal,60.0,15.0,,,
Workout_248,2026-01-24 02:07:30,Legs,4,Leg Press (Machine),quadriceps,machine,4,normal,70.0,10.0,,,
Workout_248,2026-01-24 02:07:30,Legs,5,Walking Lunge,quadriceps,none,1,normal,,20.0,,,
Workout_248,2026-01-24 02:07:30,Legs,5,Walking Lunge,quadriceps,none,2,normal,,20.0,,,
Workout_248,2026-01-24 02:07:30,Legs,5,Walking Lunge,quadriceps,none,3,normal,,20.0,,,
Workout_248,2026-01-24 02:07:30,Legs,5,Walking Lunge,quadriceps,none,4,normal,,20.0,,,
Workout_248,2026-01-24 02:07:30,Legs,6,Seated Calf Raise,calves,machine,1,normal,15.0,20.0,,,
Workout_248,2026-01-24 02:07:30,Legs,6,Seated Calf Raise,calves,machine,2,normal,15.0,30.0,,,
Workout_248,2026-01-24 02:07:30,Legs,6,Seated Calf Raise,calves,machine,3,normal,20.0,20.0,,,
Workout_248,2026-01-24 02:07:30,Legs,6,Seated Calf Raise,calves,machine,4,normal,20.0,20.0,,,
Workout_249,2026-01-25 02:01:44,Chest,1,Warm Up,full_body,none,1,normal,,,,,495.0
Workout_249,2026-01-25 02:01:44,Chest,2,Bench Press (Dumbbell),chest,dumbbell,1,normal,15.0,20.0,,,
Workout_249,2026-01-25 02:01:44,Chest,2,Bench Press (Dumbbell),chest,dumbbell,2,normal,20.0,10.0,,,
Workout_249,2026-01-25 02:01:44,Chest,2,Bench Press (Dumbbell),chest,dumbbell,3,normal,20.0,20.0,,,
Workout_249,2026-01-25 02:01:44,Chest,2,Bench Press (Dumbbell),chest,dumbbell,4,normal,25.0,15.0,,,
Workout_249,2026-01-25 02:01:44,Chest,3,Chest Fly (Machine),chest,machine,1,normal,32.0,20.0,,,
Workout_249,2026-01-25 02:01:44,Chest,3,Chest Fly (Machine),chest,machine,2,normal,39.0,15.0,,,
Workout_249,2026-01-25 02:01:44,Chest,3,Chest Fly (Machine),chest,machine,3,normal,39.0,15.0,,,
Workout_249,2026-01-25 02:01:44,Chest,3,Chest Fly (Machine),chest,machine,4,normal,45.0,8.0,,,
Workout_249,2026-01-25 02:01:44,Chest,4,Incline Bench Press (Dumbbell),chest,dumbbell,1,normal,15.0,20.0,,,
Workout_249,2026-01-25 02:01:44,Chest,4,Incline Bench Press (Dumbbell),chest,dumbbell,2,normal,15.0,20.0,,,
Workout_249,2026-01-25 02:01:44,Chest,4,Incline Bench Press (Dumbbell),chest,dumbbell,3,normal,20.0,20.0,,,
Workout_249,2026-01-25 02:01:44,Chest,4,Incline Bench Press (Dumbbell),chest,dumbbell,4,normal,20.0,15.0,,,
Workout_249,2026-01-25 02:01:44,Chest,5,Cable Fly Crossovers,chest,machine,1,normal,4.6,20.0,,,
Workout_249,2026-01-25 02:01:44,Chest,5,Cable Fly Crossovers,chest,machine,2,normal,9.0,15.0,,,
Workout_249,2026-01-25 02:01:44,Chest,5,Cable Fly Crossovers,chest,machine,3,normal,9.0,15.0,,,
Workout_249,2026-01-25 02:01:44,Chest,5,Cable Fly Crossovers,chest,machine,4,normal,13.6,10.0,,,
Workout_249,2026-01-25 02:01:44,Chest,6,Triceps Extension (Dumbbell),triceps,dumbbell,1,normal,12.5,20.0,,,
Workout_249,2026-01-25 02:01:44,Chest,6,Triceps Extension (Dumbbell),triceps,dumbbell,2,normal,12.5,20.0,,,
Workout_249,2026-01-25 02:01:44,Chest,6,Triceps Extension (Dumbbell),triceps,dumbbell,3,normal,15.0,15.0,,,
Workout_249,2026-01-25 02:01:44,Chest,6,Triceps Extension (Dumbbell),triceps,dumbbell,4,normal,15.0,20.0,,,
Workout_249,2026-01-25 02:01:44,Chest,7,Triceps Pushdown,triceps,machine,1,normal,9.11,20.0,,,
Workout_249,2026-01-25 02:01:44,Chest,7,Triceps Pushdown,triceps,machine,2,normal,11.6,15.0,,,
Workout_249,2026-01-25 02:01:44,Chest,7,Triceps Pushdown,triceps,machine,3,normal,11.6,15.0,,,
Workout_249,2026-01-25 02:01:44,Chest,7,Triceps Pushdown,triceps,machine,4,normal,13.6,15.0,,,
Workout_249,2026-01-25 02:01:44,Chest,8,Treadmill,cardio,machine,1,normal,,,,990.0,600.0
Workout_250,2026-01-26 02:13:18,Back,1,Warm Up,full_body,none,1,normal,,,,,458.0
Workout_250,2026-01-26 02:13:18,Back,2,Bent Over Row (Barbell),upper_back,barbell,1,normal,20.0,20.0,,,
Workout_250,2026-01-26 02:13:18,Back,2,Bent Over Row (Barbell),upper_back,barbell,2,normal,20.0,20.0,,,
Workout_250,2026-01-26 02:13:18,Back,2,Bent Over Row (Barbell),upper_back,barbell,3,normal,25.0,15.0,,,
Workout_250,2026-01-26 02:13:18,Back,2,Bent Over Row (Barbell),upper_back,barbell,4,normal,25.0,11.0,,,
Workout_250,2026-01-26 02:13:18,Back,3,Lat Pulldown (Cable),lats,machine,1,normal,25.0,20.0,,,
Workout_250,2026-01-26 02:13:18,Back,3,Lat Pulldown (Cable),lats,machine,2,normal,32.0,15.0,,,
Workout_250,2026-01-26 02:13:18,Back,3,Lat Pulldown (Cable),lats,machine,3,normal,32.0,15.0,,,
Workout_250,2026-01-26 02:13:18,Back,3,Lat Pulldown (Cable),lats,machine,4,normal,39.0,10.0,,,
Workout_250,2026-01-26 02:13:18,Back,4,Dumbbell Row,lats,dumbbell,1,normal,15.0,20.0,,,
Workout_250,2026-01-26 02:13:18,Back,4,Dumbbell Row,lats,dumbbell,2,normal,15.0,20.0,,,
Workout_250,2026-01-26 02:13:18,Back,4,Dumbbell Row,lats,dumbbell,3,normal,20.0,15.0,,,
Workout_250,2026-01-26 02:13:18,Back,4,Dumbbell Row,lats,dumbbell,4,normal,20.0,15.0,,,
Workout_250,2026-01-26 02:13:18,Back,5,Straight Arm Lat Pulldown (Cable),lats,machine,1,normal,9.1,20.0,,,
Workout_250,2026-01-26 02:13:18,Back,5,Straight Arm Lat Pulldown (Cable),lats,machine,2,normal,11.3,15.0,,,
Workout_250,2026-01-26 02:13:18,Back,5,Straight Arm Lat Pulldown (Cable),lats,machine,3,normal,11.3,15.0,,,
Workout_250,2026-01-26 02:13:18,Back,5,Straight Arm Lat Pulldown (Cable),lats,machine,4,normal,13.6,10.0,,,
Workout_250,2026-01-26 02:13:18,Back,6,Hammer Curl (Dumbbell),biceps,dumbbell,1,normal,10.0,20.0,,,
Workout_250,2026-01-26 02:13:18,Back,6,Hammer Curl (Dumbbell),biceps,dumbbell,2,normal,15.0,20.0,,,
Workout_250,2026-01-26 02:13:18,Back,6,Hammer Curl (Dumbbell),biceps,dumbbell,3,normal,15.0,20.0,,,
Workout_250,2026-01-26 02:13:18,Back,6,Hammer Curl (Dumbbell),biceps,dumbbell,4,normal,20.0,10.0,,,
Workout_250,2026-01-26 02:13:18,Back,7,Bicep Curl (Cable),biceps,machine,1,normal,9.1,20.0,,,
Workout_250,2026-01-26 02:13:18,Back,7,Bicep Curl (Cable),biceps,machine,2,normal,9.1,20.0,,,
Workout_250,2026-01-26 02:13:18,Back,7,Bicep Curl (Cable),biceps,machine,3,normal,11.3,15.0,,,
Workout_250,2026-01-26 02:13:18,Back,7,Bicep Curl (Cable),biceps,machine,4,normal,11.3,10.0,,,
Workout_250,2026-01-26 02:13:18,Back,8,Treadmill,cardio,machine,1,normal,,,,1010.0,600.0
Workout_250,2026-01-26 02:13:18,Back,9,Elliptical Trainer,cardio,machine,1,normal,,,,2500.0,600.0
Workout_251,2026-01-27 02:13:11,Shoulder,1,Warm Up,full_body,none,1,normal,,,,,395.0
Workout_251,2026-01-27 02:13:11,Shoulder,2,Seated Shoulder Press (Machine),shoulders,machine,1,normal,14.0,20.0,,,
Workout_251,2026-01-27 02:13:11,Shoulder,2,Seated Shoulder Press (Machine),shoulders,machine,2,normal,18.0,15.0,,,
Workout_251,2026-01-27 02:13:11,Shoulder,2,Seated Shoulder Press (Machine),shoulders,machine,3,normal,18.0,15.0,,,
Workout_251,2026-01-27 02:13:11,Shoulder,2,Seated Shoulder Press (Machine),shoulders,machine,4,normal,23.0,10.0,,,
Workout_251,2026-01-27 02:13:11,Shoulder,3,Rear Delt Reverse Fly (Machine),shoulders,machine,1,normal,25.0,20.0,,,
Workout_251,2026-01-27 02:13:11,Shoulder,3,Rear Delt Reverse Fly (Machine),shoulders,machine,2,normal,25.0,20.0,,,
Workout_251,2026-01-27 02:13:11,Shoulder,3,Rear Delt Reverse Fly (Machine),shoulders,machine,3,normal,39.0,15.0,,,
Workout_251,2026-01-27 02:13:11,Shoulder,3,Rear Delt Reverse Fly (Machine),shoulders,machine,4,normal,39.0,15.0,,,
Workout_251,2026-01-27 02:13:11,Shoulder,4,Overhead Press (Dumbbell),shoulders,dumbbell,1,normal,20.0,20.0,,,
Workout_251,2026-01-27 02:13:11,Shoulder,4,Overhead Press (Dumbbell),shoulders,dumbbell,2,normal,20.0,20.0,,,
Workout_251,2026-01-27 02:13:11,Shoulder,4,Overhead Press (Dumbbell),shoulders,dumbbell,3,normal,25.0,10.0,,,
Workout_251,2026-01-27 02:13:11,Shoulder,4,Overhead Press (Dumbbell),shoulders,dumbbell,4,normal,25.0,10.0,,,
Workout_251,2026-01-27 02:13:11,Shoulder,5,Face Pull,shoulders,machine,1,normal,9.1,20.0,,,
Workout_251,2026-01-27 02:13:11,Shoulder,5,Face Pull,shoulders,machine,2,normal,11.3,20.0,,,
Workout_251,2026-01-27 02:13:11,Shoulder,5,Face Pull,shoulders,machine,3,normal,11.3,20.0,,,
Workout_251,2026-01-27 02:13:11,Shoulder,5,Face Pull,shoulders,machine,4,normal,13.6,15.0,,,
Workout_251,2026-01-27 02:13:11,Shoulder,6,Shrug (Dumbbell),traps,dumbbell,1,normal,20.0,30.0,,,
Workout_251,2026-01-27 02:13:11,Shoulder,6,Shrug (Dumbbell),traps,dumbbell,2,normal,20.0,30.0,,,
Workout_251,2026-01-27 02:13:11,Shoulder,6,Shrug (Dumbbell),traps,dumbbell,3,normal,25.0,20.0,,,
Workout_251,2026-01-27 02:13:11,Shoulder,6,Shrug (Dumbbell),traps,dumbbell,4,normal,25.0,20.0,,,
Workout_251,2026-01-27 02:13:11,Shoulder,7,Treadmill,cardio,machine,1,normal,,,,1000.0,600.0
Workout_251,2026-01-27 02:13:11,Shoulder,8,Elliptical Trainer,cardio,machine,1,normal,,,,2500.0,640.0
Workout_252,2026-01-28 02:14:07,Legs,1,Warm Up,full_body,none,1,normal,,,,,412.0
Workout_252,2026-01-28 02:14:07,Legs,2,Leg Extension (Machine),quadriceps,machine,1,normal,29.0,20.0,,,
Workout_252,2026-01-28 02:14:07,Legs,2,Leg Extension (Machine),quadriceps,machine,2,normal,29.0,15.0,,,
Workout_252,2026-01-28 02:14:07,Legs,2,Leg Extension (Machine),quadriceps,machine,3,normal,36.0,15.0,,,
Workout_252,2026-01-28 02:14:07,Legs,2,Leg Extension (Machine),quadriceps,machine,4,normal,36.0,15.0,,,
Workout_252,2026-01-28 02:14:07,Legs,3,Seated Leg Curl (Machine),hamstrings,machine,1,normal,29.0,15.0,,,
Workout_252,2026-01-28 02:14:07,Legs,3,Seated Leg Curl (Machine),hamstrings,machine,2,normal,29.0,15.0,,,
Workout_252,2026-01-28 02:14:07,Legs,3,Seated Leg Curl (Machine),hamstrings,machine,3,normal,36.0,10.0,,,
Workout_252,2026-01-28 02:14:07,Legs,3,Seated Leg Curl (Machine),hamstrings,machine,4,normal,36.0,5.0,,,
Workout_252,2026-01-28 02:14:07,Legs,4,Leg Press (Machine),quadriceps,machine,1,normal,50.0,15.0,,,
Workout_252,2026-01-28 02:14:07,Legs,4,Leg Press (Machine),quadriceps,machine,2,normal,50.0,20.0,,,
Workout_252,2026-01-28 02:14:07,Legs,4,Leg Press (Machine),quadriceps,machine,3,normal,60.0,15.0,,,
Workout_252,2026-01-28 02:14:07,Legs,4,Leg Press (Machine),quadriceps,machine,4,normal,60.0,20.0,,,
Workout_252,2026-01-28 02:14:07,Legs,5,Walking Lunge,quadriceps,none,1,normal,,20.0,,,
Workout_252,2026-01-28 02:14:07,Legs,5,Walking Lunge,quadriceps,none,2,normal,,20.0,,,
Workout_252,2026-01-28 02:14:07,Legs,5,Walking Lunge,quadriceps,none,3,normal,,20.0,,,
Workout_252,2026-01-28 02:14:07,Legs,6,Seated Calf Raise,calves,machine,1,normal,15.0,30.0,,,
Workout_252,2026-01-28 02:14:07,Legs,6,Seated Calf Raise,calves,machine,2,normal,15.0,30.0,,,
Workout_252,2026-01-28 02:14:07,Legs,6,Seated Calf Raise,calves,machine,3,normal,20.0,20.0,,,
Workout_252,2026-01-28 02:14:07,Legs,6,Seated Calf Raise,calves,machine,4,normal,20.0,20.0,,,
Workout_253,2026-01-31 02:11:25,Chest,1,Warm Up,full_body,none,1,normal,,,,,405.0
Workout_253,2026-01-31 02:11:25,Chest,2,Bench Press (Dumbbell),chest,dumbbell,1,normal,20.0,20.0,,,
Workout_253,2026-01-31 02:11:25,Chest,2,Bench Press (Dumbbell),chest,dumbbell,2,normal,20.0,20.0,,,
Workout_253,2026-01-31 02:11:25,Chest,2,Bench Press (Dumbbell),chest,dumbbell,3,normal,25.0,20.0,,,
Workout_253,2026-01-31 02:11:25,Chest,2,Bench Press (Dumbbell),chest,dumbbell,4,normal,25.0,15.0,,,
Workout_253,2026-01-31 02:11:25,Chest,3,Chest Fly (Machine),chest,machine,1,normal,32.0,20.0,,,
Workout_253,2026-01-31 02:11:25,Chest,3,Chest Fly (Machine),chest,machine,2,normal,32.0,20.0,,,
Workout_253,2026-01-31 02:11:25,Chest,3,Chest Fly (Machine),chest,machine,3,normal,39.0,15.0,,,
Workout_253,2026-01-31 02:11:25,Chest,3,Chest Fly (Machine),chest,machine,4,normal,39.0,15.0,,,
Workout_253,2026-01-31 02:11:25,Chest,4,Triceps Extension (Dumbbell),triceps,dumbbell,1,normal,12.5,20.0,,,
Workout_253,2026-01-31 02:11:25,Chest,4,Triceps Extension (Dumbbell),triceps,dumbbell,2,normal,12.5,15.0,,,
Workout_253,2026-01-31 02:11:25,Chest,4,Triceps Extension (Dumbbell),triceps,dumbbell,3,normal,12.5,15.0,,,
Workout_253,2026-01-31 02:11:25,Chest,5,Triceps Pushdown,triceps,machine,1,normal,9.11,20.0,,,
Workout_253,2026-01-31 02:11:25,Chest,5,Triceps Pushdown,triceps,machine,2,normal,11.6,20.0,,,
Workout_253,2026-01-31 02:11:25,Chest,5,Triceps Pushdown,triceps,machine,3,normal,11.6,20.0,,,
Workout_253,2026-01-31 02:11:25,Chest,6,Treadmill,cardio,machine,1,normal,,,,1400.0,900.0
Workout_253,2026-01-31 02:11:25,Chest,7,Elliptical Trainer,cardio,machine,1,normal,,,,3400.0,900.0
Workout_254,2026-02-01 02:17:12,Back,1,Warm Up,full_body,none,1,normal,,,,,545.0
Workout_254,2026-02-01 02:17:12,Back,2,Bent Over Row (Barbell),upper_back,barbell,1,normal,20.0,20.0,,,
Workout_254,2026-02-01 02:17:12,Back,2,Bent Over Row (Barbell),upper_back,barbell,2,normal,20.0,15.0,,,
Workout_254,2026-02-01 02:17:12,Back,2,Bent Over Row (Barbell),upper_back,barbell,3,normal,20.0,15.0,,,
Workout_254,2026-02-01 02:17:12,Back,3,Straight Arm Lat Pulldown (Cable),lats,machine,1,normal,9.1,20.0,,,
Workout_254,2026-02-01 02:17:12,Back,3,Straight Arm Lat Pulldown (Cable),lats,machine,2,normal,11.3,20.0,,,
Workout_254,2026-02-01 02:17:12,Back,3,Straight Arm Lat Pulldown (Cable),lats,machine,3,normal,11.3,20.0,,,
Workout_254,2026-02-01 02:17:12,Back,4,Bicep Curl (Dumbbell),biceps,dumbbell,1,normal,15.0,20.0,,,
Workout_254,2026-02-01 02:17:12,Back,4,Bicep Curl (Dumbbell),biceps,dumbbell,2,normal,20.0,15.0,,,
Workout_254,2026-02-01 02:17:12,Back,4,Bicep Curl (Dumbbell),biceps,dumbbell,3,normal,20.0,16.0,,,
Workout_254,2026-02-01 02:17:12,Back,5,Treadmill,cardio,machine,1,normal,,,,1390.0,900.0
Workout_254,2026-02-01 02:17:12,Back,6,Elliptical Trainer,cardio,machine,1,normal,,,,3300.0,900.0
Workout_255,2026-02-02 01:59:52,Shoulder,1,Warm Up,full_body,none,1,normal,,,,,429.0
Workout_255,2026-02-02 01:59:52,Shoulder,2,Shoulder Press (Dumbbell),shoulders,dumbbell,1,normal,10.0,20.0,,,
Workout_255,2026-02-02 01:59:52,Shoulder,2,Shoulder Press (Dumbbell),shoulders,dumbbell,2,normal,20.0,20.0,,,
Workout_255,2026-02-02 01:59:52,Shoulder,2,Shoulder Press (Dumbbell),shoulders,dumbbell,3,normal,20.0,15.0,,,
Workout_255,2026-02-02 01:59:52,Shoulder,3,Single Arm Lateral Raise (Cable),shoulders,machine,1,normal,4.6,15.0,,,
Workout_255,2026-02-02 01:59:52,Shoulder,3,Single Arm Lateral Raise (Cable),shoulders,machine,2,normal,4.6,15.0,,,
Workout_255,2026-02-02 01:59:52,Shoulder,3,Single Arm Lateral Raise (Cable),shoulders,machine,3,normal,4.6,15.0,,,
Workout_255,2026-02-02 01:59:52,Shoulder,4,Treadmill,cardio,machine,1,normal,,,,1410.0,900.0
