user_age,user_experience_num,user_goal_num,user_pref_time,user_equipment_num,user_lifestyle_load_num,energy_level,readiness_level,today_available_time,today_academic_load_num,workouts_completed_7d,workouts_skipped_7d,completion_rate_7d,current_streak_days,avg_completed_duration,too_difficult_freq,workout_duration,workout_difficulty_num,workout_goal_num,workout_intensity_num,workout_equipment_num,workout_recovery_demand,time_delta_mins,goal_matched,equipment_feasible,difficulty_matched,suitability_score,successful_completion,workout_id,dataset_type
21,1,4,20,1,3,2,2,20,3,0,4,0.0,1,25.0,0.0,15,1,3,2,1,2,5,1.0,1.0,1.0,0.8248,1,W001,DEVELOPMENT_SYNTHETIC
18,1,5,45,1,3,5,2,20,3,5,4,0.5555555555555556,6,15.0,0.4,25,3,3,3,2,4,5,0.0,0.0,0.0,0.05,0,W010,DEVELOPMENT_SYNTHETIC
23,1,1,30,1,3,3,2,10,3,6,2,0.75,1,12.0,0.4,20,2,5,3,2,4,10,0.0,0.0,0.0,0.1824,0,W002,DEVELOPMENT_SYNTHETIC
25,2,1,10,3,2,5,1,45,2,0,4,0.0,4,20.0,0.1,20,2,5,3,2,4,25,0.0,1.0,1.0,0.2762,0,W002,DEVELOPMENT_SYNTHETIC
21,3,5,10,1,2,1,4,15,2,3,2,0.6,2,20.0,0.25,25,2,4,3,1,4,10,0.0,1.0,1.0,0.2383,0,W004,DEVELOPMENT_SYNTHETIC
20,2,4,10,3,3,5,2,10,3,3,3,0.5,4,15.0,0.25,15,1,3,2,1,2,5,1.0,1.0,1.0,0.7883,1,W001,DEVELOPMENT_SYNTHETIC
19,1,3,20,2,2,2,5,20,2,2,1,0.6666666666666666,10,25.0,0.4,15,2,5,2,2,3,5,0.0,1.0,0.0,0.729,1,W008,DEVELOPMENT_SYNTHETIC
26,2,3,45,1,1,3,5,45,1,4,3,0.5714285714285714,5,15.0,0.1,10,1,1,2,1,2,35,0.0,1.0,1.0,0.2384,0,W009,DEVELOPMENT_SYNTHETIC
20,1,2,15,1,1,4,5,15,1,3,3,0.5,9,25.0,0.25,10,1,1,2,1,2,5,0.0,1.0,1.0,0.6265,1,W009,DEVELOPMENT_SYNTHETIC
22,3,5,45,3,1,3,1,30,1,3,1,0.75,7,12.0,0.25,10,1,1,2,1,2,20,0.0,1.0,1.0,0.2271,0,W009,DEVELOPMENT_SYNTHETIC
26,3,3,20,1,3,5,2,10,3,2,1,0.6666666666666666,8,12.0,0.25,15,2,5,2,2,3,5,0.0,0.0,1.0,0.2268,0,W008,DEVELOPMENT_SYNTHETIC
18,1,5,15,2,2,2,5,10,2,0,3,0.0,1,15.0,0.1,15,2,5,2,2,3,5,1.0,1.0,0.0,0.7767,1,W008,DEVELOPMENT_SYNTHETIC
24,1,6,45,2,3,2,5,20,3,5,1,0.8333333333333334,11,20.0,0.4,30,3,6,3,3,5,10,1.0,0.0,0.0,0.05,0,W006,DEVELOPMENT_SYNTHETIC
21,3,2,15,2,1,1,3,10,1,4,4,0.5,3,15.0,0.0,20,2,5,3,2,4,10,0.0,1.0,1.0,0.1543,0,W002,DEVELOPMENT_SYNTHETIC
18,3,4,10,1,1,3,1,20,1,2,3,0.4,3,15.0,0.4,25,2,4,3,1,4,5,1.0,1.0,1.0,0.7138,1,W004,DEVELOPMENT_SYNTHETIC
24,2,2,10,1,1,3,4,45,1,3,0,1.0,10,12.0,0.0,20,2,4,2,2,3,25,0.0,0.0,1.0,0.05,0,W007,DEVELOPMENT_SYNTHETIC
21,2,4,15,1,1,5,4,20,1,3,1,0.75,4,25.0,0.1,20,2,5,3,2,4,0,0.0,0.0,1.0,0.2994,0,W002,DEVELOPMENT_SYNTHETIC
18,3,2,45,1,1,1,2,10,1,3,3,0.5,7,15.0,0.4,15,1,3,2,1,2,5,0.0,1.0,1.0,0.6657,1,W001,DEVELOPMENT_SYNTHETIC
25,2,3,20,1,2,3,4,45,2,1,1,0.5,4,15.0,0.0,25,3,3,3,2,4,20,1.0,0.0,0.0,0.05,0,W010,DEVELOPMENT_SYNTHETIC
18,3,4,20,1,3,1,5,15,3,4,4,0.5,2,12.0,0.0,15,1,2,1,1,1,0,0.0,1.0,1.0,0.8794,1,W003,DEVELOPMENT_SYNTHETIC
24,3,5,15,1,3,1,5,10,3,4,4,0.5,0,12.0,0.4,25,3,3,3,2,4,15,0.0,0.0,1.0,0.05,0,W010,DEVELOPMENT_SYNTHETIC
23,3,6,15,2,2,2,3,15,2,1,2,0.3333333333333333,7,20.0,0.0,15,1,3,2,1,2,0,0.0,1.0,1.0,0.7387,1,W001,DEVELOPMENT_SYNTHETIC
26,3,2,10,3,1,2,5,15,1,1,2,0.3333333333333333,1,15.0,0.25,10,1,1,1,1,1,5,0.0,1.0,1.0,0.8534,1,W005,DEVELOPMENT_SYNTHETIC
26,2,3,20,3,3,1,5,15,3,5,0,1.0,2,20.0,0.0,20,2,5,3,2,4,5,0.0,1.0,1.0,0.2788,0,W002,DEVELOPMENT_SYNTHETIC
21,3,4,20,1,2,3,2,30,2,4,3,0.5714285714285714,4,12.0,0.0,20,2,4,2,2,3,10,1.0,0.0,1.0,0.2728,0,W007,DEVELOPMENT_SYNTHETIC
22,1,1,15,1,2,2,4,20,2,5,3,0.625,8,12.0,0.0,20,2,5,3,2,4,0,0.0,0.0,0.0,0.0555,0,W002,DEVELOPMENT_SYNTHETIC
26,1,4,20,3,1,2,4,10,1,0,2,0.0,5,12.0,0.25,25,2,4,3,1,4,15,1.0,1.0,0.0,0.05,0,W004,DEVELOPMENT_SYNTHETIC
26,1,4,20,3,1,4,5,20,1,1,1,0.5,12,15.0,0.4,15,1,3,2,1,2,5,1.0,1.0,1.0,0.8188,1,W001,DEVELOPMENT_SYNTHETIC
22,3,3,15,2,2,2,1,15,2,6,0,1.0,7,15.0,0.1,15,2,5,2,2,3,0,0.0,1.0,1.0,0.72,1,W008,DEVELOPMENT_SYNTHETIC
21,2,1,10,1,1,4,3,30,1,6,0,1.0,12,20.0,0.25,10,1,1,2,1,2,20,1.0,1.0,1.0,0.3354,0,W009,DEVELOPMENT_SYNTHETIC
19,3,2,10,3,2,3,2,30,2,0,0,0.5,9,25.0,0.25,30,3,6,3,3,5,0,0.0,1.0,1.0,0.7199,1,W006,DEVELOPMENT_SYNTHETIC
21,3,2,30,3,1,3,1,45,1,0,4,0.0,12,15.0,0.25,20,2,4,2,2,3,25,0.0,1.0,1.0,0.2926,0,W007,DEVELOPMENT_SYNTHETIC
19,3,5,20,2,3,3,5,15,3,5,3,0.625,5,25.0,0.25,10,1,1,2,1,2,5,0.0,1.0,1.0,0.6493,1,W009,DEVELOPMENT_SYNTHETIC
20,1,3,30,2,3,5,5,15,3,3,4,0.42857142857142855,0,20.0,0.25,25,2,4,3,1,4,10,1.0,1.0,1.0,0.3971,0,W004,DEVELOPMENT_SYNTHETIC
25,3,2,20,3,3,4,4,20,3,1,4,0.2,7,15.0,0.0,10,1,1,1,1,1,10,0.0,1.0,1.0,0.5911,0,W005,DEVELOPMENT_SYNTHETIC
19,3,6,20,3,3,2,3,10,3,6,1,0.8571428571428571,2,12.0,0.0,25,2,4,3,1,4,15,0.0,1.0,1.0,0.05,0,W004,DEVELOPMENT_SYNTHETIC
21,3,2,30,1,2,4,4,45,2,1,1,0.5,10,12.0,0.0,20,2,4,2,2,3,25,0.0,0.0,1.0,0.05,0,W007,DEVELOPMENT_SYNTHETIC
18,1,3,30,3,3,5,2,10,3,3,1,0.75,12,25.0,0.25,15,2,5,2,2,3,5,0.0,1.0,1.0,0.552,0,W008,DEVELOPMENT_SYNTHETIC
25,3,6,45,3,2,2,4,15,2,2,1,0.6666666666666666,10,20.0,0.4,25,2,4,3,1,4,10,0.0,1.0,1.0,0.1836,0,W004,DEVELOPMENT_SYNTHETIC
21,2,1,20,1,3,3,3,15,3,4,0,1.0,2,15.0,0.1,20,2,4,2,2,3,5,0.0,0.0,1.0,0.2598,0,W007,DEVELOPMENT_SYNTHETIC
24,1,4,10,3,1,4,3,45,1,3,0,1.0,3,25.0,0.4,25,3,3,3,2,4,20,1.0,1.0,0.0,0.3869,0,W010,DEVELOPMENT_SYNTHETIC
18,1,4,30,3,2,3,3,45,2,6,3,0.6666666666666666,8,15.0,0.4,25,2,4,3,1,4,20,1.0,1.0,0.0,0.3586,0,W004,DEVELOPMENT_SYNTHETIC
23,2,1,30,2,1,4,2,45,1,1,4,0.2,8,12.0,0.4,25,3,3,3,2,4,20,0.0,1.0,1.0,0.1942,0,W010,DEVELOPMENT_SYNTHETIC
20,3,6,30,1,1,4,2,15,1,2,3,0.4,5,15.0,0.4,30,3,6,3,3,5,15,1.0,0.0,1.0,0.05,0,W006,DEVELOPMENT_SYNTHETIC
19,2,1,20,2,2,4,1,15,2,2,1,0.6666666666666666,10,12.0,0.0,15,1,3,2,1,2,0,0.0,1.0,1.0,0.6761,1,W001,DEVELOPMENT_SYNTHETIC
21,1,3,15,1,3,2,4,20,3,0,4,0.0,3,25.0,0.25,30,3,6,3,3,5,10,0.0,0.0,0.0,0.05,0,W006,DEVELOPMENT_SYNTHETIC
20,3,3,10,3,3,3,1,20,3,0,2,0.0,9,25.0,0.4,25,2,4,3,1,4,5,1.0,1.0,1.0,0.527,0,W004,DEVELOPMENT_SYNTHETIC
19,3,5,15,3,3,3,5,10,3,6,4,0.6,12,12.0,0.25,10,1,1,2,1,2,0,0.0,1.0,1.0,0.8029,1,W009,DEVELOPMENT_SYNTHETIC
23,3,2,45,2,1,1,4,15,1,0,3,0.0,5,25.0,0.1,20,2,4,2,2,3,5,0.0,1.0,1.0,0.6672,1,W007,DEVELOPMENT_SYNTHETIC
26,3,3,20,3,3,4,4,15,3,6,4,0.6,4,20.0,0.1,20,2,5,3,2,4,5,0.0,1.0,1.0,0.5618,0,W002,DEVELOPMENT_SYNTHETIC
24,2,1,45,1,2,3,1,45,2,6,2,0.75,2,25.0,0.1,30,3,6,3,3,5,15,0.0,0.0,0.0,0.05,0,W006,DEVELOPMENT_SYNTHETIC
26,2,1,20,2,3,1,5,10,3,0,1,0.0,11,25.0,0.4,10,1,1,2,1,2,0,1.0,1.0,1.0,0.8807,1,W009,DEVELOPMENT_SYNTHETIC
25,3,3,30,2,3,1,1,15,3,1,3,0.25,11,15.0,0.25,25,3,3,3,2,4,10,1.0,1.0,1.0,0.1162,0,W010,DEVELOPMENT_SYNTHETIC
24,2,1,20,3,3,5,3,15,3,5,3,0.625,4,20.0,0.25,25,2,4,3,1,4,10,0.0,1.0,1.0,0.3306,0,W004,DEVELOPMENT_SYNTHETIC
26,3,5,10,1,2,2,2,10,2,5,3,0.625,4,20.0,0.0,25,2,4,3,1,4,15,0.0,1.0,1.0,0.05,0,W004,DEVELOPMENT_SYNTHETIC
18,1,1,20,2,1,5,2,30,1,0,0,0.5,8,20.0,0.1,15,2,5,2,2,3,15,0.0,1.0,1.0,0.2466,0,W008,DEVELOPMENT_SYNTHETIC
25,1,5,30,3,2,4,3,20,2,0,2,0.0,7,12.0,0.0,20,2,4,2,2,3,0,0.0,1.0,1.0,0.708,1,W007,DEVELOPMENT_SYNTHETIC
20,1,2,10,3,3,2,5,15,3,0,1,0.0,1,25.0,0.1,10,1,1,2,1,2,5,0.0,1.0,1.0,0.6345,1,W009,DEVELOPMENT_SYNTHETIC
24,2,2,45,2,2,3,5,15,2,4,0,1.0,12,15.0,0.1,10,1,1,1,1,1,5,0.0,1.0,1.0,0.6666,1,W005,DEVELOPMENT_SYNTHETIC
26,1,4,15,1,1,1,2,10,1,3,3,0.5,11,25.0,0.25,15,1,3,2,1,2,5,1.0,1.0,1.0,0.8488,1,W001,DEVELOPMENT_SYNTHETIC
19,2,3,30,3,2,2,3,20,2,4,1,0.8,6,12.0,0.1,15,1,2,1,1,1,5,0.0,1.0,1.0,0.826,1,W003,DEVELOPMENT_SYNTHETIC
22,1,1,15,1,1,5,5,30,1,3,0,1.0,7,20.0,0.4,10,1,1,1,1,1,20,1.0,1.0,1.0,0.3407,0,W005,DEVELOPMENT_SYNTHETIC
18,3,6,10,2,2,4,3,30,2,0,0,0.5,3,12.0,0.25,25,3,3,3,2,4,5,0.0,1.0,1.0,0.5947,0,W010,DEVELOPMENT_SYNTHETIC
22,1,5,30,2,3,2,5,15,3,5,3,0.625,1,25.0,0.25,20,2,4,2,2,3,5,0.0,1.0,0.0,0.5902,0,W007,DEVELOPMENT_SYNTHETIC
23,2,1,15,3,1,4,4,30,1,5,3,0.625,12,12.0,0.4,20,2,5,3,2,4,10,0.0,1.0,1.0,0.5906,0,W002,DEVELOPMENT_SYNTHETIC
26,2,1,30,2,1,1,5,15,1,3,0,1.0,3,20.0,0.4,15,2,5,2,2,3,0,0.0,1.0,1.0,0.8178,1,W008,DEVELOPMENT_SYNTHETIC
22,1,5,15,2,3,4,4,10,3,0,4,0.0,12,15.0,0.1,10,1,1,1,1,1,0,0.0,1.0,1.0,0.7464,1,W005,DEVELOPMENT_SYNTHETIC
21,1,6,10,3,2,1,4,10,2,5,1,0.8333333333333334,7,20.0,0.25,20,2,4,2,2,3,10,0.0,1.0,0.0,0.6002,1,W007,DEVELOPMENT_SYNTHETIC
20,2,2,45,1,2,4,2,20,2,6,0,1.0,4,25.0,0.25,10,1,1,2,1,2,10,0.0,1.0,1.0,0.5681,0,W009,DEVELOPMENT_SYNTHETIC
25,1,1,20,2,3,2,4,20,3,3,2,0.6,5,25.0,0.4,30,3,6,3,3,5,10,0.0,0.0,0.0,0.05,0,W006,DEVELOPMENT_SYNTHETIC
21,3,3,30,1,3,4,1,15,3,5,3,0.625,11,25.0,0.4,15,1,2,1,1,1,0,0.0,1.0,1.0,0.7681,1,W003,DEVELOPMENT_SYNTHETIC
23,1,2,45,1,3,1,4,10,3,4,3,0.5714285714285714,0,15.0,0.4,15,1,2,1,1,1,5,1.0,1.0,1.0,0.98,1,W003,DEVELOPMENT_SYNTHETIC
24,2,5,45,2,2,1,3,20,2,6,4,0.6,6,20.0,0.4,10,1,1,2,1,2,10,0.0,1.0,1.0,0.5482,0,W009,DEVELOPMENT_SYNTHETIC
21,3,5,20,1,1,1,4,10,1,6,0,1.0,7,15.0,0.25,15,1,3,2,1,2,5,0.0,1.0,1.0,0.7282,1,W001,DEVELOPMENT_SYNTHETIC
23,2,5,20,1,2,4,2,20,2,4,3,0.5714285714285714,9,15.0,0.1,15,1,2,1,1,1,5,0.0,1.0,1.0,0.519,0,W003,DEVELOPMENT_SYNTHETIC
25,3,5,15,2,3,5,2,10,3,3,2,0.6,7,20.0,0.0,15,2,5,2,2,3,5,1.0,1.0,1.0,0.8411,1,W008,DEVELOPMENT_SYNTHETIC
25,3,1,10,3,1,3,5,30,1,5,3,0.625,11,20.0,0.4,10,1,1,1,1,1,20,1.0,1.0,1.0,0.3544,0,W005,DEVELOPMENT_SYNTHETIC
24,2,3,15,2,1,5,3,30,1,5,2,0.7142857142857143,0,25.0,0.25,15,1,3,2,1,2,15,1.0,1.0,1.0,0.335,0,W001,DEVELOPMENT_SYNTHETIC
25,3,6,45,3,1,3,2,30,1,1,1,0.5,9,20.0,0.1,20,2,5,3,2,4,10,1.0,1.0,1.0,0.7046,1,W002,DEVELOPMENT_SYNTHETIC
18,3,4,30,1,2,5,3,20,2,0,2,0.0,5,25.0,0.1,25,2,4,3,1,4,5,1.0,1.0,1.0,0.7006,1,W004,DEVELOPMENT_SYNTHETIC
22,3,3,45,2,3,2,3,15,3,6,2,0.75,11,20.0,0.0,15,2,5,2,2,3,0,0.0,1.0,1.0,0.739,1,W008,DEVELOPMENT_SYNTHETIC
26,1,5,30,1,3,3,1,15,3,0,2,0.0,8,12.0,0.4,30,3,6,3,3,5,15,1.0,0.0,0.0,0.05,0,W006,DEVELOPMENT_SYNTHETIC
24,3,4,45,3,2,3,1,20,2,3,0,1.0,9,20.0,0.1,20,2,5,3,2,4,0,0.0,1.0,1.0,0.8239,1,W002,DEVELOPMENT_SYNTHETIC
19,2,4,30,3,2,2,1,10,2,2,3,0.4,1,12.0,0.1,10,1,1,2,1,2,0,0.0,1.0,1.0,0.7241,1,W009,DEVELOPMENT_SYNTHETIC
24,2,3,45,2,2,5,2,45,2,5,0,1.0,7,25.0,0.25,15,1,3,2,1,2,30,1.0,1.0,1.0,0.3096,0,W001,DEVELOPMENT_SYNTHETIC
21,2,4,30,1,2,3,1,30,2,4,2,0.6666666666666666,0,25.0,0.25,25,2,4,3,1,4,5,1.0,1.0,1.0,0.7749,1,W004,DEVELOPMENT_SYNTHETIC
18,2,5,15,1,3,1,3,10,3,1,4,0.2,3,12.0,0.1,25,3,3,3,2,4,15,0.0,0.0,0.0,0.05,0,W010,DEVELOPMENT_SYNTHETIC
18,1,3,45,2,1,3,2,20,1,4,2,0.6666666666666666,12,15.0,0.0,15,1,3,2,1,2,5,1.0,1.0,1.0,0.8164,1,W001,DEVELOPMENT_SYNTHETIC
23,1,3,45,2,1,1,2,15,1,0,1,0.0,11,25.0,0.0,20,2,5,3,2,4,5,0.0,1.0,0.0,0.3235,0,W002,DEVELOPMENT_SYNTHETIC
19,2,2,45,2,3,4,5,10,3,4,0,1.0,11,20.0,0.4,15,1,3,2,1,2,5,0.0,1.0,1.0,0.6757,1,W001,DEVELOPMENT_SYNTHETIC
25,2,5,10,2,2,4,1,15,2,2,4,0.3333333333333333,2,12.0,0.1,10,1,1,1,1,1,5,0.0,1.0,1.0,0.6549,1,W005,DEVELOPMENT_SYNTHETIC
24,3,6,20,3,3,5,5,15,3,3,4,0.42857142857142855,9,25.0,0.0,20,2,5,3,2,4,5,1.0,1.0,1.0,0.8484,1,W002,DEVELOPMENT_SYNTHETIC
24,3,4,15,3,3,4,2,15,3,2,3,0.4,6,25.0,0.0,30,3,6,3,3,5,15,0.0,1.0,1.0,0.05,0,W006,DEVELOPMENT_SYNTHETIC
20,2,2,20,3,2,4,1,15,2,6,0,1.0,1,25.0,0.0,30,3,6,3,3,5,15,0.0,1.0,1.0,0.1836,0,W006,DEVELOPMENT_SYNTHETIC
26,3,3,45,1,3,3,1,15,3,2,3,0.4,11,12.0,0.25,25,3,3,3,2,4,10,1.0,0.0,1.0,0.05,0,W010,DEVELOPMENT_SYNTHETIC
21,2,1,45,1,3,2,4,10,3,6,0,1.0,5,20.0,0.0,10,1,1,1,1,1,0,1.0,1.0,1.0,0.98,1,W005,DEVELOPMENT_SYNTHETIC
26,1,6,45,2,3,1,5,20,3,6,2,0.75,0,15.0,0.25,10,1,1,1,1,1,10,0.0,1.0,1.0,0.7648,1,W005,DEVELOPMENT_SYNTHETIC
24,2,1,15,1,1,1,2,20,1,5,0,1.0,1,15.0,0.4,20,2,4,2,2,3,0,0.0,0.0,1.0,0.3631,0,W007,DEVELOPMENT_SYNTHETIC
23,2,2,20,1,2,5,5,15,2,0,1,0.0,2,12.0,0.0,10,1,1,1,1,1,5,0.0,1.0,1.0,0.6503,1,W005,DEVELOPMENT_SYNTHETIC
25,3,2,45,2,2,4,3,20,2,6,4,0.6,1,20.0,0.4,20,2,5,3,2,4,0,0.0,1.0,1.0,0.7383,1,W002,DEVELOPMENT_SYNTHETIC
26,3,1,30,3,3,3,1,10,3,3,4,0.42857142857142855,0,12.0,0.1,10,1,1,1,1,1,0,1.0,1.0,1.0,0.8292,1,W005,DEVELOPMENT_SYNTHETIC
19,1,3,20,2,2,1,4,20,2,3,1,0.75,2,25.0,0.1,10,1,1,2,1,2,10,0.0,1.0,1.0,0.529,0,W009,DEVELOPMENT_SYNTHETIC
18,3,6,30,2,1,4,1,45,1,0,2,0.0,9,25.0,0.4,20,2,4,2,2,3,25,0.0,1.0,1.0,0.1829,0,W007,DEVELOPMENT_SYNTHETIC
20,1,1,20,2,1,5,4,30,1,0,3,0.0,1,15.0,0.4,25,3,3,3,2,4,5,0.0,1.0,0.0,0.6099,1,W010,DEVELOPMENT_SYNTHETIC
23,3,2,20,1,2,2,3,10,2,0,4,0.0,10,12.0,0.1,30,3,6,3,3,5,20,0.0,0.0,1.0,0.05,0,W006,DEVELOPMENT_SYNTHETIC
19,3,1,15,3,1,2,3,10,1,1,4,0.2,2,12.0,0.1,15,2,5,2,2,3,5,0.0,1.0,1.0,0.6702,1,W008,DEVELOPMENT_SYNTHETIC
23,3,2,45,3,2,3,2,45,2,0,3,0.0,7,20.0,0.25,25,3,3,3,2,4,20,0.0,1.0,1.0,0.2943,0,W010,DEVELOPMENT_SYNTHETIC
25,2,5,20,3,1,4,1,15,1,2,2,0.5,1,12.0,0.4,15,2,5,2,2,3,0,1.0,1.0,1.0,0.9087,1,W008,DEVELOPMENT_SYNTHETIC
21,3,6,30,3,1,3,5,45,1,4,1,0.8,0,25.0,0.0,30,3,6,3,3,5,15,1.0,1.0,1.0,0.3629,0,W006,DEVELOPMENT_SYNTHETIC
18,1,4,15,3,3,2,4,15,3,4,4,0.5,9,15.0,0.25,30,3,6,3,3,5,15,0.0,1.0,0.0,0.05,0,W006,DEVELOPMENT_SYNTHETIC
18,2,1,45,2,2,3,1,30,2,0,4,0.0,10,25.0,0.25,10,1,1,1,1,1,20,1.0,1.0,1.0,0.2541,0,W005,DEVELOPMENT_SYNTHETIC
19,3,4,20,3,1,5,2,30,1,2,3,0.4,2,12.0,0.25,10,1,1,2,1,2,20,0.0,1.0,1.0,0.1987,0,W009,DEVELOPMENT_SYNTHETIC
19,3,2,45,2,1,4,5,30,1,0,2,0.0,4,15.0,0.1,30,3,6,3,3,5,0,0.0,0.0,1.0,0.353,0,W006,DEVELOPMENT_SYNTHETIC
19,1,2,15,1,1,3,1,15,1,5,2,0.7142857142857143,12,15.0,0.4,15,1,2,1,1,1,0,1.0,1.0,1.0,0.98,1,W003,DEVELOPMENT_SYNTHETIC
25,1,3,15,3,3,1,4,15,3,5,1,0.8333333333333334,7,20.0,0.4,25,2,4,3,1,4,10,1.0,1.0,0.0,0.1404,0,W004,DEVELOPMENT_SYNTHETIC
23,1,6,15,2,2,5,4,45,2,6,2,0.75,12,25.0,0.4,15,1,2,1,1,1,30,0.0,1.0,1.0,0.2151,0,W003,DEVELOPMENT_SYNTHETIC
25,3,3,10,1,2,3,5,15,2,5,4,0.5555555555555556,1,20.0,0.0,15,1,2,1,1,1,0,0.0,1.0,1.0,0.7483,1,W003,DEVELOPMENT_SYNTHETIC
19,2,1,30,3,1,2,4,15,1,0,3,0.0,0,25.0,0.25,25,2,4,3,1,4,10,0.0,1.0,1.0,0.1916,0,W004,DEVELOPMENT_SYNTHETIC
23,1,2,10,2,1,1,3,10,1,1,0,1.0,4,25.0,0.1,15,2,5,2,2,3,5,0.0,1.0,0.0,0.7071,1,W008,DEVELOPMENT_SYNTHETIC
22,3,2,10,1,1,2,2,20,1,5,4,0.5555555555555556,8,25.0,0.0,10,1,1,1,1,1,10,0.0,1.0,1.0,0.7876,1,W005,DEVELOPMENT_SYNTHETIC
24,2,3,15,1,1,5,4,15,1,0,3,0.0,9,12.0,0.1,15,1,2,1,1,1,0,0.0,1.0,1.0,0.7896,1,W003,DEVELOPMENT_SYNTHETIC
21,2,1,20,1,3,5,4,10,3,5,0,1.0,8,20.0,0.0,10,1,1,2,1,2,0,1.0,1.0,1.0,0.8545,1,W009,DEVELOPMENT_SYNTHETIC
24,3,6,10,3,3,4,1,20,3,3,2,0.6,4,12.0,0.25,20,2,5,3,2,4,0,1.0,1.0,1.0,0.9701,1,W002,DEVELOPMENT_SYNTHETIC
23,1,1,10,3,3,2,1,15,3,4,2,0.6666666666666666,10,15.0,0.4,15,2,5,2,2,3,0,0.0,1.0,0.0,0.6799,1,W008,DEVELOPMENT_SYNTHETIC
18,1,4,30,1,1,3,2,15,1,6,1,0.8571428571428571,0,20.0,0.25,10,1,1,2,1,2,5,0.0,1.0,1.0,0.6793,1,W009,DEVELOPMENT_SYNTHETIC
21,3,2,10,2,2,3,3,15,2,6,2,0.75,4,12.0,0.25,20,2,4,2,2,3,5,0.0,1.0,1.0,0.7595,1,W007,DEVELOPMENT_SYNTHETIC
20,3,2,20,2,2,4,4,30,2,6,4,0.6,4,12.0,0.4,20,2,5,3,2,4,10,0.0,1.0,1.0,0.5005,0,W002,DEVELOPMENT_SYNTHETIC
23,3,2,20,1,3,1,1,15,3,5,2,0.7142857142857143,4,25.0,0.4,15,1,2,1,1,1,0,1.0,1.0,1.0,0.98,1,W003,DEVELOPMENT_SYNTHETIC
23,2,4,10,2,2,5,4,30,2,5,0,1.0,1,25.0,0.25,10,1,1,2,1,2,20,0.0,1.0,1.0,0.205,0,W009,DEVELOPMENT_SYNTHETIC
25,3,4,15,1,1,1,2,10,1,1,2,0.3333333333333333,5,25.0,0.0,25,3,3,3,2,4,15,1.0,0.0,1.0,0.05,0,W010,DEVELOPMENT_SYNTHETIC
25,3,3,20,2,2,1,5,10,2,4,2,0.6666666666666666,6,20.0,0.25,25,2,4,3,1,4,15,1.0,1.0,1.0,0.05,0,W004,DEVELOPMENT_SYNTHETIC
26,1,5,30,3,1,4,5,15,1,2,2,0.5,11,25.0,0.1,25,3,3,3,2,4,10,0.0,1.0,0.0,0.5534,0,W010,DEVELOPMENT_SYNTHETIC
20,3,1,10,2,1,1,4,10,1,5,3,0.625,1,20.0,0.25,20,2,5,3,2,4,10,0.0,1.0,1.0,0.1969,0,W002,DEVELOPMENT_SYNTHETIC
20,3,6,15,2,2,3,5,20,2,0,1,0.0,12,15.0,0.1,15,2,5,2,2,3,5,1.0,1.0,1.0,0.8237,1,W008,DEVELOPMENT_SYNTHETIC
25,2,5,20,3,3,5,2,20,3,0,0,0.5,4,25.0,0.4,10,1,1,2,1,2,10,0.0,1.0,1.0,0.504,0,W009,DEVELOPMENT_SYNTHETIC
23,2,2,15,3,1,1,4,15,1,5,4,0.5555555555555556,5,15.0,0.1,15,1,2,1,1,1,0,1.0,1.0,1.0,0.98,1,W003,DEVELOPMENT_SYNTHETIC
20,3,2,45,1,1,3,2,20,1,2,1,0.6666666666666666,5,20.0,0.0,10,1,1,1,1,1,10,0.0,1.0,1.0,0.5108,0,W005,DEVELOPMENT_SYNTHETIC
22,3,3,15,3,2,5,5,15,2,4,1,0.8,9,15.0,0.1,25,3,3,3,2,4,10,1.0,1.0,1.0,0.6839,1,W010,DEVELOPMENT_SYNTHETIC
18,3,4,10,2,3,1,1,20,3,6,4,0.6,4,15.0,0.4,25,3,3,3,2,4,5,1.0,1.0,1.0,0.2907,0,W010,DEVELOPMENT_SYNTHETIC
22,1,4,45,2,3,3,4,10,3,6,3,0.6666666666666666,4,25.0,0.0,15,1,3,2,1,2,5,1.0,1.0,1.0,0.7385,1,W001,DEVELOPMENT_SYNTHETIC
21,2,3,30,2,2,3,5,20,2,2,2,0.5,11,20.0,0.4,15,1,2,1,1,1,5,0.0,1.0,1.0,0.6614,1,W003,DEVELOPMENT_SYNTHETIC
21,3,1,20,3,1,4,1,30,1,3,1,0.75,2,12.0,0.0,10,1,1,1,1,1,20,1.0,1.0,1.0,0.4154,0,W005,DEVELOPMENT_SYNTHETIC
23,3,2,15,2,1,5,3,20,1,6,1,0.8571428571428571,7,25.0,0.4,10,1,1,1,1,1,10,0.0,1.0,1.0,0.4696,0,W005,DEVELOPMENT_SYNTHETIC
25,1,2,45,1,2,2,2,20,2,2,0,1.0,0,20.0,0.4,25,3,3,3,2,4,5,0.0,0.0,0.0,0.05,0,W010,DEVELOPMENT_SYNTHETIC
18,3,4,45,2,2,1,4,10,2,2,2,0.5,12,25.0,0.25,15,1,3,2,1,2,5,1.0,1.0,1.0,0.813,1,W001,DEVELOPMENT_SYNTHETIC
23,1,2,15,3,3,5,3,10,3,3,4,0.42857142857142855,7,20.0,0.0,15,1,2,1,1,1,5,1.0,1.0,1.0,0.8391,1,W003,DEVELOPMENT_SYNTHETIC
23,2,5,45,2,2,2,2,20,2,4,3,0.5714285714285714,8,12.0,0.0,15,1,3,2,1,2,5,0.0,1.0,1.0,0.5882,0,W001,DEVELOPMENT_SYNTHETIC
25,3,3,45,2,2,2,5,20,2,1,2,0.3333333333333333,9,20.0,0.1,20,2,4,2,2,3,0,1.0,1.0,1.0,0.834,1,W007,DEVELOPMENT_SYNTHETIC
26,3,6,20,2,3,5,5,15,3,5,4,0.5555555555555556,4,25.0,0.0,30,3,6,3,3,5,15,1.0,0.0,1.0,0.05,0,W006,DEVELOPMENT_SYNTHETIC
22,3,1,45,1,2,1,5,15,2,2,4,0.3333333333333333,9,15.0,0.0,25,3,3,3,2,4,10,0.0,0.0,1.0,0.05,0,W010,DEVELOPMENT_SYNTHETIC
24,1,2,45,3,3,2,2,10,3,4,0,1.0,3,12.0,0.4,30,3,6,3,3,5,20,0.0,1.0,0.0,0.05,0,W006,DEVELOPMENT_SYNTHETIC
24,1,2,15,2,3,5,5,15,3,6,0,1.0,11,15.0,0.1,10,1,1,2,1,2,5,0.0,1.0,1.0,0.6673,1,W009,DEVELOPMENT_SYNTHETIC
23,3,1,30,2,3,2,4,20,3,2,4,0.3333333333333333,5,20.0,0.4,25,2,4,3,1,4,5,0.0,1.0,1.0,0.066,0,W004,DEVELOPMENT_SYNTHETIC
22,2,3,15,3,2,3,2,45,2,2,3,0.4,5,20.0,0.25,20,2,5,3,2,4,25,0.0,1.0,1.0,0.2116,0,W002,DEVELOPMENT_SYNTHETIC
23,3,6,30,3,2,2,3,10,2,2,0,1.0,5,25.0,0.25,15,2,5,2,2,3,5,1.0,1.0,1.0,0.8147,1,W008,DEVELOPMENT_SYNTHETIC
22,1,3,45,3,2,2,1,20,2,5,4,0.5555555555555556,3,15.0,0.0,10,1,1,2,1,2,10,0.0,1.0,1.0,0.5143,0,W009,DEVELOPMENT_SYNTHETIC
24,3,3,10,1,1,3,4,15,1,5,1,0.8333333333333334,0,15.0,0.4,15,2,5,2,2,3,0,0.0,0.0,1.0,0.4433,0,W008,DEVELOPMENT_SYNTHETIC
22,3,2,20,1,2,1,1,20,2,4,1,0.8,8,12.0,0.1,20,2,4,2,2,3,0,0.0,0.0,1.0,0.3737,0,W007,DEVELOPMENT_SYNTHETIC
22,1,3,15,2,2,1,1,15,2,4,4,0.5,1,20.0,0.25,15,2,5,2,2,3,0,0.0,1.0,0.0,0.6904,1,W008,DEVELOPMENT_SYNTHETIC
26,3,4,15,3,2,4,3,20,2,6,0,1.0,5,15.0,0.4,10,1,1,1,1,1,10,0.0,1.0,1.0,0.5828,0,W005,DEVELOPMENT_SYNTHETIC
22,1,4,20,1,3,5,2,10,3,4,3,0.5714285714285714,6,20.0,0.0,20,2,4,2,2,3,10,1.0,0.0,1.0,0.2513,0,W007,DEVELOPMENT_SYNTHETIC
23,1,4,30,1,1,2,1,15,1,3,1,0.75,7,20.0,0.25,10,1,1,1,1,1,5,0.0,1.0,1.0,0.8894,1,W005,DEVELOPMENT_SYNTHETIC
23,3,6,20,3,1,2,1,20,1,0,3,0.0,4,15.0,0.4,10,1,1,2,1,2,10,0.0,1.0,1.0,0.6079,1,W009,DEVELOPMENT_SYNTHETIC
23,2,4,20,3,1,5,2,20,1,1,3,0.25,2,25.0,0.25,20,2,4,2,2,3,0,1.0,1.0,1.0,0.859,1,W007,DEVELOPMENT_SYNTHETIC
21,3,4,15,2,3,5,1,20,3,3,4,0.42857142857142855,11,20.0,0.0,25,3,3,3,2,4,5,1.0,1.0,1.0,0.5982,0,W010,DEVELOPMENT_SYNTHETIC
26,1,5,15,3,3,2,2,15,3,6,4,0.6,7,12.0,0.1,25,3,3,3,2,4,10,0.0,1.0,0.0,0.05,0,W010,DEVELOPMENT_SYNTHETIC
25,1,2,10,3,2,2,5,15,2,3,4,0.42857142857142855,0,25.0,0.25,15,1,3,2,1,2,0,0.0,1.0,1.0,0.7911,1,W001,DEVELOPMENT_SYNTHETIC
19,2,2,15,1,3,1,4,15,3,5,0,1.0,8,12.0,0.0,15,2,5,2,2,3,0,0.0,0.0,1.0,0.4448,0,W008,DEVELOPMENT_SYNTHETIC
24,2,5,15,2,1,3,4,45,1,6,3,0.6666666666666666,6,12.0,0.1,30,3,6,3,3,5,15,1.0,0.0,0.0,0.05,0,W006,DEVELOPMENT_SYNTHETIC
20,1,5,45,3,2,2,1,10,2,2,3,0.4,10,25.0,0.4,25,2,4,3,1,4,15,0.0,1.0,0.0,0.05,0,W004,DEVELOPMENT_SYNTHETIC
21,2,3,20,2,1,1,1,20,1,3,4,0.42857142857142855,12,12.0,0.1,25,2,4,3,1,4,5,1.0,1.0,1.0,0.4555,0,W004,DEVELOPMENT_SYNTHETIC
18,1,5,30,3,1,2,1,15,1,3,1,0.75,8,15.0,0.0,15,1,2,1,1,1,0,0.0,1.0,1.0,0.9092,1,W003,DEVELOPMENT_SYNTHETIC
23,2,6,45,1,3,5,5,20,3,6,2,0.75,3,20.0,0.1,10,1,1,2,1,2,10,0.0,1.0,1.0,0.5461,0,W009,DEVELOPMENT_SYNTHETIC
26,2,3,10,2,2,5,2,45,2,4,3,0.5714285714285714,0,20.0,0.4,10,1,1,2,1,2,35,0.0,1.0,1.0,0.2171,0,W009,DEVELOPMENT_SYNTHETIC
22,3,1,15,2,2,4,2,45,2,1,1,0.5,4,15.0,0.4,15,1,3,2,1,2,30,0.0,1.0,1.0,0.2138,0,W001,DEVELOPMENT_SYNTHETIC
20,2,6,45,2,3,4,2,15,3,1,2,0.3333333333333333,10,12.0,0.4,30,3,6,3,3,5,15,1.0,0.0,1.0,0.05,0,W006,DEVELOPMENT_SYNTHETIC
22,3,5,10,3,1,4,5,15,1,6,0,1.0,3,15.0,0.4,25,2,4,3,1,4,10,0.0,1.0,1.0,0.5507,0,W004,DEVELOPMENT_SYNTHETIC
19,2,1,15,1,1,4,2,20,1,3,1,0.75,8,20.0,0.25,20,2,4,2,2,3,0,0.0,0.0,1.0,0.4227,0,W007,DEVELOPMENT_SYNTHETIC
22,3,2,20,3,2,3,5,45,2,3,0,1.0,12,25.0,0.25,25,2,4,3,1,4,20,0.0,1.0,1.0,0.1868,0,W004,DEVELOPMENT_SYNTHETIC
21,2,1,45,2,1,2,1,15,1,4,4,0.5,9,25.0,0.25,15,1,2,1,1,1,0,0.0,1.0,1.0,0.98,1,W003,DEVELOPMENT_SYNTHETIC
21,2,3,45,1,2,4,5,30,2,2,3,0.4,11,25.0,0.4,15,1,2,1,1,1,15,0.0,1.0,1.0,0.2313,0,W003,DEVELOPMENT_SYNTHETIC
25,2,4,45,1,1,2,5,20,1,0,4,0.0,0,12.0,0.0,15,1,3,2,1,2,5,1.0,1.0,1.0,0.7571,1,W001,DEVELOPMENT_SYNTHETIC
20,1,2,10,3,1,1,2,20,1,3,2,0.6,0,25.0,0.4,15,1,3,2,1,2,5,0.0,1.0,1.0,0.5965,0,W001,DEVELOPMENT_SYNTHETIC
18,3,5,10,3,2,5,3,30,2,0,4,0.0,11,25.0,0.1,20,2,5,3,2,4,10,1.0,1.0,1.0,0.7241,1,W002,DEVELOPMENT_SYNTHETIC
26,3,5,15,1,1,3,3,30,1,6,3,0.6666666666666666,1,20.0,0.4,15,2,5,2,2,3,15,1.0,0.0,1.0,0.05,0,W008,DEVELOPMENT_SYNTHETIC
19,1,6,20,3,1,1,1,15,1,3,3,0.5,8,25.0,0.0,15,1,3,2,1,2,0,0.0,1.0,1.0,0.7857,1,W001,DEVELOPMENT_SYNTHETIC
23,1,4,30,1,2,5,1,15,2,1,1,0.5,11,25.0,0.25,15,1,3,2,1,2,0,1.0,1.0,1.0,0.9237,1,W001,DEVELOPMENT_SYNTHETIC
18,3,5,45,2,3,2,3,10,3,1,4,0.2,2,25.0,0.0,10,1,1,1,1,1,0,0.0,1.0,1.0,0.9464,1,W005,DEVELOPMENT_SYNTHETIC
26,3,3,30,1,3,3,4,20,3,1,0,1.0,8,20.0,0.0,20,2,5,3,2,4,0,0.0,0.0,1.0,0.3077,0,W002,DEVELOPMENT_SYNTHETIC
24,1,2,45,1,2,3,1,30,2,6,3,0.6666666666666666,7,15.0,0.25,10,1,1,2,1,2,20,0.0,1.0,1.0,0.1243,0,W009,DEVELOPMENT_SYNTHETIC
24,2,2,45,1,3,1,5,15,3,6,1,0.8571428571428571,11,12.0,0.0,10,1,1,1,1,1,5,0.0,1.0,1.0,0.8277,1,W005,DEVELOPMENT_SYNTHETIC
24,2,3,15,3,3,3,3,10,3,0,0,0.5,4,25.0,0.25,10,1,1,1,1,1,0,0.0,1.0,1.0,0.7928,1,W005,DEVELOPMENT_SYNTHETIC
25,1,5,30,1,1,5,5,45,1,0,0,0.5,1,20.0,0.0,25,3,3,3,2,4,20,0.0,0.0,0.0,0.05,0,W010,DEVELOPMENT_SYNTHETIC
24,2,6,20,2,1,4,1,20,1,4,4,0.5,2,25.0,0.1,15,1,2,1,1,1,5,0.0,1.0,1.0,0.5877,0,W003,DEVELOPMENT_SYNTHETIC
19,2,1,15,2,2,2,4,15,2,3,2,0.6,7,12.0,0.25,10,1,1,1,1,1,5,1.0,1.0,1.0,0.98,1,W005,DEVELOPMENT_SYNTHETIC
21,3,3,45,3,2,4,1,20,2,2,0,1.0,6,20.0,0.4,30,3,6,3,3,5,10,0.0,1.0,1.0,0.5693,0,W006,DEVELOPMENT_SYNTHETIC
20,2,2,45,2,3,3,3,20,3,5,1,0.8333333333333334,7,20.0,0.1,20,2,4,2,2,3,0,0.0,1.0,1.0,0.7058,1,W007,DEVELOPMENT_SYNTHETIC
21,2,1,30,3,3,3,4,15,3,6,3,0.6666666666666666,5,12.0,0.1,25,3,3,3,2,4,10,0.0,1.0,0.0,0.3077,0,W010,DEVELOPMENT_SYNTHETIC
25,1,6,10,3,3,2,4,15,3,6,0,1.0,12,25.0,0.4,15,1,2,1,1,1,0,0.0,1.0,1.0,0.9529,1,W003,DEVELOPMENT_SYNTHETIC
24,2,4,15,1,2,4,1,45,2,4,3,0.5714285714285714,9,25.0,0.4,10,1,1,2,1,2,35,0.0,1.0,1.0,0.1429,0,W009,DEVELOPMENT_SYNTHETIC
19,2,5,45,3,3,1,2,20,3,5,2,0.7142857142857143,2,12.0,0.4,30,3,6,3,3,5,10,1.0,1.0,0.0,0.1679,0,W006,DEVELOPMENT_SYNTHETIC
21,1,2,20,1,1,5,5,20,1,3,2,0.6,6,25.0,0.1,30,3,6,3,3,5,10,0.0,0.0,0.0,0.178,0,W006,DEVELOPMENT_SYNTHETIC
19,2,5,30,1,2,1,2,15,2,2,2,0.5,7,15.0,0.4,30,3,6,3,3,5,15,1.0,0.0,0.0,0.05,0,W006,DEVELOPMENT_SYNTHETIC
23,1,2,30,2,3,1,3,10,3,6,0,1.0,0,20.0,0.0,15,1,2,1,1,1,5,1.0,1.0,1.0,0.98,1,W003,DEVELOPMENT_SYNTHETIC
20,1,4,45,3,1,3,5,45,1,3,1,0.75,12,25.0,0.1,15,1,2,1,1,1,30,0.0,1.0,1.0,0.1311,0,W003,DEVELOPMENT_SYNTHETIC
21,3,4,10,2,2,4,5,45,2,3,0,1.0,11,15.0,0.1,10,1,1,1,1,1,35,0.0,1.0,1.0,0.1531,0,W005,DEVELOPMENT_SYNTHETIC
20,1,4,45,3,1,3,3,20,1,3,0,1.0,4,25.0,0.25,25,3,3,3,2,4,5,1.0,1.0,0.0,0.8258,1,W010,DEVELOPMENT_SYNTHETIC
23,3,2,10,2,3,3,4,20,3,1,2,0.3333333333333333,9,12.0,0.1,30,3,6,3,3,5,10,0.0,0.0,1.0,0.05,0,W006,DEVELOPMENT_SYNTHETIC
23,1,5,15,2,1,2,5,15,1,3,4,0.42857142857142855,2,25.0,0.4,15,1,2,1,1,1,0,0.0,1.0,1.0,0.9758,1,W003,DEVELOPMENT_SYNTHETIC
26,3,2,15,3,3,2,4,15,3,1,1,0.5,5,25.0,0.0,30,3,6,3,3,5,15,0.0,1.0,1.0,0.05,0,W006,DEVELOPMENT_SYNTHETIC
26,2,5,30,1,1,5,4,45,1,5,3,0.625,6,25.0,0.4,15,1,2,1,1,1,30,0.0,1.0,1.0,0.2285,0,W003,DEVELOPMENT_SYNTHETIC
18,3,5,20,1,1,3,2,30,1,1,3,0.25,9,25.0,0.0,25,3,3,3,2,4,5,0.0,0.0,1.0,0.3068,0,W010,DEVELOPMENT_SYNTHETIC
18,2,5,45,3,2,4,5,20,2,3,0,1.0,11,15.0,0.25,15,1,3,2,1,2,5,0.0,1.0,1.0,0.6977,1,W001,DEVELOPMENT_SYNTHETIC
19,2,2,30,2,1,2,2,20,1,4,2,0.6666666666666666,11,25.0,0.1,25,3,3,3,2,4,5,0.0,1.0,0.0,0.3826,0,W010,DEVELOPMENT_SYNTHETIC
23,1,3,45,1,1,5,3,20,1,2,2,0.5,4,20.0,0.0,15,1,2,1,1,1,5,0.0,1.0,1.0,0.6342,1,W003,DEVELOPMENT_SYNTHETIC
20,1,2,15,2,3,2,2,20,3,2,1,0.6666666666666666,12,25.0,0.4,15,1,2,1,1,1,5,1.0,1.0,1.0,0.98,1,W003,DEVELOPMENT_SYNTHETIC
24,3,6,30,2,3,4,1,20,3,6,0,1.0,6,20.0,0.25,15,2,5,2,2,3,5,1.0,1.0,1.0,0.7614,1,W008,DEVELOPMENT_SYNTHETIC
25,2,2,10,3,1,3,1,45,1,1,3,0.25,3,25.0,0.25,30,3,6,3,3,5,15,0.0,1.0,0.0,0.1882,0,W006,DEVELOPMENT_SYNTHETIC
25,2,1,15,3,3,3,1,10,3,0,3,0.0,0,12.0,0.1,15,2,5,2,2,3,5,0.0,1.0,1.0,0.6257,1,W008,DEVELOPMENT_SYNTHETIC
22,1,2,15,2,1,2,3,10,1,5,2,0.7142857142857143,4,12.0,0.25,15,1,2,1,1,1,5,1.0,1.0,1.0,0.98,1,W003,DEVELOPMENT_SYNTHETIC
24,2,5,15,3,2,1,1,10,2,1,3,0.25,1,15.0,0.1,10,1,1,2,1,2,0,0.0,1.0,1.0,0.8657,1,W009,DEVELOPMENT_SYNTHETIC
19,2,4,20,1,1,4,2,45,1,0,1,0.0,6,12.0,0.0,20,2,5,3,2,4,25,0.0,0.0,1.0,0.05,0,W002,DEVELOPMENT_SYNTHETIC
20,2,1,30,2,1,2,1,20,1,4,0,1.0,9,15.0,0.4,30,3,6,3,3,5,10,0.0,0.0,0.0,0.05,0,W006,DEVELOPMENT_SYNTHETIC
24,1,4,15,3,3,5,4,10,3,0,0,0.5,2,12.0,0.4,30,3,6,3,3,5,20,0.0,1.0,0.0,0.05,0,W006,DEVELOPMENT_SYNTHETIC
19,2,2,20,1,1,2,5,20,1,4,4,0.5,4,12.0,0.25,25,2,4,3,1,4,5,0.0,1.0,1.0,0.3264,0,W004,DEVELOPMENT_SYNTHETIC
22,3,6,30,3,1,1,2,15,1,3,0,1.0,3,25.0,0.0,10,1,1,2,1,2,5,0.0,1.0,1.0,0.7044,1,W009,DEVELOPMENT_SYNTHETIC
24,2,5,30,2,1,3,5,20,1,6,3,0.6666666666666666,12,12.0,0.0,25,3,3,3,2,4,5,0.0,1.0,0.0,0.6532,1,W010,DEVELOPMENT_SYNTHETIC
18,1,5,10,2,1,4,5,30,1,5,4,0.5555555555555556,12,25.0,0.4,20,2,4,2,2,3,10,0.0,1.0,1.0,0.4961,0,W007,DEVELOPMENT_SYNTHETIC
20,3,5,45,3,3,3,1,15,3,0,4,0.0,3,15.0,0.25,20,2,4,2,2,3,5,0.0,1.0,1.0,0.6142,1,W007,DEVELOPMENT_SYNTHETIC
22,3,6,10,3,3,4,2,10,3,1,0,1.0,6,12.0,0.4,25,3,3,3,2,4,15,0.0,1.0,1.0,0.05,0,W010,DEVELOPMENT_SYNTHETIC
19,1,6,15,2,3,1,2,20,3,0,1,0.0,7,20.0,0.25,15,1,2,1,1,1,5,0.0,1.0,1.0,0.8135,1,W003,DEVELOPMENT_SYNTHETIC
18,1,1,10,3,2,3,4,30,2,4,0,1.0,4,12.0,0.4,15,2,5,2,2,3,15,0.0,1.0,0.0,0.2108,0,W008,DEVELOPMENT_SYNTHETIC
20,2,6,45,1,2,3,2,30,2,6,0,1.0,9,12.0,0.1,10,1,1,2,1,2,20,0.0,1.0,1.0,0.2023,0,W009,DEVELOPMENT_SYNTHETIC
25,1,5,10,1,1,3,4,20,1,1,0,1.0,8,25.0,0.1,30,3,6,3,3,5,10,1.0,0.0,0.0,0.2674,0,W006,DEVELOPMENT_SYNTHETIC
19,2,3,20,3,2,5,3,15,2,4,0,1.0,2,15.0,0.0,20,2,4,2,2,3,5,1.0,1.0,1.0,0.9072,1,W007,DEVELOPMENT_SYNTHETIC
19,2,5,20,2,2,5,4,15,2,2,1,0.6666666666666666,4,20.0,0.1,15,2,5,2,2,3,0,1.0,1.0,1.0,0.9317,1,W008,DEVELOPMENT_SYNTHETIC
21,3,1,45,2,1,2,1,15,1,0,1,0.0,8,20.0,0.0,30,3,6,3,3,5,15,0.0,0.0,1.0,0.05,0,W006,DEVELOPMENT_SYNTHETIC
19,3,5,20,2,3,2,5,10,3,3,3,0.5,0,15.0,0.25,20,2,5,3,2,4,10,1.0,1.0,1.0,0.4093,0,W002,DEVELOPMENT_SYNTHETIC
25,1,5,20,3,2,1,5,10,2,4,1,0.8,10,25.0,0.0,25,3,3,3,2,4,15,0.0,1.0,0.0,0.05,0,W010,DEVELOPMENT_SYNTHETIC
21,1,6,15,2,3,3,3,15,3,6,3,0.6666666666666666,11,20.0,0.25,15,2,5,2,2,3,0,1.0,1.0,0.0,0.9426,1,W008,DEVELOPMENT_SYNTHETIC
19,1,1,15,1,1,2,1,10,1,3,3,0.5,5,25.0,0.0,10,1,1,2,1,2,0,1.0,1.0,1.0,0.8604,1,W009,DEVELOPMENT_SYNTHETIC
22,1,1,30,2,2,1,1,10,2,6,2,0.75,11,12.0,0.1,30,3,6,3,3,5,20,0.0,0.0,0.0,0.05,0,W006,DEVELOPMENT_SYNTHETIC
24,1,3,20,3,1,5,1,30,1,2,1,0.6666666666666666,0,25.0,0.4,10,1,1,2,1,2,20,0.0,1.0,1.0,0.2252,0,W009,DEVELOPMENT_SYNTHETIC
19,3,4,30,1,1,2,1,10,1,0,1,0.0,2,15.0,0.4,30,3,6,3,3,5,20,0.0,0.0,1.0,0.05,0,W006,DEVELOPMENT_SYNTHETIC
22,3,4,45,3,1,1,1,10,1,1,3,0.25,12,15.0,0.0,30,3,6,3,3,5,20,0.0,1.0,1.0,0.05,0,W006,DEVELOPMENT_SYNTHETIC
24,1,5,15,2,1,4,4,15,1,3,3,0.5,2,20.0,0.1,15,1,2,1,1,1,0,0.0,1.0,1.0,0.7333,1,W003,DEVELOPMENT_SYNTHETIC
21,2,1,10,2,1,3,4,45,1,4,3,0.5714285714285714,0,12.0,0.25,20,2,4,2,2,3,25,0.0,1.0,1.0,0.1763,0,W007,DEVELOPMENT_SYNTHETIC
21,2,3,45,1,3,5,1,15,3,6,2,0.75,7,25.0,0.25,25,3,3,3,2,4,10,1.0,0.0,1.0,0.05,0,W010,DEVELOPMENT_SYNTHETIC
18,2,6,15,2,2,3,5,20,2,0,2,0.0,0,25.0,0.25,25,3,3,3,2,4,5,0.0,1.0,0.0,0.7383,1,W010,DEVELOPMENT_SYNTHETIC
22,1,3,15,1,1,5,1,20,1,4,3,0.5714285714285714,5,15.0,0.1,25,2,4,3,1,4,5,1.0,1.0,1.0,0.8202,1,W004,DEVELOPMENT_SYNTHETIC
18,2,6,20,3,3,3,5,20,3,1,4,0.2,3,25.0,0.25,15,1,2,1,1,1,5,0.0,1.0,1.0,0.587,0,W003,DEVELOPMENT_SYNTHETIC
21,1,2,15,1,1,1,5,15,1,0,2,0.0,9,15.0,0.1,30,3,6,3,3,5,15,0.0,0.0,0.0,0.05,0,W006,DEVELOPMENT_SYNTHETIC
20,1,4,10,2,1,5,2,15,1,6,4,0.6,5,12.0,0.25,20,2,4,2,2,3,5,1.0,1.0,1.0,0.9061,1,W007,DEVELOPMENT_SYNTHETIC
20,1,6,20,2,2,2,4,20,2,3,2,0.6,2,20.0,0.1,25,3,3,3,2,4,5,0.0,1.0,0.0,0.4016,0,W010,DEVELOPMENT_SYNTHETIC
20,2,3,20,2,3,2,1,20,3,4,3,0.5714285714285714,12,12.0,0.1,25,3,3,3,2,4,5,1.0,1.0,0.0,0.174,0,W010,DEVELOPMENT_SYNTHETIC
19,3,1,45,1,3,4,2,15,3,5,0,1.0,3,20.0,0.25,15,1,2,1,1,1,0,0.0,1.0,1.0,0.7258,1,W003,DEVELOPMENT_SYNTHETIC
25,1,4,20,3,3,1,3,10,3,1,0,1.0,5,20.0,0.0,15,1,3,2,1,2,5,1.0,1.0,1.0,0.8633,1,W001,DEVELOPMENT_SYNTHETIC
20,2,5,30,2,3,4,4,15,3,2,4,0.3333333333333333,6,12.0,0.4,25,3,3,3,2,4,10,0.0,1.0,1.0,0.2646,0,W010,DEVELOPMENT_SYNTHETIC
19,3,4,30,1,1,1,3,10,1,2,2,0.5,1,12.0,0.25,15,1,2,1,1,1,5,0.0,1.0,1.0,0.8722,1,W003,DEVELOPMENT_SYNTHETIC
19,1,2,45,3,1,3,5,45,1,5,0,1.0,6,15.0,0.4,15,1,2,1,1,1,30,1.0,1.0,1.0,0.3887,0,W003,DEVELOPMENT_SYNTHETIC
24,1,5,15,2,1,5,5,30,1,5,2,0.7142857142857143,4,15.0,0.0,15,1,3,2,1,2,15,0.0,1.0,1.0,0.1537,0,W001,DEVELOPMENT_SYNTHETIC
18,3,2,15,3,2,3,1,45,2,0,2,0.0,10,25.0,0.1,20,2,5,3,2,4,25,0.0,1.0,1.0,0.197,0,W002,DEVELOPMENT_SYNTHETIC
19,1,5,20,1,3,4,1,15,3,6,3,0.6666666666666666,7,25.0,0.25,20,2,5,3,2,4,5,1.0,0.0,1.0,0.2379,0,W002,DEVELOPMENT_SYNTHETIC
24,3,4,20,2,1,3,2,45,1,0,2,0.0,7,25.0,0.25,25,2,4,3,1,4,20,1.0,1.0,1.0,0.2988,0,W004,DEVELOPMENT_SYNTHETIC
19,3,1,10,1,1,3,5,45,1,6,4,0.6,3,12.0,0.4,10,1,1,2,1,2,35,1.0,1.0,1.0,0.3374,0,W009,DEVELOPMENT_SYNTHETIC
21,3,2,45,3,2,4,3,15,2,3,0,1.0,8,15.0,0.0,15,2,5,2,2,3,0,0.0,1.0,1.0,0.6876,1,W008,DEVELOPMENT_SYNTHETIC
18,1,3,15,1,1,4,1,45,1,1,1,0.5,9,20.0,0.25,20,2,5,3,2,4,25,0.0,0.0,1.0,0.05,0,W002,DEVELOPMENT_SYNTHETIC
23,2,5,45,3,2,3,5,45,2,6,0,1.0,12,25.0,0.0,20,2,4,2,2,3,25,0.0,1.0,1.0,0.1285,0,W007,DEVELOPMENT_SYNTHETIC
19,1,3,45,3,3,1,5,10,3,6,2,0.75,8,20.0,0.4,10,1,1,1,1,1,0,0.0,1.0,1.0,0.928,1,W005,DEVELOPMENT_SYNTHETIC
25,3,2,45,2,3,1,2,15,3,3,1,0.75,9,25.0,0.0,20,2,4,2,2,3,5,0.0,1.0,1.0,0.6565,1,W007,DEVELOPMENT_SYNTHETIC
22,3,1,30,1,1,3,1,30,1,6,2,0.75,4,20.0,0.4,20,2,5,3,2,4,10,0.0,0.0,1.0,0.2221,0,W002,DEVELOPMENT_SYNTHETIC
23,1,3,30,2,3,3,4,20,3,5,0,1.0,3,25.0,0.1,20,2,4,2,2,3,0,1.0,1.0,0.0,0.8282,1,W007,DEVELOPMENT_SYNTHETIC
26,2,4,10,3,2,2,1,15,2,5,4,0.5555555555555556,6,15.0,0.0,15,1,2,1,1,1,0,0.0,1.0,1.0,0.98,1,W003,DEVELOPMENT_SYNTHETIC
25,1,3,10,1,1,1,3,20,1,1,2,0.3333333333333333,5,25.0,0.4,20,2,5,3,2,4,0,0.0,0.0,0.0,0.0505,0,W002,DEVELOPMENT_SYNTHETIC
25,1,4,30,1,2,2,4,20,2,4,2,0.6666666666666666,5,15.0,0.25,20,2,5,3,2,4,0,0.0,0.0,0.0,0.05,0,W002,DEVELOPMENT_SYNTHETIC
21,1,1,15,2,1,2,2,20,1,1,2,0.3333333333333333,10,25.0,0.0,15,1,3,2,1,2,5,0.0,1.0,1.0,0.6731,1,W001,DEVELOPMENT_SYNTHETIC
18,1,2,45,3,1,2,3,20,1,6,2,0.75,11,20.0,0.4,20,2,4,2,2,3,0,0.0,1.0,0.0,0.76,1,W007,DEVELOPMENT_SYNTHETIC
22,2,1,30,2,1,5,5,45,1,4,0,1.0,0,20.0,0.25,10,1,1,1,1,1,35,1.0,1.0,1.0,0.32,0,W005,DEVELOPMENT_SYNTHETIC
22,1,4,20,2,1,3,3,30,1,5,2,0.7142857142857143,3,15.0,0.1,15,1,3,2,1,2,15,1.0,1.0,1.0,0.3535,0,W001,DEVELOPMENT_SYNTHETIC
18,2,6,15,3,2,4,3,30,2,3,3,0.5,6,12.0,0.1,30,3,6,3,3,5,0,1.0,1.0,1.0,0.8807,1,W006,DEVELOPMENT_SYNTHETIC
25,3,4,45,1,3,3,5,15,3,6,1,0.8571428571428571,10,15.0,0.25,20,2,5,3,2,4,5,0.0,0.0,1.0,0.2557,0,W002,DEVELOPMENT_SYNTHETIC
20,1,2,45,3,2,3,1,20,2,2,1,0.6666666666666666,11,20.0,0.4,30,3,6,3,3,5,10,0.0,1.0,0.0,0.5831,0,W006,DEVELOPMENT_SYNTHETIC
19,2,1,30,3,2,4,1,15,2,3,1,0.75,8,12.0,0.4,10,1,1,2,1,2,5,1.0,1.0,1.0,0.8793,1,W009,DEVELOPMENT_SYNTHETIC
21,2,1,15,1,1,3,4,45,1,1,2,0.3333333333333333,11,15.0,0.0,15,2,5,2,2,3,30,0.0,0.0,1.0,0.05,0,W008,DEVELOPMENT_SYNTHETIC
18,3,1,10,1,2,4,3,20,2,6,1,0.8571428571428571,9,15.0,0.4,20,2,5,3,2,4,0,0.0,0.0,1.0,0.4567,0,W002,DEVELOPMENT_SYNTHETIC
24,3,3,30,2,3,4,4,15,3,0,0,0.5,8,15.0,0.25,15,1,3,2,1,2,0,1.0,1.0,1.0,0.8024,1,W001,DEVELOPMENT_SYNTHETIC
21,3,1,10,1,1,2,3,15,1,1,0,1.0,6,20.0,0.1,20,2,5,3,2,4,5,0.0,0.0,1.0,0.05,0,W002,DEVELOPMENT_SYNTHETIC
26,2,5,45,2,2,3,4,20,2,2,3,0.4,5,15.0,0.1,20,2,4,2,2,3,0,0.0,1.0,1.0,0.7794,1,W007,DEVELOPMENT_SYNTHETIC
21,1,5,15,1,3,1,5,20,3,1,0,1.0,5,12.0,0.4,10,1,1,1,1,1,10,0.0,1.0,1.0,0.764,1,W005,DEVELOPMENT_SYNTHETIC
19,3,6,10,1,3,1,1,20,3,0,3,0.0,7,25.0,0.0,10,1,1,2,1,2,10,0.0,1.0,1.0,0.5189,0,W009,DEVELOPMENT_SYNTHETIC
18,2,1,15,3,1,3,4,15,1,5,4,0.5555555555555556,4,15.0,0.4,20,2,5,3,2,4,5,0.0,1.0,1.0,0.6396,1,W002,DEVELOPMENT_SYNTHETIC
19,3,6,20,3,1,1,4,10,1,4,1,0.8,12,20.0,0.1,30,3,6,3,3,5,20,1.0,1.0,1.0,0.05,0,W006,DEVELOPMENT_SYNTHETIC
26,2,4,10,2,1,4,2,45,1,2,1,0.6666666666666666,0,12.0,0.0,20,2,5,3,2,4,25,0.0,1.0,1.0,0.1705,0,W002,DEVELOPMENT_SYNTHETIC
26,3,6,10,2,1,1,1,15,1,5,1,0.8333333333333334,7,20.0,0.25,15,2,5,2,2,3,0,1.0,1.0,1.0,0.9425,1,W008,DEVELOPMENT_SYNTHETIC
23,1,5,20,1,1,3,4,15,1,0,0,0.5,0,15.0,0.1,30,3,6,3,3,5,15,1.0,0.0,0.0,0.05,0,W006,DEVELOPMENT_SYNTHETIC
23,2,1,10,3,2,3,2,15,2,3,3,0.5,7,20.0,0.4,15,2,5,2,2,3,0,0.0,1.0,1.0,0.7154,1,W008,DEVELOPMENT_SYNTHETIC
18,3,2,15,1,1,2,1,15,1,4,3,0.5714285714285714,12,25.0,0.1,25,3,3,3,2,4,10,0.0,0.0,1.0,0.05,0,W010,DEVELOPMENT_SYNTHETIC
25,2,2,15,3,1,4,1,45,1,3,0,1.0,1,20.0,0.25,15,1,3,2,1,2,30,0.0,1.0,1.0,0.2154,0,W001,DEVELOPMENT_SYNTHETIC
21,3,4,45,3,3,3,5,20,3,5,4,0.5555555555555556,1,25.0,0.1,15,2,5,2,2,3,5,0.0,1.0,1.0,0.6906,1,W008,DEVELOPMENT_SYNTHETIC
20,3,1,30,3,3,5,5,10,3,0,1,0.0,8,25.0,0.4,15,1,2,1,1,1,5,0.0,1.0,1.0,0.6815,1,W003,DEVELOPMENT_SYNTHETIC
22,2,5,20,2,1,1,5,10,1,4,3,0.5714285714285714,6,15.0,0.0,15,2,5,2,2,3,5,1.0,1.0,1.0,0.7586,1,W008,DEVELOPMENT_SYNTHETIC
25,3,2,30,2,1,3,1,45,1,5,0,1.0,1,25.0,0.4,15,1,3,2,1,2,30,0.0,1.0,1.0,0.172,0,W001,DEVELOPMENT_SYNTHETIC
22,3,6,45,1,1,5,5,20,1,5,3,0.625,5,20.0,0.0,25,2,4,3,1,4,5,0.0,1.0,1.0,0.6874,1,W004,DEVELOPMENT_SYNTHETIC
25,2,2,45,3,3,3,4,10,3,0,1,0.0,0,20.0,0.25,10,1,1,1,1,1,0,0.0,1.0,1.0,0.7805,1,W005,DEVELOPMENT_SYNTHETIC
18,3,6,10,2,3,2,4,10,3,6,3,0.6666666666666666,1,20.0,0.1,25,2,4,3,1,4,15,0.0,1.0,1.0,0.05,0,W004,DEVELOPMENT_SYNTHETIC
23,2,5,15,1,2,1,4,10,2,5,4,0.5555555555555556,1,25.0,0.4,25,3,3,3,2,4,15,0.0,0.0,0.0,0.05,0,W010,DEVELOPMENT_SYNTHETIC
18,1,6,45,2,1,5,4,45,1,4,1,0.8,11,15.0,0.1,20,2,5,3,2,4,25,1.0,1.0,1.0,0.4139,0,W002,DEVELOPMENT_SYNTHETIC
26,3,2,20,3,3,4,4,20,3,5,1,0.8333333333333334,4,25.0,0.25,10,1,1,1,1,1,10,0.0,1.0,1.0,0.5204,0,W005,DEVELOPMENT_SYNTHETIC
26,1,2,45,1,2,3,5,30,2,5,4,0.5555555555555556,10,15.0,0.1,25,2,4,3,1,4,5,0.0,1.0,0.0,0.6774,1,W004,DEVELOPMENT_SYNTHETIC
20,3,6,20,2,3,2,5,20,3,5,2,0.7142857142857143,11,12.0,0.25,10,1,1,2,1,2,10,0.0,1.0,1.0,0.5399,0,W009,DEVELOPMENT_SYNTHETIC
26,3,2,30,3,3,3,4,10,3,4,0,1.0,0,25.0,0.1,15,1,3,2,1,2,5,0.0,1.0,1.0,0.6391,1,W001,DEVELOPMENT_SYNTHETIC
22,1,4,15,1,2,3,2,15,2,5,2,0.7142857142857143,3,12.0,0.25,15,2,5,2,2,3,0,0.0,0.0,0.0,0.4049,0,W008,DEVELOPMENT_SYNTHETIC
21,3,5,45,3,3,5,4,10,3,4,2,0.6666666666666666,11,12.0,0.4,20,2,4,2,2,3,10,0.0,1.0,1.0,0.5913,0,W007,DEVELOPMENT_SYNTHETIC
18,3,2,10,2,3,3,2,20,3,6,3,0.6666666666666666,3,20.0,0.1,25,2,4,3,1,4,5,0.0,1.0,1.0,0.4407,0,W004,DEVELOPMENT_SYNTHETIC
20,2,1,10,1,3,2,5,10,3,3,0,1.0,6,20.0,0.25,15,1,2,1,1,1,5,0.0,1.0,1.0,0.9153,1,W003,DEVELOPMENT_SYNTHETIC
25,3,3,20,2,1,2,1,10,1,2,4,0.3333333333333333,0,20.0,0.4,25,3,3,3,2,4,15,1.0,1.0,1.0,0.0511,0,W010,DEVELOPMENT_SYNTHETIC
26,2,6,20,1,3,2,2,20,3,0,4,0.0,2,25.0,0.4,20,2,5,3,2,4,0,1.0,0.0,1.0,0.2341,0,W002,DEVELOPMENT_SYNTHETIC
23,1,1,20,1,3,3,3,10,3,6,4,0.6,8,25.0,0.0,20,2,5,3,2,4,10,0.0,0.0,0.0,0.1345,0,W002,DEVELOPMENT_SYNTHETIC
21,2,4,45,2,1,1,3,15,1,6,0,1.0,6,20.0,0.25,15,1,3,2,1,2,0,1.0,1.0,1.0,0.9162,1,W001,DEVELOPMENT_SYNTHETIC
25,2,6,30,3,3,1,3,20,3,1,2,0.3333333333333333,8,12.0,0.0,15,1,2,1,1,1,5,0.0,1.0,1.0,0.8435,1,W003,DEVELOPMENT_SYNTHETIC
21,3,6,10,1,3,2,4,10,3,1,4,0.2,11,25.0,0.0,15,1,2,1,1,1,5,0.0,1.0,1.0,0.8548,1,W003,DEVELOPMENT_SYNTHETIC
19,2,5,10,3,2,1,1,10,2,6,2,0.75,8,12.0,0.1,10,1,1,1,1,1,0,0.0,1.0,1.0,0.9798,1,W005,DEVELOPMENT_SYNTHETIC
24,2,2,30,2,3,3,1,15,3,5,0,1.0,8,12.0,0.0,25,3,3,3,2,4,10,0.0,1.0,0.0,0.2591,0,W010,DEVELOPMENT_SYNTHETIC
19,3,5,45,1,2,3,3,15,2,2,3,0.4,6,25.0,0.0,15,2,5,2,2,3,0,1.0,0.0,1.0,0.6046,1,W008,DEVELOPMENT_SYNTHETIC
26,3,3,30,1,1,3,2,30,1,5,2,0.7142857142857143,0,15.0,0.0,15,1,3,2,1,2,15,1.0,1.0,1.0,0.2997,0,W001,DEVELOPMENT_SYNTHETIC
26,3,5,45,3,2,1,3,10,2,5,2,0.7142857142857143,3,25.0,0.1,15,1,2,1,1,1,5,0.0,1.0,1.0,0.7893,1,W003,DEVELOPMENT_SYNTHETIC
19,1,3,15,3,2,2,5,10,2,6,4,0.6,7,12.0,0.25,20,2,5,3,2,4,10,0.0,1.0,0.0,0.3079,0,W002,DEVELOPMENT_SYNTHETIC
25,1,1,45,1,3,3,3,10,3,5,1,0.8333333333333334,1,20.0,0.0,25,2,4,3,1,4,15,0.0,1.0,0.0,0.05,0,W004,DEVELOPMENT_SYNTHETIC
22,2,1,45,2,2,5,2,30,2,6,2,0.75,6,15.0,0.0,30,3,6,3,3,5,0,0.0,0.0,1.0,0.3812,0,W006,DEVELOPMENT_SYNTHETIC
22,1,3,30,3,3,3,2,20,3,5,2,0.7142857142857143,7,25.0,0.4,30,3,6,3,3,5,10,0.0,1.0,0.0,0.3314,0,W006,DEVELOPMENT_SYNTHETIC
19,2,1,15,3,1,3,2,20,1,2,0,1.0,11,12.0,0.0,10,1,1,2,1,2,10,1.0,1.0,1.0,0.6994,1,W009,DEVELOPMENT_SYNTHETIC
21,1,4,30,3,3,1,5,15,3,4,4,0.5,7,15.0,0.25,20,2,4,2,2,3,5,1.0,1.0,0.0,0.7551,1,W007,DEVELOPMENT_SYNTHETIC
25,3,3,15,3,2,5,5,15,2,3,2,0.6,8,12.0,0.1,25,3,3,3,2,4,10,1.0,1.0,1.0,0.7038,1,W010,DEVELOPMENT_SYNTHETIC
20,1,4,30,3,1,2,5,20,1,5,1,0.8333333333333334,11,25.0,0.25,15,1,3,2,1,2,5,1.0,1.0,1.0,0.7661,1,W001,DEVELOPMENT_SYNTHETIC
23,2,3,20,1,1,2,1,20,1,1,4,0.2,12,20.0,0.4,15,2,5,2,2,3,5,0.0,0.0,1.0,0.2988,0,W008,DEVELOPMENT_SYNTHETIC
19,1,2,20,1,3,5,3,20,3,2,4,0.3333333333333333,8,15.0,0.4,20,2,4,2,2,3,0,0.0,0.0,1.0,0.3426,0,W007,DEVELOPMENT_SYNTHETIC
22,3,1,45,3,1,4,2,45,1,2,2,0.5,7,25.0,0.0,10,1,1,2,1,2,35,1.0,1.0,1.0,0.3087,0,W009,DEVELOPMENT_SYNTHETIC
26,2,3,10,1,1,3,2,20,1,1,1,0.5,5,12.0,0.1,20,2,4,2,2,3,0,1.0,0.0,1.0,0.4839,0,W007,DEVELOPMENT_SYNTHETIC
25,3,1,30,1,2,2,5,10,2,5,3,0.625,0,15.0,0.0,15,1,2,1,1,1,5,0.0,1.0,1.0,0.8706,1,W003,DEVELOPMENT_SYNTHETIC
18,3,6,45,1,1,5,2,15,1,1,2,0.3333333333333333,2,25.0,0.0,10,1,1,1,1,1,5,0.0,1.0,1.0,0.6218,1,W005,DEVELOPMENT_SYNTHETIC
25,1,5,30,2,3,2,2,15,3,4,1,0.8,12,15.0,0.25,15,1,2,1,1,1,0,0.0,1.0,1.0,0.9089,1,W003,DEVELOPMENT_SYNTHETIC
19,3,4,45,2,2,2,4,15,2,1,0,1.0,0,15.0,0.4,15,1,2,1,1,1,0,0.0,1.0,1.0,0.9622,1,W003,DEVELOPMENT_SYNTHETIC
18,1,6,45,1,2,5,5,15,2,0,3,0.0,10,15.0,0.0,20,2,4,2,2,3,5,0.0,0.0,1.0,0.2622,0,W007,DEVELOPMENT_SYNTHETIC
24,2,6,45,2,1,2,4,15,1,2,4,0.3333333333333333,12,12.0,0.4,15,1,2,1,1,1,0,0.0,1.0,1.0,0.9247,1,W003,DEVELOPMENT_SYNTHETIC
26,2,1,20,1,1,4,3,20,1,0,0,0.5,9,12.0,0.0,20,2,4,2,2,3,0,0.0,0.0,1.0,0.3264,0,W007,DEVELOPMENT_SYNTHETIC
23,1,4,30,3,2,1,2,15,2,5,4,0.5555555555555556,4,20.0,0.4,25,3,3,3,2,4,10,1.0,1.0,0.0,0.4116,0,W010,DEVELOPMENT_SYNTHETIC
21,3,1,30,2,3,4,5,20,3,3,1,0.75,5,25.0,0.25,10,1,1,1,1,1,10,1.0,1.0,1.0,0.6276,1,W005,DEVELOPMENT_SYNTHETIC
19,2,6,15,3,2,2,4,20,2,1,0,1.0,3,25.0,0.25,10,1,1,2,1,2,10,0.0,1.0,1.0,0.4796,0,W009,DEVELOPMENT_SYNTHETIC
20,3,6,10,3,3,4,1,10,3,6,1,0.8571428571428571,7,25.0,0.0,20,2,5,3,2,4,10,1.0,1.0,1.0,0.6641,1,W002,DEVELOPMENT_SYNTHETIC
18,1,1,45,2,1,4,4,30,1,5,4,0.5555555555555556,0,15.0,0.4,15,2,5,2,2,3,15,0.0,1.0,1.0,0.1893,0,W008,DEVELOPMENT_SYNTHETIC
21,1,5,20,3,3,1,5,20,3,4,1,0.8,9,15.0,0.0,30,3,6,3,3,5,10,1.0,1.0,0.0,0.1655,0,W006,DEVELOPMENT_SYNTHETIC
22,3,3,10,1,1,4,3,45,1,3,4,0.42857142857142855,3,12.0,0.0,20,2,5,3,2,4,25,0.0,0.0,1.0,0.05,0,W002,DEVELOPMENT_SYNTHETIC
23,2,6,45,3,3,3,3,10,3,4,1,0.8,7,25.0,0.0,10,1,1,1,1,1,0,0.0,1.0,1.0,0.7929,1,W005,DEVELOPMENT_SYNTHETIC
19,2,3,45,3,1,5,3,30,1,0,4,0.0,4,20.0,0.4,20,2,4,2,2,3,10,1.0,1.0,1.0,0.692,1,W007,DEVELOPMENT_SYNTHETIC
25,2,6,30,1,2,5,1,45,2,0,2,0.0,1,25.0,0.1,25,2,4,3,1,4,20,0.0,1.0,1.0,0.199,0,W004,DEVELOPMENT_SYNTHETIC
18,2,1,45,2,3,3,2,15,3,0,3,0.0,10,20.0,0.0,10,1,1,2,1,2,5,1.0,1.0,1.0,0.7499,1,W009,DEVELOPMENT_SYNTHETIC
22,2,3,15,2,2,2,2,15,2,5,1,0.8333333333333334,3,15.0,0.25,25,2,4,3,1,4,10,1.0,1.0,1.0,0.3991,0,W004,DEVELOPMENT_SYNTHETIC
20,1,3,20,1,3,1,1,10,3,5,3,0.625,9,12.0,0.0,15,2,5,2,2,3,5,0.0,0.0,0.0,0.2356,0,W008,DEVELOPMENT_SYNTHETIC
22,3,1,45,2,2,4,2,30,2,3,1,0.75,12,15.0,0.0,10,1,1,2,1,2,20,1.0,1.0,1.0,0.3661,0,W009,DEVELOPMENT_SYNTHETIC
23,2,2,45,3,1,4,2,45,1,0,4,0.0,7,20.0,0.0,15,1,3,2,1,2,30,0.0,1.0,1.0,0.1586,0,W001,DEVELOPMENT_SYNTHETIC
23,1,4,10,2,3,3,5,15,3,1,4,0.2,4,15.0,0.25,15,2,5,2,2,3,0,0.0,1.0,0.0,0.776,1,W008,DEVELOPMENT_SYNTHETIC
24,2,6,30,2,1,2,4,20,1,6,2,0.75,5,25.0,0.25,15,2,5,2,2,3,5,1.0,1.0,1.0,0.8766,1,W008,DEVELOPMENT_SYNTHETIC
19,3,3,15,1,3,3,2,20,3,3,3,0.5,3,15.0,0.1,15,2,5,2,2,3,5,0.0,0.0,1.0,0.2446,0,W008,DEVELOPMENT_SYNTHETIC
26,1,5,15,2,2,5,3,45,2,2,2,0.5,8,12.0,0.4,20,2,5,3,2,4,25,1.0,1.0,1.0,0.3701,0,W002,DEVELOPMENT_SYNTHETIC
25,1,4,20,1,1,1,4,20,1,2,2,0.5,5,20.0,0.25,30,3,6,3,3,5,10,0.0,0.0,0.0,0.05,0,W006,DEVELOPMENT_SYNTHETIC
21,2,5,45,1,2,5,5,20,2,6,2,0.75,5,20.0,0.4,15,2,5,2,2,3,5,1.0,0.0,1.0,0.3799,0,W008,DEVELOPMENT_SYNTHETIC
20,2,5,30,3,2,2,3,15,2,5,4,0.5555555555555556,9,25.0,0.0,20,2,5,3,2,4,5,1.0,1.0,1.0,0.5112,0,W002,DEVELOPMENT_SYNTHETIC
22,2,3,20,1,2,3,5,45,2,2,3,0.4,12,20.0,0.4,20,2,4,2,2,3,25,1.0,0.0,1.0,0.05,0,W007,DEVELOPMENT_SYNTHETIC
22,1,3,15,1,1,1,2,10,1,3,0,1.0,1,12.0,0.4,10,1,1,2,1,2,0,0.0,1.0,1.0,0.7549,1,W009,DEVELOPMENT_SYNTHETIC
19,1,5,10,2,3,3,5,10,3,0,3,0.0,4,15.0,0.1,10,1,1,1,1,1,0,0.0,1.0,1.0,0.7113,1,W005,DEVELOPMENT_SYNTHETIC
20,3,2,45,1,1,1,1,20,1,2,2,0.5,7,25.0,0.25,10,1,1,2,1,2,10,0.0,1.0,1.0,0.5512,0,W009,DEVELOPMENT_SYNTHETIC
25,1,2,15,3,3,5,4,20,3,5,4,0.5555555555555556,4,20.0,0.4,10,1,1,2,1,2,10,0.0,1.0,1.0,0.5749,0,W009,DEVELOPMENT_SYNTHETIC
24,1,3,20,2,2,3,2,30,2,0,0,0.5,8,15.0,0.25,10,1,1,1,1,1,20,0.0,1.0,1.0,0.2726,0,W005,DEVELOPMENT_SYNTHETIC
25,3,2,30,1,3,3,1,15,3,6,2,0.75,9,15.0,0.0,10,1,1,2,1,2,5,0.0,1.0,1.0,0.698,1,W009,DEVELOPMENT_SYNTHETIC
24,1,1,30,2,3,2,2,20,3,5,3,0.625,6,15.0,0.25,20,2,5,3,2,4,0,0.0,1.0,0.0,0.5577,0,W002,DEVELOPMENT_SYNTHETIC
22,3,2,45,1,3,3,5,15,3,3,1,0.75,1,15.0,0.1,10,1,1,1,1,1,5,0.0,1.0,1.0,0.6116,1,W005,DEVELOPMENT_SYNTHETIC
22,3,5,30,2,3,5,4,10,3,2,0,1.0,2,12.0,0.0,15,1,2,1,1,1,5,0.0,1.0,1.0,0.6936,1,W003,DEVELOPMENT_SYNTHETIC
18,2,5,30,2,1,2,1,10,1,0,3,0.0,3,20.0,0.4,10,1,1,1,1,1,0,0.0,1.0,1.0,0.9592,1,W005,DEVELOPMENT_SYNTHETIC
23,2,2,10,2,3,1,2,10,3,2,3,0.4,1,25.0,0.1,25,2,4,3,1,4,15,0.0,1.0,1.0,0.05,0,W004,DEVELOPMENT_SYNTHETIC
24,2,1,15,1,1,4,2,15,1,1,3,0.25,11,12.0,0.1,15,2,5,2,2,3,0,0.0,0.0,1.0,0.3096,0,W008,DEVELOPMENT_SYNTHETIC
18,3,2,15,2,2,5,5,15,2,2,3,0.4,10,20.0,0.1,30,3,6,3,3,5,15,0.0,0.0,1.0,0.05,0,W006,DEVELOPMENT_SYNTHETIC
24,3,5,15,1,1,3,1,20,1,6,2,0.75,9,12.0,0.4,25,2,4,3,1,4,5,0.0,1.0,1.0,0.62,1,W004,DEVELOPMENT_SYNTHETIC
20,1,5,30,3,3,3,1,10,3,1,3,0.25,1,20.0,0.0,15,1,3,2,1,2,5,0.0,1.0,1.0,0.5438,0,W001,DEVELOPMENT_SYNTHETIC
19,3,1,45,1,3,2,4,10,3,2,4,0.3333333333333333,12,20.0,0.4,25,2,4,3,1,4,15,0.0,1.0,1.0,0.05,0,W004,DEVELOPMENT_SYNTHETIC
22,3,5,15,2,2,1,4,20,2,3,4,0.42857142857142855,4,25.0,0.1,25,3,3,3,2,4,5,0.0,1.0,1.0,0.312,0,W010,DEVELOPMENT_SYNTHETIC
22,3,3,30,2,2,5,5,20,2,0,4,0.0,2,25.0,0.25,10,1,1,1,1,1,10,0.0,1.0,1.0,0.5575,0,W005,DEVELOPMENT_SYNTHETIC
24,2,6,45,2,1,2,1,20,1,6,2,0.75,12,15.0,0.25,20,2,5,3,2,4,0,1.0,1.0,1.0,0.6171,1,W002,DEVELOPMENT_SYNTHETIC
25,3,4,45,2,1,5,2,30,1,2,3,0.4,10,20.0,0.0,20,2,5,3,2,4,10,0.0,1.0,1.0,0.6438,1,W002,DEVELOPMENT_SYNTHETIC
20,3,6,15,1,1,1,2,10,1,3,1,0.75,1,12.0,0.4,15,2,5,2,2,3,5,1.0,0.0,1.0,0.4475,0,W008,DEVELOPMENT_SYNTHETIC
18,3,6,20,3,3,3,2,20,3,5,0,1.0,0,15.0,0.4,20,2,5,3,2,4,0,1.0,1.0,1.0,0.8712,1,W002,DEVELOPMENT_SYNTHETIC
24,3,2,45,1,2,3,1,30,2,4,0,1.0,11,12.0,0.25,20,2,5,3,2,4,10,0.0,0.0,1.0,0.1051,0,W002,DEVELOPMENT_SYNTHETIC
26,3,3,15,1,1,4,2,20,1,4,1,0.8,9,15.0,0.4,20,2,5,3,2,4,0,0.0,0.0,1.0,0.3746,0,W002,DEVELOPMENT_SYNTHETIC
24,3,4,30,2,3,1,2,10,3,4,3,0.5714285714285714,8,20.0,0.1,10,1,1,2,1,2,0,0.0,1.0,1.0,0.684,1,W009,DEVELOPMENT_SYNTHETIC
23,2,6,45,2,2,3,4,45,2,6,2,0.75,9,15.0,0.1,20,2,4,2,2,3,25,0.0,1.0,1.0,0.2916,0,W007,DEVELOPMENT_SYNTHETIC
25,3,6,30,2,2,4,1,15,2,2,4,0.3333333333333333,0,15.0,0.25,15,1,3,2,1,2,0,0.0,1.0,1.0,0.809,1,W001,DEVELOPMENT_SYNTHETIC
22,1,1,10,1,2,5,5,20,2,0,0,0.5,7,20.0,0.1,15,1,2,1,1,1,5,0.0,1.0,1.0,0.6265,1,W003,DEVELOPMENT_SYNTHETIC
22,2,1,15,3,1,3,1,45,1,4,1,0.8,11,12.0,0.25,15,2,5,2,2,3,30,0.0,1.0,1.0,0.1143,0,W008,DEVELOPMENT_SYNTHETIC
19,2,3,45,3,3,5,3,10,3,5,4,0.5555555555555556,6,12.0,0.0,30,3,6,3,3,5,20,0.0,1.0,1.0,0.05,0,W006,DEVELOPMENT_SYNTHETIC
18,2,1,15,2,1,4,1,30,1,4,0,1.0,5,15.0,0.25,10,1,1,2,1,2,20,1.0,1.0,1.0,0.3443,0,W009,DEVELOPMENT_SYNTHETIC
25,1,4,30,1,1,5,5,15,1,1,3,0.25,4,25.0,0.1,15,1,2,1,1,1,0,0.0,1.0,1.0,0.8119,1,W003,DEVELOPMENT_SYNTHETIC
26,1,1,10,2,3,4,3,10,3,3,4,0.42857142857142855,6,15.0,0.1,15,2,5,2,2,3,5,0.0,1.0,1.0,0.5703,0,W008,DEVELOPMENT_SYNTHETIC
21,1,6,45,2,2,5,5,20,2,1,0,1.0,4,25.0,0.25,25,3,3,3,2,4,5,0.0,1.0,0.0,0.62,1,W010,DEVELOPMENT_SYNTHETIC
23,1,5,30,3,2,3,2,30,2,2,4,0.3333333333333333,10,12.0,0.25,15,1,2,1,1,1,15,0.0,1.0,1.0,0.2003,0,W003,DEVELOPMENT_SYNTHETIC
25,3,1,15,2,3,1,2,10,3,5,2,0.7142857142857143,2,12.0,0.0,15,1,3,2,1,2,5,0.0,1.0,1.0,0.6523,1,W001,DEVELOPMENT_SYNTHETIC
23,3,3,10,1,2,1,3,15,2,3,0,1.0,5,15.0,0.1,25,2,4,3,1,4,10,1.0,1.0,1.0,0.3775,0,W004,DEVELOPMENT_SYNTHETIC
20,3,6,30,2,3,1,4,20,3,5,4,0.5555555555555556,0,20.0,0.1,15,1,3,2,1,2,5,0.0,1.0,1.0,0.6811,1,W001,DEVELOPMENT_SYNTHETIC
18,1,1,20,3,3,4,1,10,3,3,2,0.6,10,20.0,0.0,15,1,3,2,1,2,5,0.0,1.0,1.0,0.5966,0,W001,DEVELOPMENT_SYNTHETIC
26,3,1,30,2,1,1,3,15,1,6,4,0.6,8,12.0,0.1,25,2,4,3,1,4,10,0.0,1.0,1.0,0.2429,0,W004,DEVELOPMENT_SYNTHETIC
18,2,6,10,3,3,2,5,15,3,2,3,0.4,6,15.0,0.0,30,3,6,3,3,5,15,1.0,1.0,0.0,0.05,0,W006,DEVELOPMENT_SYNTHETIC
21,2,4,20,2,3,5,3,10,3,5,2,0.7142857142857143,6,12.0,0.25,25,2,4,3,1,4,15,1.0,1.0,1.0,0.1257,0,W004,DEVELOPMENT_SYNTHETIC
19,2,3,15,2,3,4,5,20,3,4,1,0.8,6,15.0,0.1,20,2,4,2,2,3,0,1.0,1.0,1.0,0.9356,1,W007,DEVELOPMENT_SYNTHETIC
20,3,1,45,2,2,2,2,20,2,4,1,0.8,2,20.0,0.1,20,2,4,2,2,3,0,0.0,1.0,1.0,0.6938,1,W007,DEVELOPMENT_SYNTHETIC
19,3,3,20,3,1,5,5,15,1,1,2,0.3333333333333333,2,12.0,0.25,20,2,4,2,2,3,5,1.0,1.0,1.0,0.7233,1,W007,DEVELOPMENT_SYNTHETIC
20,2,2,20,2,3,2,1,10,3,1,0,1.0,12,20.0,0.1,25,3,3,3,2,4,15,0.0,1.0,0.0,0.05,0,W010,DEVELOPMENT_SYNTHETIC
19,1,3,20,3,1,4,2,45,1,5,2,0.7142857142857143,2,25.0,0.4,15,2,5,2,2,3,30,0.0,1.0,1.0,0.2166,0,W008,DEVELOPMENT_SYNTHETIC
24,1,3,10,1,1,1,3,15,1,1,1,0.5,12,15.0,0.0,15,1,2,1,1,1,0,0.0,1.0,1.0,0.9126,1,W003,DEVELOPMENT_SYNTHETIC
25,3,2,20,2,3,2,4,15,3,6,0,1.0,9,25.0,0.25,20,2,4,2,2,3,5,0.0,1.0,1.0,0.7276,1,W007,DEVELOPMENT_SYNTHETIC
26,3,6,45,3,3,1,5,10,3,3,3,0.5,0,15.0,0.4,15,1,3,2,1,2,5,0.0,1.0,1.0,0.6558,1,W001,DEVELOPMENT_SYNTHETIC
21,2,6,10,3,3,3,4,15,3,2,2,0.5,7,15.0,0.4,10,1,1,1,1,1,5,0.0,1.0,1.0,0.709,1,W005,DEVELOPMENT_SYNTHETIC
25,1,6,15,3,3,4,1,20,3,4,0,1.0,2,15.0,0.4,20,2,4,2,2,3,0,0.0,1.0,1.0,0.7534,1,W007,DEVELOPMENT_SYNTHETIC
21,2,1,30,1,1,4,1,30,1,2,1,0.6666666666666666,11,12.0,0.0,20,2,5,3,2,4,10,0.0,0.0,1.0,0.253,0,W002,DEVELOPMENT_SYNTHETIC
26,2,4,10,3,2,4,5,20,2,3,4,0.42857142857142855,6,12.0,0.1,30,3,6,3,3,5,10,0.0,1.0,1.0,0.6378,1,W006,DEVELOPMENT_SYNTHETIC
20,3,6,15,1,1,1,4,15,1,2,3,0.4,4,15.0,0.0,15,1,2,1,1,1,0,0.0,1.0,1.0,0.9376,1,W003,DEVELOPMENT_SYNTHETIC
25,1,3,10,3,2,4,4,15,2,4,3,0.5714285714285714,3,15.0,0.4,15,2,5,2,2,3,0,0.0,1.0,1.0,0.7986,1,W008,DEVELOPMENT_SYNTHETIC
18,2,2,45,1,3,2,5,15,3,4,4,0.5,3,12.0,0.1,15,1,2,1,1,1,0,1.0,1.0,1.0,0.98,1,W003,DEVELOPMENT_SYNTHETIC
18,3,5,15,2,1,5,5,30,1,2,0,1.0,0,12.0,0.4,15,1,2,1,1,1,15,0.0,1.0,1.0,0.2684,0,W003,DEVELOPMENT_SYNTHETIC
26,3,3,45,2,3,2,4,20,3,4,2,0.6666666666666666,0,12.0,0.25,30,3,6,3,3,5,10,0.0,0.0,1.0,0.05,0,W006,DEVELOPMENT_SYNTHETIC
19,2,1,45,1,2,3,4,20,2,0,2,0.0,5,25.0,0.1,25,2,4,3,1,4,5,0.0,1.0,1.0,0.6843,1,W004,DEVELOPMENT_SYNTHETIC
19,1,6,45,1,3,4,5,20,3,2,3,0.4,9,20.0,0.25,10,1,1,2,1,2,10,0.0,1.0,1.0,0.6029,1,W009,DEVELOPMENT_SYNTHETIC
25,3,6,45,2,1,5,4,45,1,6,1,0.8571428571428571,9,15.0,0.25,25,2,4,3,1,4,20,0.0,1.0,1.0,0.1121,0,W004,DEVELOPMENT_SYNTHETIC
21,1,5,10,1,2,5,4,45,2,0,2,0.0,5,15.0,0.0,25,2,4,3,1,4,20,0.0,1.0,1.0,0.1408,0,W004,DEVELOPMENT_SYNTHETIC
22,2,4,20,2,1,5,5,30,1,6,0,1.0,1,20.0,0.25,20,2,4,2,2,3,10,1.0,1.0,1.0,0.598,0,W007,DEVELOPMENT_SYNTHETIC
21,3,4,15,3,1,3,3,45,1,3,0,1.0,10,15.0,0.4,15,1,2,1,1,1,30,0.0,1.0,1.0,0.1865,0,W003,DEVELOPMENT_SYNTHETIC
24,2,4,30,3,2,1,5,15,2,4,2,0.6666666666666666,8,12.0,0.1,25,3,3,3,2,4,10,1.0,1.0,0.0,0.4359,0,W010,DEVELOPMENT_SYNTHETIC
22,2,4,15,2,1,1,3,15,1,5,4,0.5555555555555556,2,25.0,0.1,25,3,3,3,2,4,10,1.0,1.0,0.0,0.4751,0,W010,DEVELOPMENT_SYNTHETIC
22,2,5,10,3,2,4,1,45,2,1,2,0.3333333333333333,7,20.0,0.1,10,1,1,2,1,2,35,0.0,1.0,1.0,0.2037,0,W009,DEVELOPMENT_SYNTHETIC
21,1,1,10,1,2,1,4,20,2,0,3,0.0,8,15.0,0.1,30,3,6,3,3,5,10,0.0,0.0,0.0,0.05,0,W006,DEVELOPMENT_SYNTHETIC
20,3,2,20,3,2,1,5,20,2,1,1,0.5,11,12.0,0.4,20,2,4,2,2,3,0,0.0,1.0,1.0,0.681,1,W007,DEVELOPMENT_SYNTHETIC
18,3,4,20,1,1,5,1,30,1,3,0,1.0,1,20.0,0.0,25,3,3,3,2,4,5,1.0,0.0,1.0,0.3148,0,W010,DEVELOPMENT_SYNTHETIC
21,3,1,15,1,2,3,3,30,2,6,3,0.6666666666666666,10,12.0,0.25,15,1,2,1,1,1,15,0.0,1.0,1.0,0.1972,0,W003,DEVELOPMENT_SYNTHETIC
26,2,3,45,1,1,5,1,20,1,4,2,0.6666666666666666,8,20.0,0.25,15,1,2,1,1,1,5,0.0,1.0,1.0,0.6692,1,W003,DEVELOPMENT_SYNTHETIC
19,2,4,15,3,1,3,5,30,1,4,3,0.5714285714285714,0,15.0,0.0,15,2,5,2,2,3,15,0.0,1.0,1.0,0.1984,0,W008,DEVELOPMENT_SYNTHETIC
19,1,4,10,1,2,4,4,20,2,5,4,0.5555555555555556,9,25.0,0.25,10,1,1,1,1,1,10,0.0,1.0,1.0,0.4466,0,W005,DEVELOPMENT_SYNTHETIC
19,1,1,45,3,3,4,5,10,3,0,3,0.0,1,25.0,0.25,15,2,5,2,2,3,5,0.0,1.0,1.0,0.6455,1,W008,DEVELOPMENT_SYNTHETIC
22,1,2,45,1,1,3,4,20,1,5,2,0.7142857142857143,12,20.0,0.4,15,2,5,2,2,3,5,0.0,0.0,0.0,0.1848,0,W008,DEVELOPMENT_SYNTHETIC
25,1,5,20,2,1,4,2,30,1,6,2,0.75,9,15.0,0.0,20,2,4,2,2,3,10,0.0,1.0,1.0,0.5835,0,W007,DEVELOPMENT_SYNTHETIC
22,1,4,10,2,3,5,4,15,3,4,3,0.5714285714285714,3,15.0,0.1,15,2,5,2,2,3,0,0.0,1.0,1.0,0.7683,1,W008,DEVELOPMENT_SYNTHETIC
24,1,2,45,2,1,4,5,30,1,4,1,0.8,2,12.0,0.4,20,2,5,3,2,4,10,0.0,1.0,1.0,0.503,0,W002,DEVELOPMENT_SYNTHETIC
19,3,6,45,2,2,4,2,30,2,3,0,1.0,9,12.0,0.4,30,3,6,3,3,5,0,1.0,0.0,1.0,0.4743,0,W006,DEVELOPMENT_SYNTHETIC
21,3,2,10,3,1,2,5,20,1,6,0,1.0,12,15.0,0.1,15,2,5,2,2,3,5,0.0,1.0,1.0,0.597,0,W008,DEVELOPMENT_SYNTHETIC
25,2,6,45,2,3,2,2,20,3,2,2,0.5,9,20.0,0.4,30,3,6,3,3,5,10,1.0,0.0,0.0,0.05,0,W006,DEVELOPMENT_SYNTHETIC
24,3,5,45,1,3,2,3,10,3,2,4,0.3333333333333333,0,12.0,0.25,20,2,5,3,2,4,10,1.0,0.0,1.0,0.05,0,W002,DEVELOPMENT_SYNTHETIC
24,1,1,45,1,2,3,4,45,2,3,3,0.5,8,15.0,0.1,15,2,5,2,2,3,30,0.0,0.0,0.0,0.05,0,W008,DEVELOPMENT_SYNTHETIC
24,1,3,20,3,2,2,3,20,2,1,1,0.5,0,12.0,0.0,15,1,2,1,1,1,5,0.0,1.0,1.0,0.8752,1,W003,DEVELOPMENT_SYNTHETIC
19,2,4,15,3,2,2,4,15,2,6,4,0.6,6,15.0,0.4,10,1,1,2,1,2,5,0.0,1.0,1.0,0.6235,1,W009,DEVELOPMENT_SYNTHETIC
21,3,2,20,2,2,2,4,20,2,0,4,0.0,7,15.0,0.25,20,2,4,2,2,3,0,0.0,1.0,1.0,0.7104,1,W007,DEVELOPMENT_SYNTHETIC
25,3,6,10,2,1,3,1,45,1,5,0,1.0,2,20.0,0.4,10,1,1,2,1,2,35,0.0,1.0,1.0,0.1946,0,W009,DEVELOPMENT_SYNTHETIC
25,3,5,15,3,1,1,5,20,1,2,4,0.3333333333333333,0,20.0,0.0,15,2,5,2,2,3,5,1.0,1.0,1.0,0.7482,1,W008,DEVELOPMENT_SYNTHETIC
24,3,2,20,2,3,3,3,15,3,1,0,1.0,11,20.0,0.25,15,1,3,2,1,2,0,0.0,1.0,1.0,0.7223,1,W001,DEVELOPMENT_SYNTHETIC
18,2,4,45,3,1,3,5,15,1,2,3,0.4,1,15.0,0.0,10,1,1,1,1,1,5,0.0,1.0,1.0,0.5901,0,W005,DEVELOPMENT_SYNTHETIC
22,1,1,20,3,2,1,1,20,2,1,4,0.2,11,15.0,0.4,30,3,6,3,3,5,10,0.0,1.0,0.0,0.3482,0,W006,DEVELOPMENT_SYNTHETIC
20,2,3,30,3,1,5,1,30,1,0,1,0.0,9,15.0,0.4,20,2,4,2,2,3,10,1.0,1.0,1.0,0.7018,1,W007,DEVELOPMENT_SYNTHETIC
21,1,2,15,3,2,5,3,15,2,5,2,0.7142857142857143,12,12.0,0.0,15,1,2,1,1,1,0,1.0,1.0,1.0,0.865,1,W003,DEVELOPMENT_SYNTHETIC
26,2,2,30,2,2,2,4,20,2,5,3,0.625,7,20.0,0.1,10,1,1,2,1,2,10,0.0,1.0,1.0,0.5607,0,W009,DEVELOPMENT_SYNTHETIC
23,1,2,30,2,2,5,1,15,2,4,2,0.6666666666666666,6,20.0,0.25,10,1,1,1,1,1,5,0.0,1.0,1.0,0.6444,1,W005,DEVELOPMENT_SYNTHETIC
24,1,1,45,2,3,4,2,20,3,5,4,0.5555555555555556,12,15.0,0.25,15,1,2,1,1,1,5,0.0,1.0,1.0,0.639,1,W003,DEVELOPMENT_SYNTHETIC
19,3,1,10,1,3,1,4,10,3,4,0,1.0,10,25.0,0.25,25,2,4,3,1,4,15,0.0,1.0,1.0,0.05,0,W004,DEVELOPMENT_SYNTHETIC
18,2,4,10,2,1,5,1,15,1,4,1,0.8,9,12.0,0.0,20,2,5,3,2,4,5,0.0,1.0,1.0,0.6879,1,W002,DEVELOPMENT_SYNTHETIC
20,1,6,45,2,3,1,2,15,3,2,3,0.4,10,12.0,0.4,10,1,1,1,1,1,5,0.0,1.0,1.0,0.8235,1,W005,DEVELOPMENT_SYNTHETIC
20,3,2,20,3,2,1,3,10,2,3,3,0.5,5,12.0,0.25,10,1,1,1,1,1,0,0.0,1.0,1.0,0.9212,1,W005,DEVELOPMENT_SYNTHETIC
24,2,3,15,1,2,2,4,10,2,1,4,0.2,12,25.0,0.1,25,3,3,3,2,4,15,1.0,0.0,0.0,0.05,0,W010,DEVELOPMENT_SYNTHETIC
19,1,4,20,2,3,1,1,10,3,4,2,0.6666666666666666,12,25.0,0.0,15,2,5,2,2,3,5,0.0,1.0,0.0,0.5349,0,W008,DEVELOPMENT_SYNTHETIC
24,3,3,10,3,1,3,2,30,1,3,4,0.42857142857142855,0,25.0,0.4,20,2,4,2,2,3,10,1.0,1.0,1.0,0.6242,1,W007,DEVELOPMENT_SYNTHETIC
18,3,2,15,1,3,4,4,10,3,4,4,0.5,5,20.0,0.25,20,2,4,2,2,3,10,0.0,0.0,1.0,0.2183,0,W007,DEVELOPMENT_SYNTHETIC
26,3,5,20,3,1,3,1,45,1,6,2,0.75,10,15.0,0.1,10,1,1,2,1,2,35,0.0,1.0,1.0,0.2822,0,W009,DEVELOPMENT_SYNTHETIC
24,2,5,20,3,1,1,3,15,1,0,3,0.0,11,15.0,0.1,15,1,3,2,1,2,0,0.0,1.0,1.0,0.7375,1,W001,DEVELOPMENT_SYNTHETIC
25,1,3,15,3,3,4,1,20,3,5,2,0.7142857142857143,7,25.0,0.0,15,1,3,2,1,2,5,1.0,1.0,1.0,0.8288,1,W001,DEVELOPMENT_SYNTHETIC
24,1,1,10,2,3,1,2,20,3,5,4,0.5555555555555556,7,15.0,0.1,20,2,5,3,2,4,0,0.0,1.0,0.0,0.4656,0,W002,DEVELOPMENT_SYNTHETIC
25,3,5,10,1,2,5,1,20,2,5,1,0.8333333333333334,0,15.0,0.0,10,1,1,1,1,1,10,0.0,1.0,1.0,0.7039,1,W005,DEVELOPMENT_SYNTHETIC
19,2,5,45,3,1,1,1,15,1,4,4,0.5,3,12.0,0.1,20,2,4,2,2,3,5,0.0,1.0,1.0,0.706,1,W007,DEVELOPMENT_SYNTHETIC
19,3,1,20,3,2,5,5,20,2,2,1,0.6666666666666666,12,12.0,0.1,30,3,6,3,3,5,10,0.0,1.0,1.0,0.5436,0,W006,DEVELOPMENT_SYNTHETIC
20,1,5,30,2,1,3,5,20,1,3,1,0.75,9,12.0,0.1,20,2,5,3,2,4,0,1.0,1.0,0.0,0.8522,1,W002,DEVELOPMENT_SYNTHETIC
25,3,4,10,2,1,1,1,10,1,1,0,1.0,11,20.0,0.4,15,2,5,2,2,3,5,0.0,1.0,1.0,0.5697,0,W008,DEVELOPMENT_SYNTHETIC
26,1,4,20,1,1,4,4,20,1,1,4,0.2,11,12.0,0.1,15,2,5,2,2,3,5,0.0,0.0,1.0,0.2602,0,W008,DEVELOPMENT_SYNTHETIC
24,1,6,20,3,2,1,5,10,2,1,0,1.0,8,12.0,0.25,10,1,1,2,1,2,0,0.0,1.0,1.0,0.7122,1,W009,DEVELOPMENT_SYNTHETIC
22,1,6,15,2,3,1,2,10,3,6,1,0.8571428571428571,10,25.0,0.4,15,1,2,1,1,1,5,0.0,1.0,1.0,0.7789,1,W003,DEVELOPMENT_SYNTHETIC
22,3,3,20,1,1,2,4,15,1,2,4,0.3333333333333333,12,25.0,0.0,20,2,5,3,2,4,5,0.0,0.0,1.0,0.05,0,W002,DEVELOPMENT_SYNTHETIC
18,1,4,15,3,1,4,5,15,1,0,1,0.0,11,25.0,0.25,20,2,4,2,2,3,5,1.0,1.0,1.0,0.7459,1,W007,DEVELOPMENT_SYNTHETIC
19,3,3,15,3,2,3,2,15,2,1,3,0.25,3,25.0,0.1,20,2,5,3,2,4,5,0.0,1.0,1.0,0.7344,1,W002,DEVELOPMENT_SYNTHETIC
20,3,2,30,2,1,2,5,15,1,1,3,0.25,5,15.0,0.4,25,2,4,3,1,4,10,0.0,1.0,1.0,0.2941,0,W004,DEVELOPMENT_SYNTHETIC
20,2,4,20,2,1,1,5,10,1,2,1,0.6666666666666666,1,25.0,0.4,20,2,4,2,2,3,10,1.0,1.0,1.0,0.6996,1,W007,DEVELOPMENT_SYNTHETIC
20,2,3,45,1,2,5,2,20,2,0,3,0.0,8,25.0,0.1,25,3,3,3,2,4,5,1.0,0.0,1.0,0.474,0,W010,DEVELOPMENT_SYNTHETIC
21,2,2,30,2,1,2,3,15,1,4,1,0.8,9,15.0,0.0,20,2,4,2,2,3,5,0.0,1.0,1.0,0.6539,1,W007,DEVELOPMENT_SYNTHETIC
18,1,5,45,2,3,4,5,15,3,3,0,1.0,7,25.0,0.1,20,2,5,3,2,4,5,1.0,1.0,1.0,0.7569,1,W002,DEVELOPMENT_SYNTHETIC
21,1,6,30,3,3,2,3,15,3,1,0,1.0,0,25.0,0.25,15,1,2,1,1,1,0,0.0,1.0,1.0,0.98,1,W003,DEVELOPMENT_SYNTHETIC
18,2,4,45,3,3,4,4,10,3,6,3,0.6666666666666666,2,20.0,0.4,15,1,3,2,1,2,5,1.0,1.0,1.0,0.8269,1,W001,DEVELOPMENT_SYNTHETIC
26,1,4,20,2,3,1,3,15,3,6,2,0.75,11,15.0,0.0,25,3,3,3,2,4,10,1.0,1.0,0.0,0.0981,0,W010,DEVELOPMENT_SYNTHETIC
18,3,1,20,1,3,1,4,15,3,3,4,0.42857142857142855,0,20.0,0.25,15,1,2,1,1,1,0,0.0,1.0,1.0,0.9405,1,W003,DEVELOPMENT_SYNTHETIC
21,3,4,45,3,1,2,3,10,1,4,0,1.0,10,25.0,0.1,25,2,4,3,1,4,15,1.0,1.0,1.0,0.05,0,W004,DEVELOPMENT_SYNTHETIC
22,2,1,30,2,3,1,1,15,3,2,3,0.4,7,12.0,0.4,10,1,1,2,1,2,5,1.0,1.0,1.0,0.7309,1,W009,DEVELOPMENT_SYNTHETIC
23,3,4,45,2,2,1,2,15,2,0,0,0.5,6,15.0,0.25,20,2,5,3,2,4,5,0.0,1.0,1.0,0.3963,0,W002,DEVELOPMENT_SYNTHETIC
25,1,5,15,2,1,2,2,20,1,5,0,1.0,4,25.0,0.1,15,2,5,2,2,3,5,1.0,1.0,0.0,0.8955,1,W008,DEVELOPMENT_SYNTHETIC
22,2,1,10,2,3,2,1,10,3,6,1,0.8571428571428571,8,20.0,0.4,25,3,3,3,2,4,15,0.0,1.0,0.0,0.05,0,W010,DEVELOPMENT_SYNTHETIC
26,3,1,30,3,2,5,4,45,2,2,4,0.3333333333333333,2,20.0,0.1,10,1,1,1,1,1,35,1.0,1.0,1.0,0.3781,0,W005,DEVELOPMENT_SYNTHETIC
20,2,3,10,2,2,3,3,45,2,1,4,0.2,2,20.0,0.1,15,1,2,1,1,1,30,0.0,1.0,1.0,0.1675,0,W003,DEVELOPMENT_SYNTHETIC
21,3,4,15,3,1,1,1,15,1,4,1,0.8,7,20.0,0.25,15,1,2,1,1,1,0,0.0,1.0,1.0,0.9256,1,W003,DEVELOPMENT_SYNTHETIC
23,3,3,20,3,1,2,3,15,1,4,1,0.8,8,20.0,0.0,15,1,3,2,1,2,0,1.0,1.0,1.0,0.8704,1,W001,DEVELOPMENT_SYNTHETIC
20,2,2,20,1,2,1,5,20,2,2,2,0.5,7,20.0,0.1,25,3,3,3,2,4,5,0.0,0.0,0.0,0.05,0,W010,DEVELOPMENT_SYNTHETIC
25,2,4,10,2,3,1,2,20,3,4,0,1.0,4,12.0,0.4,25,3,3,3,2,4,5,1.0,1.0,0.0,0.2524,0,W010,DEVELOPMENT_SYNTHETIC
18,2,3,20,2,1,5,2,20,1,6,2,0.75,3,12.0,0.0,10,1,1,2,1,2,10,0.0,1.0,1.0,0.5085,0,W009,DEVELOPMENT_SYNTHETIC
24,3,2,45,3,1,2,4,15,1,4,4,0.5,8,12.0,0.25,20,2,4,2,2,3,5,0.0,1.0,1.0,0.6635,1,W007,DEVELOPMENT_SYNTHETIC
23,3,3,30,2,2,1,3,15,2,2,2,0.5,7,12.0,0.1,15,2,5,2,2,3,0,0.0,1.0,1.0,0.7475,1,W008,DEVELOPMENT_SYNTHETIC
24,2,4,15,2,2,4,2,15,2,1,1,0.5,4,25.0,0.25,20,2,5,3,2,4,5,0.0,1.0,1.0,0.6381,1,W002,DEVELOPMENT_SYNTHETIC
22,2,6,30,1,1,4,2,45,1,5,4,0.5555555555555556,12,15.0,0.1,15,1,2,1,1,1,30,0.0,1.0,1.0,0.1546,0,W003,DEVELOPMENT_SYNTHETIC
22,2,2,10,3,2,5,3,45,2,4,3,0.5714285714285714,3,12.0,0.0,15,1,2,1,1,1,30,1.0,1.0,1.0,0.3212,0,W003,DEVELOPMENT_SYNTHETIC
19,2,1,30,3,3,3,4,10,3,3,1,0.75,0,12.0,0.25,15,2,5,2,2,3,5,0.0,1.0,1.0,0.6878,1,W008,DEVELOPMENT_SYNTHETIC
25,3,5,45,3,2,5,4,30,2,5,3,0.625,11,12.0,0.25,10,1,1,2,1,2,20,0.0,1.0,1.0,0.225,0,W009,DEVELOPMENT_SYNTHETIC
18,3,4,15,1,2,2,3,15,2,5,1,0.8333333333333334,5,15.0,0.0,10,1,1,1,1,1,5,0.0,1.0,1.0,0.8011,1,W005,DEVELOPMENT_SYNTHETIC
22,2,1,10,3,2,3,5,15,2,4,1,0.8,12,15.0,0.0,25,3,3,3,2,4,10,0.0,1.0,0.0,0.555,0,W010,DEVELOPMENT_SYNTHETIC
22,3,3,20,2,2,3,1,30,2,6,1,0.8571428571428571,0,15.0,0.25,30,3,6,3,3,5,0,0.0,0.0,1.0,0.3876,0,W006,DEVELOPMENT_SYNTHETIC
21,2,2,10,2,1,2,5,10,1,6,1,0.8571428571428571,12,12.0,0.4,15,2,5,2,2,3,5,0.0,1.0,1.0,0.5665,0,W008,DEVELOPMENT_SYNTHETIC
23,1,5,30,1,1,3,3,20,1,6,3,0.6666666666666666,9,20.0,0.1,10,1,1,1,1,1,10,0.0,1.0,1.0,0.5772,0,W005,DEVELOPMENT_SYNTHETIC
20,3,5,15,1,1,2,3,10,1,1,1,0.5,1,25.0,0.0,20,2,5,3,2,4,10,1.0,0.0,1.0,0.05,0,W002,DEVELOPMENT_SYNTHETIC
19,2,5,15,2,1,1,5,20,1,0,3,0.0,1,20.0,0.0,20,2,5,3,2,4,0,1.0,1.0,1.0,0.6285,1,W002,DEVELOPMENT_SYNTHETIC
21,3,1,10,1,1,5,2,20,1,5,2,0.7142857142857143,0,12.0,0.1,10,1,1,1,1,1,10,1.0,1.0,1.0,0.6618,1,W005,DEVELOPMENT_SYNTHETIC
21,2,6,45,2,1,5,5,15,1,0,4,0.0,12,12.0,0.1,25,2,4,3,1,4,10,0.0,1.0,1.0,0.4598,0,W004,DEVELOPMENT_SYNTHETIC
21,1,1,10,3,1,5,4,30,1,5,4,0.5555555555555556,2,25.0,0.0,15,1,2,1,1,1,15,0.0,1.0,1.0,0.1186,0,W003,DEVELOPMENT_SYNTHETIC
21,2,1,45,2,1,4,1,30,1,0,3,0.0,1,15.0,0.4,30,3,6,3,3,5,0,0.0,0.0,1.0,0.3524,0,W006,DEVELOPMENT_SYNTHETIC
19,2,4,10,3,3,3,4,10,3,3,2,0.6,7,20.0,0.4,25,2,4,3,1,4,15,1.0,1.0,1.0,0.113,0,W004,DEVELOPMENT_SYNTHETIC
19,2,6,15,2,2,4,3,20,2,0,3,0.0,10,12.0,0.4,15,2,5,2,2,3,5,1.0,1.0,1.0,0.7548,1,W008,DEVELOPMENT_SYNTHETIC
20,3,6,10,3,1,4,4,15,1,5,1,0.8333333333333334,1,20.0,0.1,30,3,6,3,3,5,15,1.0,1.0,1.0,0.3819,0,W006,DEVELOPMENT_SYNTHETIC
24,3,3,15,2,1,4,3,30,1,6,3,0.6666666666666666,5,25.0,0.4,15,2,5,2,2,3,15,0.0,1.0,1.0,0.1169,0,W008,DEVELOPMENT_SYNTHETIC
19,2,6,10,1,2,3,4,45,2,1,1,0.5,0,12.0,0.0,20,2,5,3,2,4,25,1.0,0.0,1.0,0.05,0,W002,DEVELOPMENT_SYNTHETIC
23,3,2,30,1,1,2,3,20,1,4,0,1.0,12,12.0,0.4,15,2,5,2,2,3,5,0.0,0.0,1.0,0.1894,0,W008,DEVELOPMENT_SYNTHETIC
26,2,3,30,3,2,3,5,30,2,6,4,0.6,8,12.0,0.0,20,2,4,2,2,3,10,1.0,1.0,1.0,0.6674,1,W007,DEVELOPMENT_SYNTHETIC
25,2,5,30,2,2,4,1,15,2,1,4,0.2,10,20.0,0.1,15,2,5,2,2,3,0,1.0,1.0,1.0,0.9024,1,W008,DEVELOPMENT_SYNTHETIC
25,1,2,30,2,3,1,5,20,3,3,4,0.42857142857142855,10,25.0,0.4,10,1,1,2,1,2,10,0.0,1.0,1.0,0.507,0,W009,DEVELOPMENT_SYNTHETIC
25,3,3,20,1,2,5,4,30,2,6,2,0.75,5,12.0,0.0,25,3,3,3,2,4,5,1.0,0.0,1.0,0.3808,0,W010,DEVELOPMENT_SYNTHETIC
18,1,5,45,2,2,3,4,15,2,3,2,0.6,5,25.0,0.25,15,1,3,2,1,2,0,0.0,1.0,1.0,0.8003,1,W001,DEVELOPMENT_SYNTHETIC
19,1,4,20,1,1,1,3,10,1,2,1,0.6666666666666666,0,20.0,0.0,15,2,5,2,2,3,5,0.0,0.0,0.0,0.2212,0,W008,DEVELOPMENT_SYNTHETIC
22,2,4,30,3,3,1,4,20,3,0,2,0.0,6,25.0,0.25,25,3,3,3,2,4,5,1.0,1.0,0.0,0.2918,0,W010,DEVELOPMENT_SYNTHETIC
23,2,5,15,1,3,4,5,20,3,2,1,0.6666666666666666,9,20.0,0.25,20,2,4,2,2,3,0,0.0,0.0,1.0,0.2935,0,W007,DEVELOPMENT_SYNTHETIC
21,2,3,45,3,1,3,3,15,1,2,4,0.3333333333333333,6,15.0,0.0,25,3,3,3,2,4,10,1.0,1.0,0.0,0.7265,1,W010,DEVELOPMENT_SYNTHETIC
26,3,5,10,2,2,4,4,20,2,2,0,1.0,10,20.0,0.25,20,2,4,2,2,3,0,0.0,1.0,1.0,0.8221,1,W007,DEVELOPMENT_SYNTHETIC
24,3,4,30,2,1,3,5,45,1,5,4,0.5555555555555556,2,12.0,0.1,25,3,3,3,2,4,20,1.0,1.0,1.0,0.2264,0,W010,DEVELOPMENT_SYNTHETIC
22,1,2,30,3,3,5,5,15,3,4,0,1.0,8,15.0,0.25,15,2,5,2,2,3,0,0.0,1.0,1.0,0.7102,1,W008,DEVELOPMENT_SYNTHETIC
24,1,3,20,1,3,4,3,10,3,5,1,0.8333333333333334,6,20.0,0.25,15,1,2,1,1,1,5,0.0,1.0,1.0,0.6789,1,W003,DEVELOPMENT_SYNTHETIC
21,3,1,30,3,1,1,2,10,1,0,1,0.0,12,20.0,0.4,15,2,5,2,2,3,5,0.0,1.0,1.0,0.6398,1,W008,DEVELOPMENT_SYNTHETIC
21,2,6,10,2,3,2,3,10,3,0,2,0.0,12,20.0,0.1,15,1,3,2,1,2,5,0.0,1.0,1.0,0.6686,1,W001,DEVELOPMENT_SYNTHETIC
23,2,4,10,1,1,5,3,15,1,3,2,0.6,10,12.0,0.4,15,1,2,1,1,1,0,0.0,1.0,1.0,0.7198,1,W003,DEVELOPMENT_SYNTHETIC
19,1,3,45,3,3,5,5,20,3,2,3,0.4,1,15.0,0.0,30,3,6,3,3,5,10,0.0,1.0,0.0,0.3043,0,W006,DEVELOPMENT_SYNTHETIC
24,3,1,15,3,2,2,2,10,2,1,1,0.5,4,25.0,0.4,10,1,1,1,1,1,0,1.0,1.0,1.0,0.98,1,W005,DEVELOPMENT_SYNTHETIC
19,1,6,20,2,3,3,5,15,3,3,1,0.75,4,15.0,0.25,15,2,5,2,2,3,0,1.0,1.0,0.0,0.9584,1,W008,DEVELOPMENT_SYNTHETIC
18,2,4,45,2,1,1,2,15,1,4,3,0.5714285714285714,4,20.0,0.0,10,1,1,2,1,2,5,0.0,1.0,1.0,0.6627,1,W009,DEVELOPMENT_SYNTHETIC
22,2,3,30,2,1,3,1,20,1,2,1,0.6666666666666666,2,25.0,0.25,20,2,4,2,2,3,0,1.0,1.0,1.0,0.9169,1,W007,DEVELOPMENT_SYNTHETIC
24,2,5,30,1,2,3,4,15,2,6,1,0.8571428571428571,11,20.0,0.0,30,3,6,3,3,5,15,1.0,0.0,0.0,0.05,0,W006,DEVELOPMENT_SYNTHETIC
25,3,2,20,3,3,1,1,20,3,5,1,0.8333333333333334,10,25.0,0.1,15,1,3,2,1,2,5,0.0,1.0,1.0,0.6256,1,W001,DEVELOPMENT_SYNTHETIC
19,1,2,20,3,2,1,2,10,2,4,1,0.8,9,25.0,0.25,15,2,5,2,2,3,5,0.0,1.0,0.0,0.6284,1,W008,DEVELOPMENT_SYNTHETIC
23,3,2,15,1,2,3,2,15,2,3,2,0.6,2,25.0,0.4,25,3,3,3,2,4,10,0.0,0.0,1.0,0.1697,0,W010,DEVELOPMENT_SYNTHETIC
21,1,3,45,1,3,1,4,10,3,2,1,0.6666666666666666,0,25.0,0.4,25,3,3,3,2,4,15,1.0,0.0,0.0,0.05,0,W010,DEVELOPMENT_SYNTHETIC
19,1,1,15,1,2,1,5,15,2,6,3,0.6666666666666666,10,25.0,0.0,25,2,4,3,1,4,10,0.0,1.0,0.0,0.2645,0,W004,DEVELOPMENT_SYNTHETIC
25,1,4,20,1,2,4,2,45,2,6,1,0.8571428571428571,9,15.0,0.25,25,2,4,3,1,4,20,1.0,1.0,1.0,0.4538,0,W004,DEVELOPMENT_SYNTHETIC
22,1,2,10,2,1,3,2,45,1,1,2,0.3333333333333333,9,25.0,0.0,15,1,3,2,1,2,30,0.0,1.0,1.0,0.2436,0,W001,DEVELOPMENT_SYNTHETIC
21,1,2,30,2,3,4,4,20,3,4,2,0.6666666666666666,1,12.0,0.0,15,1,3,2,1,2,5,0.0,1.0,1.0,0.6337,1,W001,DEVELOPMENT_SYNTHETIC
18,1,1,45,2,2,1,3,20,2,4,3,0.5714285714285714,4,25.0,0.25,15,1,2,1,1,1,5,0.0,1.0,1.0,0.9101,1,W003,DEVELOPMENT_SYNTHETIC
20,1,6,20,3,1,5,4,30,1,3,1,0.75,1,20.0,0.4,15,1,2,1,1,1,15,0.0,1.0,1.0,0.1796,0,W003,DEVELOPMENT_SYNTHETIC
25,1,1,15,2,1,3,3,45,1,2,2,0.5,9,20.0,0.25,20,2,4,2,2,3,25,0.0,1.0,0.0,0.0981,0,W007,DEVELOPMENT_SYNTHETIC
26,2,3,15,3,2,4,1,20,2,1,0,1.0,3,15.0,0.0,15,2,5,2,2,3,5,0.0,1.0,1.0,0.5996,0,W008,DEVELOPMENT_SYNTHETIC
19,1,1,30,3,2,4,1,45,2,2,4,0.3333333333333333,7,25.0,0.4,20,2,5,3,2,4,25,0.0,1.0,1.0,0.1065,0,W002,DEVELOPMENT_SYNTHETIC
21,1,4,10,1,2,3,2,20,2,5,4,0.5555555555555556,4,15.0,0.0,10,1,1,2,1,2,10,0.0,1.0,1.0,0.5324,0,W009,DEVELOPMENT_SYNTHETIC
25,1,6,15,2,1,1,3,10,1,2,0,1.0,6,20.0,0.0,30,3,6,3,3,5,20,1.0,0.0,0.0,0.05,0,W006,DEVELOPMENT_SYNTHETIC
25,1,3,30,1,2,3,5,15,2,2,0,1.0,10,25.0,0.25,25,3,3,3,2,4,10,1.0,0.0,0.0,0.3838,0,W010,DEVELOPMENT_SYNTHETIC
23,1,3,20,1,3,1,1,20,3,4,3,0.5714285714285714,1,25.0,0.25,15,1,2,1,1,1,5,0.0,1.0,1.0,0.8663,1,W003,DEVELOPMENT_SYNTHETIC
20,2,3,15,1,1,4,4,30,1,5,1,0.8333333333333334,1,20.0,0.4,20,2,4,2,2,3,10,1.0,0.0,1.0,0.289,0,W007,DEVELOPMENT_SYNTHETIC
23,2,4,15,3,3,1,3,20,3,1,3,0.25,7,25.0,0.4,10,1,1,1,1,1,10,0.0,1.0,1.0,0.7915,1,W005,DEVELOPMENT_SYNTHETIC
23,3,6,30,2,1,5,2,45,1,5,3,0.625,1,12.0,0.25,15,2,5,2,2,3,30,1.0,1.0,1.0,0.2394,0,W008,DEVELOPMENT_SYNTHETIC
25,1,4,15,3,3,5,5,10,3,2,3,0.4,6,12.0,0.4,10,1,1,1,1,1,0,0.0,1.0,1.0,0.7618,1,W005,DEVELOPMENT_SYNTHETIC
26,1,3,15,3,2,4,3,15,2,4,0,1.0,0,12.0,0.4,20,2,4,2,2,3,5,1.0,1.0,1.0,0.8385,1,W007,DEVELOPMENT_SYNTHETIC
22,2,5,45,3,3,3,3,20,3,0,4,0.0,0,12.0,0.4,15,1,2,1,1,1,5,0.0,1.0,1.0,0.5761,0,W003,DEVELOPMENT_SYNTHETIC
22,2,3,30,1,1,3,5,45,1,6,3,0.6666666666666666,9,20.0,0.25,15,1,2,1,1,1,30,0.0,1.0,1.0,0.2572,0,W003,DEVELOPMENT_SYNTHETIC
22,1,3,45,1,3,1,4,20,3,0,0,0.5,6,12.0,0.0,15,1,2,1,1,1,5,0.0,1.0,1.0,0.8669,1,W003,DEVELOPMENT_SYNTHETIC
25,2,4,30,2,3,3,5,20,3,2,3,0.4,12,20.0,0.0,15,1,2,1,1,1,5,0.0,1.0,1.0,0.6292,1,W003,DEVELOPMENT_SYNTHETIC
21,1,3,10,1,1,1,2,15,1,5,1,0.8333333333333334,10,15.0,0.4,10,1,1,2,1,2,5,0.0,1.0,1.0,0.6816,1,W009,DEVELOPMENT_SYNTHETIC
25,1,3,15,2,2,4,1,15,2,1,1,0.5,11,25.0,0.4,15,2,5,2,2,3,0,0.0,1.0,1.0,0.8635,1,W008,DEVELOPMENT_SYNTHETIC
22,2,5,15,3,1,5,4,15,1,2,0,1.0,1,25.0,0.4,15,2,5,2,2,3,0,1.0,1.0,1.0,0.9091,1,W008,DEVELOPMENT_SYNTHETIC
22,3,4,45,3,3,1,4,15,3,3,4,0.42857142857142855,9,25.0,0.1,15,1,3,2,1,2,0,1.0,1.0,1.0,0.9124,1,W001,DEVELOPMENT_SYNTHETIC
26,1,6,20,2,3,1,3,20,3,3,3,0.5,1,25.0,0.25,15,2,5,2,2,3,5,1.0,1.0,0.0,0.777,1,W008,DEVELOPMENT_SYNTHETIC
21,2,4,20,1,1,4,3,45,1,1,4,0.2,3,20.0,0.4,15,1,2,1,1,1,30,0.0,1.0,1.0,0.1575,0,W003,DEVELOPMENT_SYNTHETIC
23,3,1,30,3,2,4,2,20,2,2,0,1.0,10,25.0,0.1,15,1,2,1,1,1,5,0.0,1.0,1.0,0.6915,1,W003,DEVELOPMENT_SYNTHETIC
24,1,3,10,3,2,4,3,20,2,1,4,0.2,0,12.0,0.25,10,1,1,1,1,1,10,0.0,1.0,1.0,0.5072,0,W005,DEVELOPMENT_SYNTHETIC
18,3,1,45,1,1,1,3,15,1,0,4,0.0,3,12.0,0.1,15,2,5,2,2,3,0,0.0,0.0,1.0,0.3536,0,W008,DEVELOPMENT_SYNTHETIC
22,2,1,45,2,1,2,5,20,1,5,0,1.0,11,12.0,0.4,15,2,5,2,2,3,5,0.0,1.0,1.0,0.6261,1,W008,DEVELOPMENT_SYNTHETIC
26,1,5,10,3,3,1,5,10,3,1,0,1.0,3,20.0,0.1,10,1,1,1,1,1,0,0.0,1.0,1.0,0.9739,1,W005,DEVELOPMENT_SYNTHETIC
20,2,4,10,3,2,3,3,20,2,0,1,0.0,7,25.0,0.0,25,2,4,3,1,4,5,1.0,1.0,1.0,0.8167,1,W004,DEVELOPMENT_SYNTHETIC
19,2,2,15,2,3,3,3,20,3,6,3,0.6666666666666666,5,15.0,0.1,10,1,1,2,1,2,10,0.0,1.0,1.0,0.6019,1,W009,DEVELOPMENT_SYNTHETIC
24,1,2,30,1,2,4,5,30,2,0,3,0.0,2,12.0,0.0,20,2,5,3,2,4,10,0.0,0.0,1.0,0.1245,0,W002,DEVELOPMENT_SYNTHETIC
18,2,1,30,2,1,4,1,20,1,4,0,1.0,10,20.0,0.4,20,2,4,2,2,3,0,0.0,1.0,1.0,0.7365,1,W007,DEVELOPMENT_SYNTHETIC
23,3,4,20,3,2,1,3,20,2,4,1,0.8,11,25.0,0.4,25,2,4,3,1,4,5,1.0,1.0,1.0,0.4511,0,W004,DEVELOPMENT_SYNTHETIC
23,3,6,30,3,3,4,2,15,3,0,0,0.5,8,20.0,0.4,15,1,2,1,1,1,0,0.0,1.0,1.0,0.7278,1,W003,DEVELOPMENT_SYNTHETIC
26,3,6,10,2,1,5,3,30,1,6,1,0.8571428571428571,0,12.0,0.25,25,2,4,3,1,4,5,0.0,1.0,1.0,0.6689,1,W004,DEVELOPMENT_SYNTHETIC
18,3,1,10,2,3,3,3,20,3,4,2,0.6666666666666666,1,12.0,0.0,15,2,5,2,2,3,5,0.0,1.0,1.0,0.6878,1,W008,DEVELOPMENT_SYNTHETIC
23,3,1,30,3,1,2,5,20,1,5,4,0.5555555555555556,9,15.0,0.25,10,1,1,1,1,1,10,1.0,1.0,1.0,0.8539,1,W005,DEVELOPMENT_SYNTHETIC
24,3,1,15,3,3,5,2,10,3,2,4,0.3333333333333333,9,15.0,0.25,15,2,5,2,2,3,5,0.0,1.0,1.0,0.6935,1,W008,DEVELOPMENT_SYNTHETIC
19,1,5,30,3,2,1,1,15,2,1,3,0.25,3,25.0,0.0,30,3,6,3,3,5,15,1.0,1.0,0.0,0.1178,0,W006,DEVELOPMENT_SYNTHETIC
26,3,4,45,2,3,4,3,20,3,3,3,0.5,7,25.0,0.4,15,1,2,1,1,1,5,0.0,1.0,1.0,0.6707,1,W003,DEVELOPMENT_SYNTHETIC
20,3,3,30,1,2,5,5,15,2,5,1,0.8333333333333334,7,25.0,0.0,15,1,2,1,1,1,0,0.0,1.0,1.0,0.8438,1,W003,DEVELOPMENT_SYNTHETIC
19,2,6,30,1,3,1,3,20,3,2,0,1.0,8,15.0,0.0,30,3,6,3,3,5,10,1.0,0.0,0.0,0.05,0,W006,DEVELOPMENT_SYNTHETIC
18,2,1,30,2,2,2,2,20,2,3,0,1.0,4,20.0,0.1,15,1,2,1,1,1,5,0.0,1.0,1.0,0.7878,1,W003,DEVELOPMENT_SYNTHETIC
23,2,4,45,1,1,1,1,15,1,3,4,0.42857142857142855,4,25.0,0.25,20,2,4,2,2,3,5,1.0,0.0,1.0,0.3111,0,W007,DEVELOPMENT_SYNTHETIC
26,3,2,15,3,1,4,4,45,1,1,2,0.3333333333333333,1,25.0,0.4,25,2,4,3,1,4,20,0.0,1.0,1.0,0.2748,0,W004,DEVELOPMENT_SYNTHETIC
22,2,2,30,3,1,1,2,20,1,0,4,0.0,10,20.0,0.0,10,1,1,2,1,2,10,0.0,1.0,1.0,0.5827,0,W009,DEVELOPMENT_SYNTHETIC
18,1,5,45,3,3,5,5,10,3,6,3,0.6666666666666666,8,12.0,0.0,10,1,1,2,1,2,0,0.0,1.0,1.0,0.7472,1,W009,DEVELOPMENT_SYNTHETIC
25,1,3,15,2,1,1,5,20,1,2,3,0.4,9,12.0,0.4,15,1,3,2,1,2,5,1.0,1.0,1.0,0.814,1,W001,DEVELOPMENT_SYNTHETIC
26,2,1,10,1,2,3,4,30,2,0,0,0.5,1,15.0,0.25,15,1,2,1,1,1,15,0.0,1.0,1.0,0.1437,0,W003,DEVELOPMENT_SYNTHETIC
24,2,3,20,1,1,2,1,20,1,2,1,0.6666666666666666,0,12.0,0.25,20,2,4,2,2,3,0,1.0,0.0,1.0,0.6223,1,W007,DEVELOPMENT_SYNTHETIC
22,2,5,20,1,2,4,1,15,2,1,1,0.5,12,15.0,0.4,10,1,1,2,1,2,5,0.0,1.0,1.0,0.6565,1,W009,DEVELOPMENT_SYNTHETIC
23,2,6,10,1,2,4,5,45,2,0,3,0.0,0,25.0,0.1,15,1,3,2,1,2,30,0.0,1.0,1.0,0.2055,0,W001,DEVELOPMENT_SYNTHETIC
21,3,1,10,3,3,5,2,15,3,4,3,0.5714285714285714,7,12.0,0.1,15,1,2,1,1,1,0,0.0,1.0,1.0,0.7863,1,W003,DEVELOPMENT_SYNTHETIC
24,3,1,45,1,1,5,4,15,1,0,3,0.0,9,20.0,0.1,15,1,3,2,1,2,0,0.0,1.0,1.0,0.7741,1,W001,DEVELOPMENT_SYNTHETIC
24,2,5,20,2,3,3,2,20,3,6,4,0.6,4,12.0,0.1,10,1,1,2,1,2,10,0.0,1.0,1.0,0.5612,0,W009,DEVELOPMENT_SYNTHETIC
19,1,6,30,2,1,2,5,15,1,3,1,0.75,9,20.0,0.25,10,1,1,1,1,1,5,0.0,1.0,1.0,0.8105,1,W005,DEVELOPMENT_SYNTHETIC
23,2,4,20,2,1,2,4,20,1,2,0,1.0,11,15.0,0.0,25,3,3,3,2,4,5,1.0,1.0,0.0,0.5236,0,W010,DEVELOPMENT_SYNTHETIC
24,1,2,15,1,3,5,4,15,3,4,0,1.0,12,12.0,0.0,15,2,5,2,2,3,0,0.0,0.0,1.0,0.4441,0,W008,DEVELOPMENT_SYNTHETIC
23,1,4,45,2,2,4,2,15,2,0,3,0.0,5,15.0,0.4,15,1,3,2,1,2,0,1.0,1.0,1.0,0.9673,1,W001,DEVELOPMENT_SYNTHETIC
21,3,3,20,1,2,1,5,20,2,2,1,0.6666666666666666,3,25.0,0.25,15,1,3,2,1,2,5,1.0,1.0,1.0,0.8797,1,W001,DEVELOPMENT_SYNTHETIC
21,2,1,45,3,3,1,2,20,3,3,0,1.0,4,25.0,0.1,10,1,1,2,1,2,10,1.0,1.0,1.0,0.6744,1,W009,DEVELOPMENT_SYNTHETIC
20,3,3,45,3,3,1,5,10,3,5,0,1.0,2,20.0,0.1,10,1,1,2,1,2,0,0.0,1.0,1.0,0.7005,1,W009,DEVELOPMENT_SYNTHETIC
26,2,4,10,1,3,5,3,20,3,4,3,0.5714285714285714,0,25.0,0.0,30,3,6,3,3,5,10,0.0,0.0,1.0,0.05,0,W006,DEVELOPMENT_SYNTHETIC
25,2,2,45,2,1,4,3,15,1,5,1,0.8333333333333334,0,20.0,0.4,10,1,1,2,1,2,5,0.0,1.0,1.0,0.6528,1,W009,DEVELOPMENT_SYNTHETIC
23,2,2,15,1,2,1,5,10,2,5,1,0.8333333333333334,11,25.0,0.0,25,2,4,3,1,4,15,0.0,1.0,1.0,0.05,0,W004,DEVELOPMENT_SYNTHETIC
19,1,3,10,2,2,1,4,15,2,6,0,1.0,9,20.0,0.25,25,2,4,3,1,4,10,1.0,1.0,0.0,0.3154,0,W004,DEVELOPMENT_SYNTHETIC
23,2,5,10,1,2,5,2,15,2,6,4,0.6,9,25.0,0.0,15,2,5,2,2,3,0,1.0,0.0,1.0,0.5765,0,W008,DEVELOPMENT_SYNTHETIC
24,1,6,10,1,1,3,1,20,1,0,3,0.0,0,20.0,0.4,20,2,5,3,2,4,0,1.0,0.0,0.0,0.4921,0,W002,DEVELOPMENT_SYNTHETIC
22,3,5,10,1,3,4,4,10,3,4,3,0.5714285714285714,3,12.0,0.4,20,2,4,2,2,3,10,0.0,0.0,1.0,0.1287,0,W007,DEVELOPMENT_SYNTHETIC
23,2,2,10,3,3,1,4,20,3,2,4,0.3333333333333333,3,12.0,0.0,15,1,3,2,1,2,5,0.0,1.0,1.0,0.5994,0,W001,DEVELOPMENT_SYNTHETIC
20,3,6,15,1,3,5,3,15,3,3,3,0.5,11,25.0,0.1,25,2,4,3,1,4,10,0.0,1.0,1.0,0.2173,0,W004,DEVELOPMENT_SYNTHETIC
24,1,3,20,1,1,5,3,30,1,4,4,0.5,12,15.0,0.1,15,2,5,2,2,3,15,0.0,0.0,1.0,0.05,0,W008,DEVELOPMENT_SYNTHETIC
18,3,1,20,2,2,5,5,20,2,0,1,0.0,8,12.0,0.4,30,3,6,3,3,5,10,0.0,0.0,1.0,0.1537,0,W006,DEVELOPMENT_SYNTHETIC
23,1,3,10,3,1,2,4,20,1,5,3,0.625,9,20.0,0.25,25,3,3,3,2,4,5,1.0,1.0,0.0,0.4355,0,W010,DEVELOPMENT_SYNTHETIC
25,2,1,10,2,1,1,4,10,1,0,1,0.0,11,15.0,0.4,25,3,3,3,2,4,15,0.0,1.0,0.0,0.05,0,W010,DEVELOPMENT_SYNTHETIC
24,1,3,20,2,3,2,4,10,3,6,0,1.0,5,12.0,0.0,30,3,6,3,3,5,20,0.0,0.0,0.0,0.05,0,W006,DEVELOPMENT_SYNTHETIC
25,3,5,20,1,1,2,5,15,1,0,0,0.5,3,15.0,0.25,15,1,2,1,1,1,0,0.0,1.0,1.0,0.98,1,W003,DEVELOPMENT_SYNTHETIC
26,2,3,20,3,1,2,2,10,1,0,1,0.0,4,12.0,0.0,15,1,2,1,1,1,5,0.0,1.0,1.0,0.837,1,W003,DEVELOPMENT_SYNTHETIC
22,3,2,15,1,2,4,2,30,2,6,2,0.75,10,15.0,0.4,20,2,5,3,2,4,10,0.0,0.0,1.0,0.0748,0,W002,DEVELOPMENT_SYNTHETIC
26,1,5,15,1,1,4,3,30,1,4,3,0.5714285714285714,10,15.0,0.0,25,3,3,3,2,4,5,0.0,0.0,0.0,0.2377,0,W010,DEVELOPMENT_SYNTHETIC
23,1,6,15,3,2,2,1,20,2,6,2,0.75,2,25.0,0.1,20,2,5,3,2,4,0,1.0,1.0,0.0,0.5864,0,W002,DEVELOPMENT_SYNTHETIC
26,3,2,15,3,1,4,5,30,1,3,4,0.42857142857142855,7,15.0,0.25,30,3,6,3,3,5,0,0.0,1.0,1.0,0.6152,1,W006,DEVELOPMENT_SYNTHETIC
25,3,6,30,2,3,3,5,15,3,5,4,0.5555555555555556,10,12.0,0.1,25,2,4,3,1,4,10,0.0,1.0,1.0,0.2973,0,W004,DEVELOPMENT_SYNTHETIC
22,2,3,15,1,2,4,4,20,2,6,2,0.75,4,12.0,0.1,20,2,5,3,2,4,0,0.0,0.0,1.0,0.3385,0,W002,DEVELOPMENT_SYNTHETIC
18,2,1,15,3,2,4,5,30,2,3,3,0.5,7,25.0,0.4,30,3,6,3,3,5,0,0.0,1.0,1.0,0.7848,1,W006,DEVELOPMENT_SYNTHETIC
20,2,2,10,2,2,4,2,30,2,5,0,1.0,5,12.0,0.25,10,1,1,2,1,2,20,0.0,1.0,1.0,0.2924,0,W009,DEVELOPMENT_SYNTHETIC
21,3,6,20,3,1,1,1,10,1,2,0,1.0,8,15.0,0.25,25,2,4,3,1,4,15,0.0,1.0,1.0,0.05,0,W004,DEVELOPMENT_SYNTHETIC
21,2,4,20,2,2,5,2,30,2,0,2,0.0,4,20.0,0.4,20,2,4,2,2,3,10,1.0,1.0,1.0,0.6866,1,W007,DEVELOPMENT_SYNTHETIC
20,3,6,45,1,2,4,2,20,2,5,1,0.8333333333333334,7,15.0,0.4,15,2,5,2,2,3,5,1.0,0.0,1.0,0.3447,0,W008,DEVELOPMENT_SYNTHETIC
24,1,1,30,2,1,2,4,15,1,6,4,0.6,0,20.0,0.1,25,3,3,3,2,4,10,0.0,1.0,0.0,0.3787,0,W010,DEVELOPMENT_SYNTHETIC
23,2,3,30,3,1,3,2,45,1,3,3,0.5,12,20.0,0.25,25,3,3,3,2,4,20,1.0,1.0,0.0,0.353,0,W010,DEVELOPMENT_SYNTHETIC
23,3,5,15,1,1,5,5,45,1,3,1,0.75,6,12.0,0.4,25,2,4,3,1,4,20,0.0,1.0,1.0,0.2007,0,W004,DEVELOPMENT_SYNTHETIC
22,1,2,30,2,3,1,2,10,3,5,4,0.5555555555555556,2,12.0,0.4,15,1,3,2,1,2,5,0.0,1.0,1.0,0.6488,1,W001,DEVELOPMENT_SYNTHETIC
21,1,3,20,1,2,2,3,20,2,4,0,1.0,7,12.0,0.25,10,1,1,2,1,2,10,0.0,1.0,1.0,0.5599,0,W009,DEVELOPMENT_SYNTHETIC
20,1,5,30,2,2,1,2,20,2,3,3,0.5,11,12.0,0.4,25,2,4,3,1,4,5,0.0,1.0,0.0,0.3428,0,W004,DEVELOPMENT_SYNTHETIC
20,1,3,30,2,2,5,5,30,2,4,1,0.8,8,25.0,0.25,25,2,4,3,1,4,5,1.0,1.0,1.0,0.7713,1,W004,DEVELOPMENT_SYNTHETIC
21,1,5,30,2,1,5,3,45,1,3,3,0.5,9,12.0,0.0,10,1,1,1,1,1,35,0.0,1.0,1.0,0.1727,0,W005,DEVELOPMENT_SYNTHETIC
24,2,4,20,2,3,5,2,15,3,1,1,0.5,9,25.0,0.4,20,2,4,2,2,3,5,1.0,1.0,1.0,0.7984,1,W007,DEVELOPMENT_SYNTHETIC
24,1,4,10,3,3,1,2,10,3,2,4,0.3333333333333333,4,12.0,0.1,15,2,5,2,2,3,5,0.0,1.0,0.0,0.6228,1,W008,DEVELOPMENT_SYNTHETIC
19,3,2,10,1,2,5,3,45,2,3,1,0.75,4,15.0,0.0,15,2,5,2,2,3,30,0.0,0.0,1.0,0.05,0,W008,DEVELOPMENT_SYNTHETIC
24,1,5,30,3,3,3,4,10,3,3,0,1.0,0,20.0,0.0,15,1,2,1,1,1,5,0.0,1.0,1.0,0.6553,1,W003,DEVELOPMENT_SYNTHETIC
25,3,1,30,3,2,1,1,20,2,5,1,0.8333333333333334,11,25.0,0.1,15,2,5,2,2,3,5,0.0,1.0,1.0,0.6373,1,W008,DEVELOPMENT_SYNTHETIC
19,1,1,45,1,1,2,3,10,1,4,3,0.5714285714285714,2,12.0,0.0,10,1,1,1,1,1,0,1.0,1.0,1.0,0.98,1,W005,DEVELOPMENT_SYNTHETIC
18,2,3,15,2,1,5,2,45,1,5,0,1.0,10,12.0,0.4,10,1,1,1,1,1,35,0.0,1.0,1.0,0.0675,0,W005,DEVELOPMENT_SYNTHETIC
24,1,2,10,3,1,2,2,15,1,1,1,0.5,1,12.0,0.4,15,1,3,2,1,2,0,0.0,1.0,1.0,0.8046,1,W001,DEVELOPMENT_SYNTHETIC
21,2,5,10,1,3,1,2,20,3,1,0,1.0,6,12.0,0.25,30,3,6,3,3,5,10,1.0,0.0,0.0,0.05,0,W006,DEVELOPMENT_SYNTHETIC
26,3,6,15,1,3,4,4,10,3,1,1,0.5,1,20.0,0.25,15,1,2,1,1,1,5,0.0,1.0,1.0,0.5463,0,W003,DEVELOPMENT_SYNTHETIC
24,2,5,10,3,2,2,4,10,2,0,2,0.0,10,20.0,0.0,20,2,5,3,2,4,10,1.0,1.0,1.0,0.3829,0,W002,DEVELOPMENT_SYNTHETIC
19,2,3,30,2,3,5,5,10,3,2,0,1.0,9,20.0,0.4,15,1,2,1,1,1,5,0.0,1.0,1.0,0.6314,1,W003,DEVELOPMENT_SYNTHETIC
25,1,1,20,3,3,1,3,10,3,4,4,0.5,7,25.0,0.1,10,1,1,2,1,2,0,1.0,1.0,1.0,0.8296,1,W009,DEVELOPMENT_SYNTHETIC
19,3,6,10,1,1,3,2,45,1,6,1,0.8571428571428571,9,12.0,0.0,15,1,2,1,1,1,30,0.0,1.0,1.0,0.1611,0,W003,DEVELOPMENT_SYNTHETIC
24,2,1,15,2,1,2,1,10,1,5,4,0.5555555555555556,7,20.0,0.1,10,1,1,1,1,1,0,1.0,1.0,1.0,0.98,1,W005,DEVELOPMENT_SYNTHETIC
22,3,1,30,1,3,1,2,20,3,2,2,0.5,3,15.0,0.0,25,2,4,3,1,4,5,0.0,1.0,1.0,0.1876,0,W004,DEVELOPMENT_SYNTHETIC
24,3,4,45,3,1,5,3,20,1,3,0,1.0,1,25.0,0.0,25,2,4,3,1,4,5,1.0,1.0,1.0,0.8468,1,W004,DEVELOPMENT_SYNTHETIC
19,3,5,15,1,1,2,5,20,1,6,1,0.8571428571428571,3,12.0,0.4,15,2,5,2,2,3,5,1.0,0.0,1.0,0.4636,0,W008,DEVELOPMENT_SYNTHETIC
24,1,1,15,3,1,2,5,10,1,2,2,0.5,9,25.0,0.1,10,1,1,1,1,1,0,1.0,1.0,1.0,0.98,1,W005,DEVELOPMENT_SYNTHETIC
20,1,2,30,2,2,4,4,45,2,4,4,0.5,11,25.0,0.1,15,2,5,2,2,3,30,0.0,1.0,1.0,0.1435,0,W008,DEVELOPMENT_SYNTHETIC
26,2,5,20,2,1,2,5,20,1,1,2,0.3333333333333333,6,25.0,0.25,15,2,5,2,2,3,5,1.0,1.0,1.0,0.7738,1,W008,DEVELOPMENT_SYNTHETIC
19,2,1,30,3,3,3,2,20,3,3,1,0.75,2,15.0,0.0,15,1,3,2,1,2,5,0.0,1.0,1.0,0.6745,1,W001,DEVELOPMENT_SYNTHETIC
24,3,6,30,3,2,4,4,30,2,3,3,0.5,4,12.0,0.4,15,1,3,2,1,2,15,0.0,1.0,1.0,0.1389,0,W001,DEVELOPMENT_SYNTHETIC
24,2,5,15,3,1,3,3,45,1,5,2,0.7142857142857143,11,12.0,0.4,20,2,4,2,2,3,25,0.0,1.0,1.0,0.2356,0,W007,DEVELOPMENT_SYNTHETIC
23,1,4,10,1,2,1,2,15,2,4,3,0.5714285714285714,10,15.0,0.25,25,2,4,3,1,4,10,1.0,1.0,0.0,0.388,0,W004,DEVELOPMENT_SYNTHETIC
19,3,6,10,3,1,1,4,15,1,5,4,0.5555555555555556,1,15.0,0.4,15,1,2,1,1,1,0,0.0,1.0,1.0,0.9313,1,W003,DEVELOPMENT_SYNTHETIC
26,2,2,45,3,2,4,5,30,2,5,3,0.625,12,12.0,0.0,25,3,3,3,2,4,5,0.0,1.0,1.0,0.6855,1,W010,DEVELOPMENT_SYNTHETIC
24,1,1,15,2,3,3,1,10,3,6,3,0.6666666666666666,0,12.0,0.0,20,2,4,2,2,3,10,0.0,1.0,0.0,0.5722,0,W007,DEVELOPMENT_SYNTHETIC
20,2,6,30,3,2,2,3,10,2,5,1,0.8333333333333334,3,25.0,0.1,10,1,1,2,1,2,0,0.0,1.0,1.0,0.732,1,W009,DEVELOPMENT_SYNTHETIC
21,2,5,15,3,1,1,2,10,1,2,3,0.4,7,12.0,0.1,20,2,5,3,2,4,10,1.0,1.0,1.0,0.458,0,W002,DEVELOPMENT_SYNTHETIC
19,1,1,20,2,1,3,1,20,1,3,3,0.5,10,12.0,0.0,15,1,3,2,1,2,5,0.0,1.0,1.0,0.5959,0,W001,DEVELOPMENT_SYNTHETIC
19,1,1,10,3,3,2,5,10,3,3,4,0.42857142857142855,8,20.0,0.4,15,2,5,2,2,3,5,0.0,1.0,0.0,0.6808,1,W008,DEVELOPMENT_SYNTHETIC
23,3,1,20,2,2,3,2,30,2,5,3,0.625,6,12.0,0.25,30,3,6,3,3,5,0,0.0,0.0,1.0,0.3797,0,W006,DEVELOPMENT_SYNTHETIC
20,1,5,30,2,3,1,5,10,3,6,4,0.6,4,15.0,0.25,15,2,5,2,2,3,5,1.0,1.0,0.0,0.7845,1,W008,DEVELOPMENT_SYNTHETIC
24,3,6,45,3,2,2,1,20,2,6,2,0.75,0,20.0,0.0,30,3,6,3,3,5,10,1.0,1.0,1.0,0.4163,0,W006,DEVELOPMENT_SYNTHETIC
24,2,4,30,1,3,5,1,15,3,3,3,0.5,10,12.0,0.4,10,1,1,1,1,1,5,0.0,1.0,1.0,0.5874,0,W005,DEVELOPMENT_SYNTHETIC
26,1,6,45,3,1,1,2,15,1,6,0,1.0,4,25.0,0.1,15,2,5,2,2,3,0,1.0,1.0,0.0,0.9462,1,W008,DEVELOPMENT_SYNTHETIC
21,2,5,15,3,3,2,2,20,3,5,0,1.0,1,25.0,0.0,15,1,2,1,1,1,5,0.0,1.0,1.0,0.8408,1,W003,DEVELOPMENT_SYNTHETIC
25,2,1,20,2,1,1,2,20,1,5,3,0.625,1,20.0,0.1,25,3,3,3,2,4,5,0.0,1.0,0.0,0.3239,0,W010,DEVELOPMENT_SYNTHETIC
24,1,6,30,3,2,5,4,20,2,1,2,0.3333333333333333,1,20.0,0.0,20,2,5,3,2,4,0,1.0,1.0,1.0,0.9525,1,W002,DEVELOPMENT_SYNTHETIC
19,2,5,15,3,3,5,3,10,3,6,2,0.75,6,12.0,0.25,15,1,3,2,1,2,5,0.0,1.0,1.0,0.6148,1,W001,DEVELOPMENT_SYNTHETIC
23,3,6,30,1,2,3,2,20,2,0,3,0.0,0,25.0,0.25,15,1,2,1,1,1,5,0.0,1.0,1.0,0.5796,0,W003,DEVELOPMENT_SYNTHETIC
20,1,1,30,2,3,5,3,10,3,5,0,1.0,9,20.0,0.25,10,1,1,2,1,2,0,1.0,1.0,1.0,0.8222,1,W009,DEVELOPMENT_SYNTHETIC
25,1,4,45,2,3,2,4,15,3,5,3,0.625,0,20.0,0.1,25,2,4,3,1,4,10,1.0,1.0,0.0,0.1803,0,W004,DEVELOPMENT_SYNTHETIC
20,1,4,10,3,3,4,4,15,3,6,1,0.8571428571428571,0,25.0,0.25,20,2,4,2,2,3,5,1.0,1.0,1.0,0.736,1,W007,DEVELOPMENT_SYNTHETIC
19,2,4,30,2,2,5,3,30,2,5,1,0.8333333333333334,11,25.0,0.0,15,1,2,1,1,1,15,0.0,1.0,1.0,0.2877,0,W003,DEVELOPMENT_SYNTHETIC
25,3,1,20,1,3,2,5,10,3,3,3,0.5,4,15.0,0.1,25,2,4,3,1,4,15,0.0,1.0,1.0,0.05,0,W004,DEVELOPMENT_SYNTHETIC
23,1,4,10,3,3,5,1,20,3,6,1,0.8571428571428571,6,25.0,0.1,15,1,3,2,1,2,5,1.0,1.0,1.0,0.8848,1,W001,DEVELOPMENT_SYNTHETIC
19,2,5,10,2,1,5,3,45,1,1,3,0.25,3,12.0,0.0,25,2,4,3,1,4,20,0.0,1.0,1.0,0.2106,0,W004,DEVELOPMENT_SYNTHETIC
20,2,2,45,2,3,4,1,15,3,6,3,0.6666666666666666,4,25.0,0.25,15,1,3,2,1,2,0,0.0,1.0,1.0,0.7452,1,W001,DEVELOPMENT_SYNTHETIC
26,1,5,30,1,1,2,1,20,1,4,4,0.5,7,20.0,0.0,25,3,3,3,2,4,5,0.0,0.0,0.0,0.05,0,W010,DEVELOPMENT_SYNTHETIC
22,2,3,30,2,3,5,2,10,3,2,0,1.0,11,15.0,0.4,15,1,3,2,1,2,5,1.0,1.0,1.0,0.82,1,W001,DEVELOPMENT_SYNTHETIC
19,3,2,30,3,3,5,5,20,3,5,0,1.0,12,15.0,0.0,15,1,2,1,1,1,5,1.0,1.0,1.0,0.7981,1,W003,DEVELOPMENT_SYNTHETIC
25,3,6,45,1,1,3,1,15,1,1,4,0.2,3,15.0,0.0,10,1,1,2,1,2,5,0.0,1.0,1.0,0.7052,1,W009,DEVELOPMENT_SYNTHETIC
22,1,1,45,1,1,3,5,20,1,3,0,1.0,3,20.0,0.0,10,1,1,2,1,2,10,1.0,1.0,1.0,0.7057,1,W009,DEVELOPMENT_SYNTHETIC
25,3,1,15,3,2,3,5,30,2,4,4,0.5,8,15.0,0.0,15,1,3,2,1,2,15,0.0,1.0,1.0,0.2075,0,W001,DEVELOPMENT_SYNTHETIC
21,1,3,20,1,1,2,5,20,1,1,4,0.2,5,20.0,0.1,25,3,3,3,2,4,5,1.0,0.0,0.0,0.0818,0,W010,DEVELOPMENT_SYNTHETIC
24,1,2,20,3,2,2,4,15,2,0,2,0.0,10,25.0,0.1,10,1,1,2,1,2,5,0.0,1.0,1.0,0.6472,1,W009,DEVELOPMENT_SYNTHETIC
21,1,3,20,3,3,3,5,20,3,5,4,0.5555555555555556,9,15.0,0.4,15,1,2,1,1,1,5,0.0,1.0,1.0,0.6654,1,W003,DEVELOPMENT_SYNTHETIC
21,2,1,45,2,1,1,3,10,1,4,0,1.0,10,25.0,0.0,30,3,6,3,3,5,20,0.0,0.0,0.0,0.05,0,W006,DEVELOPMENT_SYNTHETIC
20,1,4,20,2,2,2,3,10,2,0,3,0.0,3,25.0,0.0,20,2,5,3,2,4,10,0.0,1.0,0.0,0.1826,0,W002,DEVELOPMENT_SYNTHETIC
25,3,3,45,3,2,1,5,15,2,5,4,0.5555555555555556,4,20.0,0.0,15,1,3,2,1,2,0,1.0,1.0,1.0,0.9372,1,W001,DEVELOPMENT_SYNTHETIC
26,2,3,20,2,1,5,5,45,1,3,4,0.42857142857142855,2,20.0,0.0,10,1,1,2,1,2,35,0.0,1.0,1.0,0.2085,0,W009,DEVELOPMENT_SYNTHETIC
24,1,4,15,3,1,5,3,15,1,5,2,0.7142857142857143,11,15.0,0.4,15,2,5,2,2,3,0,0.0,1.0,1.0,0.7408,1,W008,DEVELOPMENT_SYNTHETIC
22,2,3,45,2,2,3,4,20,2,2,0,1.0,4,25.0,0.25,20,2,5,3,2,4,0,0.0,1.0,1.0,0.7509,1,W002,DEVELOPMENT_SYNTHETIC
19,1,4,15,1,3,2,5,10,3,0,2,0.0,8,25.0,0.0,20,2,4,2,2,3,10,1.0,0.0,0.0,0.3174,0,W007,DEVELOPMENT_SYNTHETIC
25,3,4,30,3,1,5,5,15,1,3,0,1.0,9,15.0,0.0,20,2,4,2,2,3,5,1.0,1.0,1.0,0.773,1,W007,DEVELOPMENT_SYNTHETIC
26,3,4,15,3,2,5,1,45,2,1,4,0.2,3,15.0,0.0,30,3,6,3,3,5,15,0.0,1.0,1.0,0.1611,0,W006,DEVELOPMENT_SYNTHETIC
25,3,3,30,2,1,4,2,30,1,0,2,0.0,10,15.0,0.0,10,1,1,1,1,1,20,0.0,1.0,1.0,0.2098,0,W005,DEVELOPMENT_SYNTHETIC
18,2,1,15,2,2,5,4,20,2,2,4,0.3333333333333333,0,25.0,0.4,15,1,3,2,1,2,5,0.0,1.0,1.0,0.6011,1,W001,DEVELOPMENT_SYNTHETIC
22,1,1,20,3,2,3,1,15,2,2,1,0.6666666666666666,6,20.0,0.0,20,2,5,3,2,4,5,0.0,1.0,0.0,0.6704,1,W002,DEVELOPMENT_SYNTHETIC
26,2,2,45,1,1,2,4,10,1,3,0,1.0,2,20.0,0.1,15,2,5,2,2,3,5,0.0,0.0,1.0,0.1649,0,W008,DEVELOPMENT_SYNTHETIC
20,2,2,30,2,2,5,3,15,2,3,3,0.5,2,15.0,0.25,20,2,4,2,2,3,5,0.0,1.0,1.0,0.7015,1,W007,DEVELOPMENT_SYNTHETIC
21,2,5,10,3,1,3,1,20,1,3,3,0.5,11,20.0,0.0,15,1,2,1,1,1,5,0.0,1.0,1.0,0.6736,1,W003,DEVELOPMENT_SYNTHETIC
19,1,4,20,2,3,4,4,20,3,3,1,0.75,5,25.0,0.4,15,1,2,1,1,1,5,0.0,1.0,1.0,0.6628,1,W003,DEVELOPMENT_SYNTHETIC
23,1,5,15,1,1,5,1,20,1,0,2,0.0,6,12.0,0.4,15,2,5,2,2,3,5,1.0,0.0,1.0,0.4491,0,W008,DEVELOPMENT_SYNTHETIC
21,2,1,30,2,1,5,2,20,1,1,2,0.3333333333333333,12,12.0,0.25,25,2,4,3,1,4,5,0.0,1.0,1.0,0.7333,1,W004,DEVELOPMENT_SYNTHETIC
26,2,4,10,1,2,5,2,20,2,6,4,0.6,10,15.0,0.1,20,2,5,3,2,4,0,0.0,0.0,1.0,0.4007,0,W002,DEVELOPMENT_SYNTHETIC
20,2,3,15,1,2,4,1,20,2,0,0,0.5,6,25.0,0.25,25,2,4,3,1,4,5,1.0,1.0,1.0,0.708,1,W004,DEVELOPMENT_SYNTHETIC
26,2,3,10,2,2,4,1,30,2,0,2,0.0,5,20.0,0.25,20,2,4,2,2,3,10,1.0,1.0,1.0,0.636,1,W007,DEVELOPMENT_SYNTHETIC
18,2,3,10,1,1,1,3,10,1,2,3,0.4,4,12.0,0.4,15,1,2,1,1,1,5,0.0,1.0,1.0,0.8188,1,W003,DEVELOPMENT_SYNTHETIC
19,2,1,20,2,2,1,1,20,2,4,1,0.8,5,20.0,0.25,25,3,3,3,2,4,5,0.0,1.0,0.0,0.3513,0,W010,DEVELOPMENT_SYNTHETIC
21,3,6,20,2,1,5,4,15,1,0,1,0.0,10,12.0,0.0,25,3,3,3,2,4,10,0.0,1.0,1.0,0.5759,0,W010,DEVELOPMENT_SYNTHETIC
19,1,4,30,1,3,1,5,20,3,2,2,0.5,11,25.0,0.1,10,1,1,2,1,2,10,0.0,1.0,1.0,0.5137,0,W009,DEVELOPMENT_SYNTHETIC
24,1,4,15,1,1,5,3,30,1,2,3,0.4,10,12.0,0.4,20,2,5,3,2,4,10,0.0,0.0,1.0,0.1593,0,W002,DEVELOPMENT_SYNTHETIC
20,2,2,10,3,3,5,3,20,3,1,2,0.3333333333333333,0,12.0,0.1,20,2,4,2,2,3,0,0.0,1.0,1.0,0.7122,1,W007,DEVELOPMENT_SYNTHETIC
20,3,2,10,3,3,4,5,15,3,4,3,0.5714285714285714,6,20.0,0.1,15,1,2,1,1,1,0,1.0,1.0,1.0,0.8694,1,W003,DEVELOPMENT_SYNTHETIC
18,1,5,45,3,1,5,4,30,1,2,1,0.6666666666666666,4,20.0,0.0,15,1,2,1,1,1,15,0.0,1.0,1.0,0.1297,0,W003,DEVELOPMENT_SYNTHETIC
18,1,3,20,3,1,2,3,10,1,2,0,1.0,10,15.0,0.1,10,1,1,2,1,2,0,0.0,1.0,1.0,0.7038,1,W009,DEVELOPMENT_SYNTHETIC
23,1,5,45,3,2,3,1,30,2,5,1,0.8333333333333334,6,20.0,0.25,15,1,3,2,1,2,15,0.0,1.0,1.0,0.1324,0,W001,DEVELOPMENT_SYNTHETIC
20,1,4,20,2,1,3,1,15,1,5,3,0.625,10,20.0,0.1,15,2,5,2,2,3,0,0.0,1.0,0.0,0.7012,1,W008,DEVELOPMENT_SYNTHETIC
24,2,3,45,2,1,2,4,10,1,5,3,0.625,5,15.0,0.4,20,2,5,3,2,4,10,0.0,1.0,1.0,0.3027,0,W002,DEVELOPMENT_SYNTHETIC
21,1,2,15,2,1,5,4,20,1,5,2,0.7142857142857143,0,20.0,0.1,15,1,2,1,1,1,5,1.0,1.0,1.0,0.7525,1,W003,DEVELOPMENT_SYNTHETIC
20,3,2,10,3,1,1,4,10,1,3,3,0.5,1,15.0,0.0,25,3,3,3,2,4,15,0.0,1.0,1.0,0.05,0,W010,DEVELOPMENT_SYNTHETIC
18,2,5,10,2,1,1,2,10,1,6,0,1.0,4,15.0,0.0,15,1,3,2,1,2,5,0.0,1.0,1.0,0.6747,1,W001,DEVELOPMENT_SYNTHETIC
21,3,5,10,3,2,2,4,20,2,3,1,0.75,4,20.0,0.4,15,1,2,1,1,1,5,0.0,1.0,1.0,0.8592,1,W003,DEVELOPMENT_SYNTHETIC
26,1,3,20,3,3,1,1,10,3,0,4,0.0,4,12.0,0.4,15,1,2,1,1,1,5,0.0,1.0,1.0,0.8071,1,W003,DEVELOPMENT_SYNTHETIC
24,1,5,30,1,1,2,3,20,1,2,1,0.6666666666666666,10,25.0,0.0,15,2,5,2,2,3,5,1.0,0.0,0.0,0.435,0,W008,DEVELOPMENT_SYNTHETIC
23,1,3,20,1,1,1,5,15,1,0,2,0.0,1,12.0,0.1,15,1,2,1,1,1,0,0.0,1.0,1.0,0.9212,1,W003,DEVELOPMENT_SYNTHETIC
24,3,2,15,2,3,2,3,20,3,6,2,0.75,5,12.0,0.25,15,2,5,2,2,3,5,0.0,1.0,1.0,0.6561,1,W008,DEVELOPMENT_SYNTHETIC
18,2,4,10,2,3,2,2,15,3,1,3,0.25,7,25.0,0.0,20,2,5,3,2,4,5,0.0,1.0,1.0,0.478,0,W002,DEVELOPMENT_SYNTHETIC
19,2,6,15,3,2,3,2,20,2,6,3,0.6666666666666666,5,20.0,0.4,20,2,4,2,2,3,0,0.0,1.0,1.0,0.7452,1,W007,DEVELOPMENT_SYNTHETIC
20,3,2,20,2,3,2,4,15,3,4,3,0.5714285714285714,8,25.0,0.1,20,2,4,2,2,3,5,0.0,1.0,1.0,0.7075,1,W007,DEVELOPMENT_SYNTHETIC
21,3,5,45,3,2,1,2,15,2,0,1,0.0,0,20.0,0.4,15,1,2,1,1,1,0,0.0,1.0,1.0,0.9148,1,W003,DEVELOPMENT_SYNTHETIC
22,1,5,15,2,2,4,2,45,2,1,1,0.5,3,12.0,0.1,20,2,5,3,2,4,25,1.0,1.0,1.0,0.3483,0,W002,DEVELOPMENT_SYNTHETIC
24,3,4,10,1,2,3,1,15,2,5,4,0.5555555555555556,1,25.0,0.1,15,1,3,2,1,2,0,1.0,1.0,1.0,0.98,1,W001,DEVELOPMENT_SYNTHETIC
19,2,3,15,1,1,1,5,15,1,1,1,0.5,7,15.0,0.25,15,2,5,2,2,3,0,0.0,0.0,1.0,0.3187,0,W008,DEVELOPMENT_SYNTHETIC
22,3,2,10,2,2,1,2,10,2,5,0,1.0,9,15.0,0.1,15,1,3,2,1,2,5,0.0,1.0,1.0,0.7406,1,W001,DEVELOPMENT_SYNTHETIC
22,2,2,45,3,2,5,5,30,2,5,1,0.8333333333333334,6,15.0,0.25,20,2,5,3,2,4,10,0.0,1.0,1.0,0.5854,0,W002,DEVELOPMENT_SYNTHETIC
24,2,6,15,1,3,5,1,10,3,3,1,0.75,11,12.0,0.4,15,2,5,2,2,3,5,1.0,0.0,1.0,0.3719,0,W008,DEVELOPMENT_SYNTHETIC
20,3,1,30,3,2,1,3,20,2,3,1,0.75,4,12.0,0.0,20,2,5,3,2,4,0,0.0,1.0,1.0,0.4816,0,W002,DEVELOPMENT_SYNTHETIC
22,3,1,15,2,1,2,5,10,1,0,1,0.0,9,12.0,0.25,25,2,4,3,1,4,15,0.0,1.0,1.0,0.05,0,W004,DEVELOPMENT_SYNTHETIC
22,1,6,15,3,1,1,5,20,1,0,4,0.0,12,25.0,0.0,15,1,3,2,1,2,5,0.0,1.0,1.0,0.6811,1,W001,DEVELOPMENT_SYNTHETIC
22,1,1,20,2,1,4,5,20,1,2,3,0.4,11,20.0,0.1,20,2,5,3,2,4,0,0.0,1.0,1.0,0.6715,1,W002,DEVELOPMENT_SYNTHETIC
26,2,1,10,3,3,2,1,20,3,6,3,0.6666666666666666,7,12.0,0.25,15,1,2,1,1,1,5,0.0,1.0,1.0,0.8136,1,W003,DEVELOPMENT_SYNTHETIC
21,3,3,10,2,1,2,2,20,1,1,4,0.2,8,20.0,0.4,15,1,2,1,1,1,5,0.0,1.0,1.0,0.8376,1,W003,DEVELOPMENT_SYNTHETIC
18,2,1,30,2,3,4,2,10,3,4,4,0.5,1,15.0,0.4,20,2,5,3,2,4,10,0.0,1.0,1.0,0.5463,0,W002,DEVELOPMENT_SYNTHETIC
25,1,5,10,2,3,1,4,15,3,1,2,0.3333333333333333,2,12.0,0.25,25,3,3,3,2,4,10,0.0,1.0,0.0,0.05,0,W010,DEVELOPMENT_SYNTHETIC
25,2,1,15,1,1,3,4,30,1,6,3,0.6666666666666666,10,15.0,0.0,25,3,3,3,2,4,5,0.0,0.0,0.0,0.2589,0,W010,DEVELOPMENT_SYNTHETIC
24,1,2,30,2,2,5,2,45,2,2,4,0.3333333333333333,9,20.0,0.25,20,2,5,3,2,4,25,0.0,1.0,1.0,0.1332,0,W002,DEVELOPMENT_SYNTHETIC
18,2,4,20,3,2,5,1,20,2,5,4,0.5555555555555556,0,15.0,0.0,10,1,1,1,1,1,10,0.0,1.0,1.0,0.569,0,W005,DEVELOPMENT_SYNTHETIC
21,1,2,10,3,2,4,4,15,2,2,3,0.4,7,25.0,0.0,20,2,5,3,2,4,5,0.0,1.0,1.0,0.6805,1,W002,DEVELOPMENT_SYNTHETIC
21,3,3,30,1,2,4,3,15,2,2,2,0.5,9,25.0,0.1,15,2,5,2,2,3,0,0.0,0.0,1.0,0.378,0,W008,DEVELOPMENT_SYNTHETIC
20,2,5,45,2,1,4,2,20,1,2,4,0.3333333333333333,0,25.0,0.0,30,3,6,3,3,5,10,1.0,0.0,1.0,0.354,0,W006,DEVELOPMENT_SYNTHETIC
18,2,2,15,1,1,4,3,30,1,5,1,0.8333333333333334,1,15.0,0.0,10,1,1,1,1,1,20,0.0,1.0,1.0,0.2417,0,W005,DEVELOPMENT_SYNTHETIC
24,1,2,30,2,3,5,2,20,3,2,1,0.6666666666666666,0,12.0,0.4,30,3,6,3,3,5,10,0.0,0.0,0.0,0.05,0,W006,DEVELOPMENT_SYNTHETIC
25,1,1,30,1,2,4,5,20,2,5,3,0.625,5,25.0,0.0,10,1,1,2,1,2,10,1.0,1.0,1.0,0.6965,1,W009,DEVELOPMENT_SYNTHETIC
20,1,6,45,1,3,3,3,10,3,1,3,0.25,2,25.0,0.25,20,2,5,3,2,4,10,1.0,0.0,0.0,0.217,0,W002,DEVELOPMENT_SYNTHETIC
25,2,4,10,2,3,2,4,20,3,4,0,1.0,0,15.0,0.1,20,2,4,2,2,3,0,1.0,1.0,1.0,0.9215,1,W007,DEVELOPMENT_SYNTHETIC
21,3,4,30,1,3,3,2,10,3,5,4,0.5555555555555556,0,20.0,0.25,15,1,3,2,1,2,5,1.0,1.0,1.0,0.8104,1,W001,DEVELOPMENT_SYNTHETIC
25,2,1,30,3,1,4,4,30,1,2,4,0.3333333333333333,6,20.0,0.0,15,1,2,1,1,1,15,0.0,1.0,1.0,0.2136,0,W003,DEVELOPMENT_SYNTHETIC
20,2,2,45,2,1,5,4,45,1,2,3,0.4,10,20.0,0.0,20,2,5,3,2,4,25,0.0,1.0,1.0,0.1362,0,W002,DEVELOPMENT_SYNTHETIC
24,1,5,45,3,1,1,4,20,1,6,4,0.6,8,12.0,0.4,10,1,1,2,1,2,10,0.0,1.0,1.0,0.4959,0,W009,DEVELOPMENT_SYNTHETIC
21,1,6,30,3,2,2,4,20,2,3,0,1.0,3,25.0,0.0,30,3,6,3,3,5,10,1.0,1.0,0.0,0.4527,0,W006,DEVELOPMENT_SYNTHETIC
18,2,2,30,3,3,3,2,20,3,2,2,0.5,10,20.0,0.25,20,2,4,2,2,3,0,0.0,1.0,1.0,0.748,1,W007,DEVELOPMENT_SYNTHETIC
18,1,4,10,1,2,1,2,15,2,6,4,0.6,11,20.0,0.25,15,1,2,1,1,1,0,0.0,1.0,1.0,0.98,1,W003,DEVELOPMENT_SYNTHETIC
21,2,6,30,1,3,5,4,10,3,6,4,0.6,6,15.0,0.4,15,1,2,1,1,1,5,0.0,1.0,1.0,0.6514,1,W003,DEVELOPMENT_SYNTHETIC
21,2,2,30,3,1,1,2,20,1,0,4,0.0,12,25.0,0.25,10,1,1,2,1,2,10,0.0,1.0,1.0,0.5515,0,W009,DEVELOPMENT_SYNTHETIC
18,2,3,10,1,1,4,1,20,1,0,4,0.0,11,12.0,0.4,15,1,3,2,1,2,5,1.0,1.0,1.0,0.8469,1,W001,DEVELOPMENT_SYNTHETIC
20,3,4,20,1,2,2,2,15,2,1,4,0.2,3,25.0,0.25,15,1,3,2,1,2,0,1.0,1.0,1.0,0.8742,1,W001,DEVELOPMENT_SYNTHETIC
19,1,1,10,1,3,1,4,20,3,0,0,0.5,2,20.0,0.25,15,1,2,1,1,1,5,0.0,1.0,1.0,0.8548,1,W003,DEVELOPMENT_SYNTHETIC
24,1,5,15,2,2,1,4,10,2,3,0,1.0,7,12.0,0.1,20,2,4,2,2,3,10,0.0,1.0,0.0,0.5269,0,W007,DEVELOPMENT_SYNTHETIC
20,2,2,15,3,2,3,1,20,2,5,4,0.5555555555555556,10,12.0,0.0,30,3,6,3,3,5,10,0.0,1.0,0.0,0.5283,0,W006,DEVELOPMENT_SYNTHETIC
18,2,1,45,3,3,2,5,20,3,2,0,1.0,3,12.0,0.0,10,1,1,2,1,2,10,1.0,1.0,1.0,0.6845,1,W009,DEVELOPMENT_SYNTHETIC
21,1,6,10,1,2,1,3,10,2,1,0,1.0,11,15.0,0.25,10,1,1,1,1,1,0,0.0,1.0,1.0,0.9611,1,W005,DEVELOPMENT_SYNTHETIC
22,1,2,45,1,2,4,4,45,2,4,3,0.5714285714285714,3,20.0,0.1,25,2,4,3,1,4,20,0.0,1.0,1.0,0.1761,0,W004,DEVELOPMENT_SYNTHETIC
22,3,4,10,2,2,2,2,20,2,3,3,0.5,7,25.0,0.25,30,3,6,3,3,5,10,0.0,0.0,1.0,0.05,0,W006,DEVELOPMENT_SYNTHETIC
21,1,6,30,3,2,5,3,30,2,5,0,1.0,7,15.0,0.0,10,1,1,2,1,2,20,0.0,1.0,1.0,0.1553,0,W009,DEVELOPMENT_SYNTHETIC
26,3,1,45,2,2,3,4,15,2,0,1,0.0,12,20.0,0.4,15,1,2,1,1,1,0,0.0,1.0,1.0,0.7407,1,W003,DEVELOPMENT_SYNTHETIC
23,1,1,20,1,1,2,3,10,1,0,2,0.0,11,12.0,0.25,25,2,4,3,1,4,15,0.0,1.0,0.0,0.05,0,W004,DEVELOPMENT_SYNTHETIC
19,3,2,45,2,1,4,3,20,1,4,1,0.8,1,20.0,0.0,25,3,3,3,2,4,5,0.0,1.0,1.0,0.7223,1,W010,DEVELOPMENT_SYNTHETIC
23,2,4,20,3,2,2,2,10,2,6,3,0.6666666666666666,7,12.0,0.25,20,2,4,2,2,3,10,1.0,1.0,1.0,0.7098,1,W007,DEVELOPMENT_SYNTHETIC
23,1,5,45,2,1,5,4,20,1,4,0,1.0,4,12.0,0.0,15,2,5,2,2,3,5,1.0,1.0,1.0,0.8516,1,W008,DEVELOPMENT_SYNTHETIC
26,1,1,45,2,1,1,3,20,1,0,0,0.5,7,12.0,0.4,10,1,1,1,1,1,10,1.0,1.0,1.0,0.8257,1,W005,DEVELOPMENT_SYNTHETIC
26,2,1,10,2,2,3,4,15,2,3,2,0.6,11,25.0,0.4,20,2,5,3,2,4,5,0.0,1.0,1.0,0.6634,1,W002,DEVELOPMENT_SYNTHETIC
18,3,1,15,1,1,1,2,10,1,2,3,0.4,3,15.0,0.0,25,2,4,3,1,4,15,0.0,1.0,1.0,0.05,0,W004,DEVELOPMENT_SYNTHETIC
22,2,4,10,3,1,1,1,10,1,2,0,1.0,4,20.0,0.4,10,1,1,1,1,1,0,0.0,1.0,1.0,0.9541,1,W005,DEVELOPMENT_SYNTHETIC
19,1,4,30,1,3,2,3,10,3,6,4,0.6,6,25.0,0.0,10,1,1,2,1,2,0,0.0,1.0,1.0,0.8033,1,W009,DEVELOPMENT_SYNTHETIC
22,1,6,30,3,2,3,4,20,2,0,2,0.0,12,20.0,0.0,30,3,6,3,3,5,10,1.0,1.0,0.0,0.6741,1,W006,DEVELOPMENT_SYNTHETIC
19,1,6,15,3,3,1,4,10,3,1,0,1.0,10,15.0,0.4,20,2,4,2,2,3,10,0.0,1.0,0.0,0.6205,1,W007,DEVELOPMENT_SYNTHETIC
26,2,3,15,1,2,5,3,30,2,5,3,0.625,10,15.0,0.0,15,1,2,1,1,1,15,0.0,1.0,1.0,0.3149,0,W003,DEVELOPMENT_SYNTHETIC
26,2,3,45,2,2,2,4,10,2,0,2,0.0,6,15.0,0.25,25,3,3,3,2,4,15,1.0,1.0,0.0,0.05,0,W010,DEVELOPMENT_SYNTHETIC
19,1,4,10,1,2,2,1,15,2,1,2,0.3333333333333333,0,25.0,0.4,30,3,6,3,3,5,15,0.0,0.0,0.0,0.05,0,W006,DEVELOPMENT_SYNTHETIC
24,1,1,20,3,1,2,2,15,1,4,3,0.5714285714285714,8,20.0,0.0,15,2,5,2,2,3,0,0.0,1.0,0.0,0.8227,1,W008,DEVELOPMENT_SYNTHETIC
24,2,1,30,1,1,2,3,10,1,3,1,0.75,9,20.0,0.4,10,1,1,2,1,2,0,1.0,1.0,1.0,0.979,1,W009,DEVELOPMENT_SYNTHETIC
19,1,2,15,3,1,2,1,10,1,0,4,0.0,4,15.0,0.0,10,1,1,2,1,2,0,0.0,1.0,1.0,0.7239,1,W009,DEVELOPMENT_SYNTHETIC
24,2,5,30,1,3,4,1,10,3,5,2,0.7142857142857143,7,15.0,0.1,25,2,4,3,1,4,15,0.0,1.0,1.0,0.05,0,W004,DEVELOPMENT_SYNTHETIC
22,3,1,45,2,3,1,1,10,3,4,4,0.5,7,20.0,0.1,15,1,2,1,1,1,5,0.0,1.0,1.0,0.8359,1,W003,DEVELOPMENT_SYNTHETIC
23,3,1,15,1,1,4,2,15,1,5,3,0.625,6,20.0,0.0,15,1,2,1,1,1,0,0.0,1.0,1.0,0.6828,1,W003,DEVELOPMENT_SYNTHETIC
23,1,1,10,1,3,4,5,10,3,3,1,0.75,7,12.0,0.0,15,1,3,2,1,2,5,0.0,1.0,1.0,0.6041,1,W001,DEVELOPMENT_SYNTHETIC
26,3,6,45,2,1,2,2,10,1,0,2,0.0,12,20.0,0.4,15,2,5,2,2,3,5,1.0,1.0,1.0,0.7498,1,W008,DEVELOPMENT_SYNTHETIC
22,2,4,30,3,2,3,4,15,2,6,2,0.75,4,20.0,0.4,20,2,5,3,2,4,5,0.0,1.0,1.0,0.6116,1,W002,DEVELOPMENT_SYNTHETIC
20,3,1,10,3,3,4,2,20,3,1,2,0.3333333333333333,7,12.0,0.1,25,3,3,3,2,4,5,0.0,1.0,1.0,0.3983,0,W010,DEVELOPMENT_SYNTHETIC
19,3,4,15,2,2,2,4,20,2,0,2,0.0,10,25.0,0.1,10,1,1,1,1,1,10,0.0,1.0,1.0,0.7617,1,W005,DEVELOPMENT_SYNTHETIC
24,2,4,45,2,2,3,3,20,2,0,4,0.0,8,20.0,0.0,20,2,4,2,2,3,0,1.0,1.0,1.0,0.9775,1,W007,DEVELOPMENT_SYNTHETIC
18,3,2,10,2,2,4,2,45,2,5,1,0.8333333333333334,8,20.0,0.1,10,1,1,1,1,1,35,0.0,1.0,1.0,0.1501,0,W005,DEVELOPMENT_SYNTHETIC
25,2,2,10,1,2,1,2,15,2,6,4,0.6,1,12.0,0.4,10,1,1,1,1,1,5,0.0,1.0,1.0,0.8992,1,W005,DEVELOPMENT_SYNTHETIC
18,2,5,10,2,3,3,2,15,3,2,4,0.3333333333333333,10,15.0,0.0,10,1,1,1,1,1,5,0.0,1.0,1.0,0.6393,1,W005,DEVELOPMENT_SYNTHETIC
19,3,3,45,1,2,3,2,15,2,3,2,0.6,3,25.0,0.4,20,2,4,2,2,3,5,1.0,0.0,1.0,0.3975,0,W007,DEVELOPMENT_SYNTHETIC
20,2,5,20,2,3,5,4,20,3,2,4,0.3333333333333333,2,15.0,0.25,15,1,2,1,1,1,5,0.0,1.0,1.0,0.6837,1,W003,DEVELOPMENT_SYNTHETIC
19,3,2,20,1,2,3,5,45,2,4,1,0.8,6,25.0,0.0,15,1,2,1,1,1,30,1.0,1.0,1.0,0.2939,0,W003,DEVELOPMENT_SYNTHETIC
23,2,6,45,3,2,4,3,45,2,3,3,0.5,6,25.0,0.0,10,1,1,2,1,2,35,0.0,1.0,1.0,0.2191,0,W009,DEVELOPMENT_SYNTHETIC
22,2,5,45,1,1,2,5,20,1,2,1,0.6666666666666666,9,20.0,0.0,20,2,4,2,2,3,0,0.0,0.0,1.0,0.3583,0,W007,DEVELOPMENT_SYNTHETIC
26,2,3,30,3,1,4,1,15,1,0,2,0.0,10,12.0,0.25,25,3,3,3,2,4,10,1.0,1.0,1.0,0.7246,1,W010,DEVELOPMENT_SYNTHETIC
18,2,5,20,3,2,1,5,20,2,4,0,1.0,11,15.0,0.1,10,1,1,2,1,2,10,0.0,1.0,1.0,0.5645,0,W009,DEVELOPMENT_SYNTHETIC
22,2,4,15,1,1,3,1,45,1,4,1,0.8,1,12.0,0.0,15,1,2,1,1,1,30,0.0,1.0,1.0,0.3228,0,W003,DEVELOPMENT_SYNTHETIC
21,1,6,15,3,1,1,4,10,1,6,4,0.6,7,25.0,0.0,20,2,5,3,2,4,10,1.0,1.0,0.0,0.3681,0,W002,DEVELOPMENT_SYNTHETIC
26,2,1,15,2,1,3,5,45,1,6,4,0.6,1,25.0,0.1,15,1,3,2,1,2,30,0.0,1.0,1.0,0.1735,0,W001,DEVELOPMENT_SYNTHETIC
20,1,3,15,3,3,5,5,10,3,3,3,0.5,4,20.0,0.0,25,3,3,3,2,4,15,1.0,1.0,0.0,0.0688,0,W010,DEVELOPMENT_SYNTHETIC
24,2,2,30,3,2,1,4,15,2,6,3,0.6666666666666666,2,12.0,0.25,15,2,5,2,2,3,0,0.0,1.0,1.0,0.7222,1,W008,DEVELOPMENT_SYNTHETIC
22,3,5,45,2,1,1,5,15,1,0,2,0.0,2,25.0,0.4,10,1,1,1,1,1,5,0.0,1.0,1.0,0.8181,1,W005,DEVELOPMENT_SYNTHETIC
21,1,5,45,2,3,3,5,15,3,4,0,1.0,2,15.0,0.25,25,3,3,3,2,4,10,0.0,1.0,0.0,0.3595,0,W010,DEVELOPMENT_SYNTHETIC
22,2,1,20,3,1,4,1,45,1,3,3,0.5,9,15.0,0.25,15,1,2,1,1,1,30,0.0,1.0,1.0,0.271,0,W003,DEVELOPMENT_SYNTHETIC
24,2,4,20,3,3,1,1,10,3,6,1,0.8571428571428571,3,12.0,0.0,15,2,5,2,2,3,5,0.0,1.0,1.0,0.6215,1,W008,DEVELOPMENT_SYNTHETIC
19,2,4,15,2,1,2,4,15,1,0,0,0.5,9,20.0,0.0,15,1,3,2,1,2,0,1.0,1.0,1.0,0.8584,1,W001,DEVELOPMENT_SYNTHETIC
18,1,4,45,2,2,2,3,10,2,5,3,0.625,6,15.0,0.1,25,2,4,3,1,4,15,1.0,1.0,0.0,0.0736,0,W004,DEVELOPMENT_SYNTHETIC
21,2,1,20,2,3,2,2,15,3,6,4,0.6,12,15.0,0.0,25,3,3,3,2,4,10,0.0,1.0,0.0,0.05,0,W010,DEVELOPMENT_SYNTHETIC
18,3,5,15,3,1,2,1,15,1,6,3,0.6666666666666666,9,12.0,0.25,15,1,2,1,1,1,0,0.0,1.0,1.0,0.98,1,W003,DEVELOPMENT_SYNTHETIC
25,3,4,45,3,3,2,2,20,3,6,3,0.6666666666666666,8,20.0,0.25,25,3,3,3,2,4,5,1.0,1.0,1.0,0.2601,0,W010,DEVELOPMENT_SYNTHETIC
24,1,6,30,1,2,1,5,10,2,1,4,0.2,4,12.0,0.0,15,2,5,2,2,3,5,1.0,0.0,0.0,0.3242,0,W008,DEVELOPMENT_SYNTHETIC
18,1,3,20,3,3,2,3,15,3,3,2,0.6,1,15.0,0.25,20,2,5,3,2,4,5,0.0,1.0,0.0,0.4274,0,W002,DEVELOPMENT_SYNTHETIC
26,3,6,45,1,3,3,4,20,3,0,4,0.0,11,12.0,0.4,10,1,1,1,1,1,10,0.0,1.0,1.0,0.6398,1,W005,DEVELOPMENT_SYNTHETIC
22,1,4,30,1,2,2,3,10,2,1,1,0.5,8,20.0,0.0,25,2,4,3,1,4,15,1.0,1.0,0.0,0.05,0,W004,DEVELOPMENT_SYNTHETIC
23,1,2,10,3,3,1,4,20,3,5,4,0.5555555555555556,1,25.0,0.1,10,1,1,1,1,1,10,0.0,1.0,1.0,0.7306,1,W005,DEVELOPMENT_SYNTHETIC
26,1,4,30,1,1,2,3,15,1,3,2,0.6,12,15.0,0.0,15,1,3,2,1,2,0,1.0,1.0,1.0,0.9143,1,W001,DEVELOPMENT_SYNTHETIC
18,1,5,30,3,3,5,4,10,3,3,3,0.5,11,15.0,0.4,20,2,4,2,2,3,10,0.0,1.0,1.0,0.5667,0,W007,DEVELOPMENT_SYNTHETIC
23,1,6,10,1,2,3,2,30,2,3,0,1.0,3,15.0,0.0,25,3,3,3,2,4,5,0.0,0.0,0.0,0.2829,0,W010,DEVELOPMENT_SYNTHETIC
18,1,5,45,2,3,1,2,10,3,0,0,0.5,2,25.0,0.1,10,1,1,1,1,1,0,0.0,1.0,1.0,0.98,1,W005,DEVELOPMENT_SYNTHETIC
22,2,5,15,2,3,2,5,15,3,3,0,1.0,10,12.0,0.0,10,1,1,1,1,1,5,0.0,1.0,1.0,0.8412,1,W005,DEVELOPMENT_SYNTHETIC
21,1,6,20,2,3,4,3,15,3,6,4,0.6,4,15.0,0.25,30,3,6,3,3,5,15,1.0,0.0,0.0,0.05,0,W006,DEVELOPMENT_SYNTHETIC
23,3,4,10,3,1,4,5,45,1,2,0,1.0,3,15.0,0.1,10,1,1,1,1,1,35,0.0,1.0,1.0,0.131,0,W005,DEVELOPMENT_SYNTHETIC
20,3,4,20,1,1,1,2,20,1,3,3,0.5,1,12.0,0.4,15,1,3,2,1,2,5,1.0,1.0,1.0,0.7635,1,W001,DEVELOPMENT_SYNTHETIC
19,2,1,20,3,2,1,3,20,2,3,3,0.5,0,25.0,0.4,15,2,5,2,2,3,5,0.0,1.0,1.0,0.6483,1,W008,DEVELOPMENT_SYNTHETIC
24,1,5,15,1,2,5,1,30,2,0,4,0.0,12,20.0,0.0,25,3,3,3,2,4,5,0.0,0.0,0.0,0.3397,0,W010,DEVELOPMENT_SYNTHETIC
23,2,1,10,3,1,5,4,45,1,6,0,1.0,12,12.0,0.4,10,1,1,1,1,1,35,1.0,1.0,1.0,0.3241,0,W005,DEVELOPMENT_SYNTHETIC
26,2,6,45,2,3,3,2,15,3,3,1,0.75,2,12.0,0.25,10,1,1,1,1,1,5,0.0,1.0,1.0,0.6612,1,W005,DEVELOPMENT_SYNTHETIC
24,1,5,20,3,2,1,5,15,2,2,2,0.5,10,20.0,0.0,20,2,5,3,2,4,5,1.0,1.0,0.0,0.4992,0,W002,DEVELOPMENT_SYNTHETIC
20,3,1,20,3,2,4,4,15,2,3,0,1.0,7,12.0,0.25,15,2,5,2,2,3,0,0.0,1.0,1.0,0.8094,1,W008,DEVELOPMENT_SYNTHETIC
19,3,4,10,1,2,3,5,30,2,0,3,0.0,2,20.0,0.25,10,1,1,1,1,1,20,0.0,1.0,1.0,0.3263,0,W005,DEVELOPMENT_SYNTHETIC
20,1,2,15,1,3,5,1,10,3,0,0,0.5,2,25.0,0.25,15,1,3,2,1,2,5,0.0,1.0,1.0,0.6235,1,W001,DEVELOPMENT_SYNTHETIC
22,3,6,20,1,1,1,3,20,1,5,0,1.0,9,15.0,0.25,20,2,5,3,2,4,0,1.0,0.0,1.0,0.1755,0,W002,DEVELOPMENT_SYNTHETIC
19,3,5,45,2,1,2,2,15,1,4,2,0.6666666666666666,10,25.0,0.0,20,2,4,2,2,3,5,0.0,1.0,1.0,0.7022,1,W007,DEVELOPMENT_SYNTHETIC
23,1,1,45,1,2,3,4,30,2,3,2,0.6,9,12.0,0.1,30,3,6,3,3,5,0,0.0,0.0,0.0,0.3841,0,W006,DEVELOPMENT_SYNTHETIC
19,2,5,10,1,3,5,2,15,3,4,4,0.5,12,20.0,0.1,20,2,4,2,2,3,5,0.0,0.0,1.0,0.3423,0,W007,DEVELOPMENT_SYNTHETIC
24,1,6,15,3,3,1,1,10,3,4,4,0.5,9,25.0,0.0,10,1,1,2,1,2,0,0.0,1.0,1.0,0.7792,1,W009,DEVELOPMENT_SYNTHETIC
26,3,5,45,2,3,4,3,15,3,1,4,0.2,4,15.0,0.25,25,2,4,3,1,4,10,0.0,1.0,1.0,0.282,0,W004,DEVELOPMENT_SYNTHETIC
21,1,1,10,2,2,4,4,30,2,0,2,0.0,8,12.0,0.25,15,2,5,2,2,3,15,0.0,1.0,1.0,0.2295,0,W008,DEVELOPMENT_SYNTHETIC
20,1,6,15,2,2,5,2,45,2,5,4,0.5555555555555556,10,15.0,0.25,10,1,1,1,1,1,35,0.0,1.0,1.0,0.2554,0,W005,DEVELOPMENT_SYNTHETIC
24,2,1,30,1,1,5,2,45,1,5,1,0.8333333333333334,2,25.0,0.0,15,1,2,1,1,1,30,0.0,1.0,1.0,0.241,0,W003,DEVELOPMENT_SYNTHETIC
19,2,5,30,2,3,2,1,15,3,0,1,0.0,1,15.0,0.4,20,2,4,2,2,3,5,0.0,1.0,1.0,0.6754,1,W007,DEVELOPMENT_SYNTHETIC
21,1,1,45,2,3,3,1,15,3,6,2,0.75,9,12.0,0.0,20,2,5,3,2,4,5,0.0,1.0,0.0,0.7033,1,W002,DEVELOPMENT_SYNTHETIC
24,2,4,30,2,2,3,4,20,2,5,1,0.8333333333333334,11,12.0,0.1,15,1,3,2,1,2,5,1.0,1.0,1.0,0.8585,1,W001,DEVELOPMENT_SYNTHETIC
24,3,6,30,2,3,3,4,10,3,4,4,0.5,4,12.0,0.1,10,1,1,1,1,1,0,0.0,1.0,1.0,0.8191,1,W005,DEVELOPMENT_SYNTHETIC
26,2,2,45,1,3,5,5,15,3,2,2,0.5,6,20.0,0.1,15,1,2,1,1,1,0,1.0,1.0,1.0,0.9324,1,W003,DEVELOPMENT_SYNTHETIC
26,3,5,30,3,1,3,5,30,1,0,2,0.0,4,15.0,0.0,10,1,1,1,1,1,20,0.0,1.0,1.0,0.1916,0,W005,DEVELOPMENT_SYNTHETIC
22,2,1,15,2,1,3,5,15,1,1,2,0.3333333333333333,2,12.0,0.1,10,1,1,2,1,2,5,1.0,1.0,1.0,0.8073,1,W009,DEVELOPMENT_SYNTHETIC
26,1,6,10,1,3,5,2,10,3,3,0,1.0,5,15.0,0.25,25,3,3,3,2,4,15,0.0,0.0,0.0,0.05,0,W010,DEVELOPMENT_SYNTHETIC
25,3,2,15,2,3,3,1,20,3,5,0,1.0,7,25.0,0.4,10,1,1,1,1,1,10,0.0,1.0,1.0,0.5092,0,W005,DEVELOPMENT_SYNTHETIC
23,1,5,10,2,3,1,2,20,3,0,2,0.0,2,20.0,0.25,15,2,5,2,2,3,5,1.0,1.0,0.0,0.8184,1,W008,DEVELOPMENT_SYNTHETIC
23,3,4,10,3,3,1,4,10,3,5,4,0.5555555555555556,5,15.0,0.0,15,1,3,2,1,2,5,1.0,1.0,1.0,0.7803,1,W001,DEVELOPMENT_SYNTHETIC
21,1,3,15,3,2,3,4,20,2,3,1,0.75,11,25.0,0.25,15,1,2,1,1,1,5,0.0,1.0,1.0,0.6514,1,W003,DEVELOPMENT_SYNTHETIC
18,3,3,15,1,3,4,1,15,3,4,4,0.5,3,15.0,0.0,20,2,4,2,2,3,5,1.0,0.0,1.0,0.4639,0,W007,DEVELOPMENT_SYNTHETIC
21,2,4,45,3,2,3,4,20,2,2,1,0.6666666666666666,4,25.0,0.4,20,2,4,2,2,3,0,1.0,1.0,1.0,0.9096,1,W007,DEVELOPMENT_SYNTHETIC
19,2,6,20,3,2,2,1,15,2,3,3,0.5,5,15.0,0.4,20,2,5,3,2,4,5,1.0,1.0,1.0,0.5023,0,W002,DEVELOPMENT_SYNTHETIC
23,2,3,10,2,3,4,2,15,3,6,3,0.6666666666666666,9,25.0,0.1,15,1,3,2,1,2,0,1.0,1.0,1.0,0.832,1,W001,DEVELOPMENT_SYNTHETIC
18,2,1,30,3,1,5,3,30,1,5,2,0.7142857142857143,6,25.0,0.4,20,2,4,2,2,3,10,0.0,1.0,1.0,0.5873,0,W007,DEVELOPMENT_SYNTHETIC
21,2,2,30,1,2,3,1,30,2,3,3,0.5,3,15.0,0.1,20,2,5,3,2,4,10,0.0,0.0,1.0,0.1823,0,W002,DEVELOPMENT_SYNTHETIC
26,3,6,45,2,1,1,1,15,1,0,2,0.0,5,12.0,0.0,10,1,1,2,1,2,5,0.0,1.0,1.0,0.7582,1,W009,DEVELOPMENT_SYNTHETIC
26,2,3,15,3,1,4,2,30,1,6,1,0.8571428571428571,5,20.0,0.4,25,2,4,3,1,4,5,1.0,1.0,1.0,0.7846,1,W004,DEVELOPMENT_SYNTHETIC
18,3,6,10,1,1,5,1,45,1,6,3,0.6666666666666666,0,15.0,0.25,10,1,1,1,1,1,35,0.0,1.0,1.0,0.211,0,W005,DEVELOPMENT_SYNTHETIC
18,1,5,15,3,3,3,1,15,3,5,3,0.625,2,20.0,0.0,20,2,5,3,2,4,5,1.0,1.0,0.0,0.8125,1,W002,DEVELOPMENT_SYNTHETIC
18,3,5,30,3,3,1,5,20,3,1,0,1.0,11,25.0,0.1,25,3,3,3,2,4,5,0.0,1.0,1.0,0.1789,0,W010,DEVELOPMENT_SYNTHETIC
22,2,1,10,2,3,3,4,10,3,0,2,0.0,10,25.0,0.4,10,1,1,1,1,1,0,1.0,1.0,1.0,0.8952,1,W005,DEVELOPMENT_SYNTHETIC
22,1,2,45,1,2,4,3,20,2,3,0,1.0,7,25.0,0.25,10,1,1,2,1,2,10,0.0,1.0,1.0,0.564,0,W009,DEVELOPMENT_SYNTHETIC
18,1,4,45,2,1,4,2,45,1,2,3,0.4,9,12.0,0.25,30,3,6,3,3,5,15,0.0,0.0,0.0,0.05,0,W006,DEVELOPMENT_SYNTHETIC
20,3,3,45,1,1,2,4,20,1,1,0,1.0,2,25.0,0.4,10,1,1,2,1,2,10,0.0,1.0,1.0,0.5593,0,W009,DEVELOPMENT_SYNTHETIC
22,3,4,30,1,1,4,3,30,1,6,1,0.8571428571428571,0,20.0,0.4,15,1,3,2,1,2,15,1.0,1.0,1.0,0.3277,0,W001,DEVELOPMENT_SYNTHETIC
26,3,1,30,1,3,4,3,20,3,1,2,0.3333333333333333,7,25.0,0.0,20,2,5,3,2,4,0,0.0,0.0,1.0,0.3597,0,W002,DEVELOPMENT_SYNTHETIC
18,3,2,15,1,2,2,5,20,2,0,1,0.0,3,25.0,0.0,15,1,3,2,1,2,5,0.0,1.0,1.0,0.7037,1,W001,DEVELOPMENT_SYNTHETIC
25,2,2,45,1,3,2,5,15,3,3,0,1.0,4,12.0,0.4,10,1,1,1,1,1,5,0.0,1.0,1.0,0.7987,1,W005,DEVELOPMENT_SYNTHETIC
23,3,4,20,2,3,5,2,10,3,2,4,0.3333333333333333,10,15.0,0.25,10,1,1,2,1,2,0,0.0,1.0,1.0,0.7566,1,W009,DEVELOPMENT_SYNTHETIC
23,2,6,15,2,2,2,2,20,2,5,3,0.625,0,20.0,0.4,15,1,2,1,1,1,5,0.0,1.0,1.0,0.815,1,W003,DEVELOPMENT_SYNTHETIC
21,2,3,20,1,1,2,1,20,1,3,2,0.6,1,12.0,0.4,25,3,3,3,2,4,5,1.0,0.0,0.0,0.1598,0,W010,DEVELOPMENT_SYNTHETIC
21,1,3,45,2,3,3,1,10,3,2,2,0.5,6,20.0,0.25,25,3,3,3,2,4,15,1.0,1.0,0.0,0.05,0,W010,DEVELOPMENT_SYNTHETIC
19,2,2,15,3,3,5,2,10,3,5,1,0.8333333333333334,4,15.0,0.25,25,3,3,3,2,4,15,0.0,1.0,1.0,0.05,0,W010,DEVELOPMENT_SYNTHETIC
23,1,5,30,3,3,5,5,20,3,2,4,0.3333333333333333,10,25.0,0.1,15,1,2,1,1,1,5,0.0,1.0,1.0,0.6689,1,W003,DEVELOPMENT_SYNTHETIC
20,1,5,45,1,1,2,2,15,1,6,0,1.0,5,12.0,0.0,15,1,2,1,1,1,0,0.0,1.0,1.0,0.98,1,W003,DEVELOPMENT_SYNTHETIC
23,2,6,30,2,3,3,5,10,3,1,4,0.2,6,25.0,0.4,15,2,5,2,2,3,5,1.0,1.0,1.0,0.7967,1,W008,DEVELOPMENT_SYNTHETIC
19,2,1,45,3,2,5,2,20,2,5,2,0.7142857142857143,11,15.0,0.4,10,1,1,2,1,2,10,1.0,1.0,1.0,0.6722,1,W009,DEVELOPMENT_SYNTHETIC
26,2,2,10,3,2,4,3,20,2,0,2,0.0,7,20.0,0.4,25,2,4,3,1,4,5,0.0,1.0,1.0,0.7441,1,W004,DEVELOPMENT_SYNTHETIC
20,3,6,20,1,2,1,2,15,2,2,4,0.3333333333333333,3,12.0,0.25,30,3,6,3,3,5,15,1.0,0.0,1.0,0.05,0,W006,DEVELOPMENT_SYNTHETIC
22,2,5,10,2,3,1,3,20,3,3,3,0.5,0,20.0,0.25,15,1,3,2,1,2,5,0.0,1.0,1.0,0.5401,0,W001,DEVELOPMENT_SYNTHETIC
25,1,6,45,3,2,4,2,45,2,5,4,0.5555555555555556,12,12.0,0.0,30,3,6,3,3,5,15,1.0,1.0,0.0,0.372,0,W006,DEVELOPMENT_SYNTHETIC
20,3,5,15,3,1,1,4,10,1,0,3,0.0,10,12.0,0.25,20,2,5,3,2,4,10,1.0,1.0,1.0,0.3749,0,W002,DEVELOPMENT_SYNTHETIC
18,2,6,45,1,3,3,3,20,3,1,4,0.2,11,20.0,0.0,20,2,4,2,2,3,0,0.0,0.0,1.0,0.2989,0,W007,DEVELOPMENT_SYNTHETIC
21,3,2,10,3,1,5,2,30,1,0,1,0.0,7,12.0,0.25,25,3,3,3,2,4,5,0.0,1.0,1.0,0.6854,1,W010,DEVELOPMENT_SYNTHETIC
18,3,3,15,3,2,3,3,30,2,0,2,0.0,7,12.0,0.4,20,2,5,3,2,4,10,0.0,1.0,1.0,0.5622,0,W002,DEVELOPMENT_SYNTHETIC
20,1,5,10,1,3,3,5,20,3,0,1,0.0,12,12.0,0.1,30,3,6,3,3,5,10,1.0,0.0,0.0,0.05,0,W006,DEVELOPMENT_SYNTHETIC
21,1,2,20,3,1,2,3,10,1,3,2,0.6,2,20.0,0.1,25,3,3,3,2,4,15,0.0,1.0,0.0,0.05,0,W010,DEVELOPMENT_SYNTHETIC
21,2,1,20,1,1,2,3,15,1,5,3,0.625,4,12.0,0.4,30,3,6,3,3,5,15,0.0,0.0,0.0,0.05,0,W006,DEVELOPMENT_SYNTHETIC
25,2,6,45,2,3,2,1,20,3,3,1,0.75,8,15.0,0.4,30,3,6,3,3,5,10,1.0,0.0,0.0,0.05,0,W006,DEVELOPMENT_SYNTHETIC
26,3,4,20,2,1,5,3,15,1,4,1,0.8,4,15.0,0.4,10,1,1,1,1,1,5,0.0,1.0,1.0,0.645,1,W005,DEVELOPMENT_SYNTHETIC
25,1,5,15,3,3,2,4,20,3,2,2,0.5,9,25.0,0.0,30,3,6,3,3,5,10,1.0,1.0,0.0,0.2423,0,W006,DEVELOPMENT_SYNTHETIC
20,1,4,10,3,2,4,4,30,2,2,0,1.0,2,20.0,0.25,15,1,2,1,1,1,15,0.0,1.0,1.0,0.1465,0,W003,DEVELOPMENT_SYNTHETIC
25,3,2,30,1,1,5,5,45,1,5,3,0.625,7,15.0,0.25,30,3,6,3,3,5,15,0.0,0.0,1.0,0.05,0,W006,DEVELOPMENT_SYNTHETIC
22,2,6,30,2,3,1,2,20,3,0,3,0.0,6,20.0,0.4,25,3,3,3,2,4,5,0.0,1.0,0.0,0.0654,0,W010,DEVELOPMENT_SYNTHETIC
26,1,5,20,3,1,2,5,10,1,1,2,0.3333333333333333,12,12.0,0.0,10,1,1,1,1,1,0,0.0,1.0,1.0,0.9477,1,W005,DEVELOPMENT_SYNTHETIC
25,2,3,15,2,2,1,2,10,2,1,2,0.3333333333333333,4,12.0,0.1,25,2,4,3,1,4,15,1.0,1.0,1.0,0.0622,0,W004,DEVELOPMENT_SYNTHETIC
20,2,3,15,1,3,5,3,10,3,3,1,0.75,5,12.0,0.4,10,1,1,2,1,2,0,0.0,1.0,1.0,0.7379,1,W009,DEVELOPMENT_SYNTHETIC
24,2,4,30,3,1,4,2,15,1,3,1,0.75,5,15.0,0.4,30,3,6,3,3,5,15,0.0,1.0,1.0,0.2176,0,W006,DEVELOPMENT_SYNTHETIC
24,3,1,45,3,2,5,1,30,2,3,4,0.42857142857142855,0,15.0,0.1,25,2,4,3,1,4,5,0.0,1.0,1.0,0.5874,0,W004,DEVELOPMENT_SYNTHETIC
24,2,1,10,2,3,1,2,10,3,3,1,0.75,0,15.0,0.25,20,2,4,2,2,3,10,0.0,1.0,1.0,0.6222,1,W007,DEVELOPMENT_SYNTHETIC
24,2,5,15,2,3,2,3,15,3,3,3,0.5,0,20.0,0.4,15,1,2,1,1,1,0,0.0,1.0,1.0,0.9459,1,W003,DEVELOPMENT_SYNTHETIC
25,2,3,10,3,3,1,3,20,3,5,0,1.0,10,25.0,0.0,15,1,2,1,1,1,5,0.0,1.0,1.0,0.9059,1,W003,DEVELOPMENT_SYNTHETIC
25,1,1,30,3,3,1,4,20,3,5,3,0.625,6,12.0,0.25,20,2,4,2,2,3,0,0.0,1.0,0.0,0.7671,1,W007,DEVELOPMENT_SYNTHETIC
25,3,1,45,3,1,5,3,45,1,5,2,0.7142857142857143,8,20.0,0.0,15,1,2,1,1,1,30,0.0,1.0,1.0,0.2228,0,W003,DEVELOPMENT_SYNTHETIC
20,3,2,10,2,3,1,3,20,3,4,2,0.6666666666666666,3,25.0,0.4,15,1,3,2,1,2,5,0.0,1.0,1.0,0.6785,1,W001,DEVELOPMENT_SYNTHETIC
25,2,2,30,1,1,3,1,30,1,2,3,0.4,5,20.0,0.0,10,1,1,2,1,2,20,0.0,1.0,1.0,0.2224,0,W009,DEVELOPMENT_SYNTHETIC
18,1,1,30,2,2,4,3,30,2,5,0,1.0,9,12.0,0.25,15,1,3,2,1,2,15,0.0,1.0,1.0,0.2321,0,W001,DEVELOPMENT_SYNTHETIC
19,3,6,15,2,1,5,1,20,1,5,1,0.8333333333333334,10,25.0,0.4,10,1,1,1,1,1,10,0.0,1.0,1.0,0.6165,1,W005,DEVELOPMENT_SYNTHETIC
26,2,1,15,3,3,5,4,10,3,0,2,0.0,5,12.0,0.1,25,3,3,3,2,4,15,0.0,1.0,1.0,0.05,0,W010,DEVELOPMENT_SYNTHETIC
19,3,4,45,1,2,3,3,45,2,3,0,1.0,2,20.0,0.0,20,2,4,2,2,3,25,1.0,0.0,1.0,0.05,0,W007,DEVELOPMENT_SYNTHETIC
26,1,5,20,3,2,5,2,15,2,2,4,0.3333333333333333,7,15.0,0.4,10,1,1,1,1,1,5,0.0,1.0,1.0,0.6455,1,W005,DEVELOPMENT_SYNTHETIC
18,3,4,45,1,2,5,4,20,2,5,2,0.7142857142857143,4,12.0,0.4,25,2,4,3,1,4,5,1.0,1.0,1.0,0.872,1,W004,DEVELOPMENT_SYNTHETIC
22,2,5,20,3,1,4,5,30,1,0,1,0.0,3,12.0,0.25,25,2,4,3,1,4,5,0.0,1.0,1.0,0.6162,1,W004,DEVELOPMENT_SYNTHETIC
25,3,5,45,2,3,5,4,20,3,4,2,0.6666666666666666,8,25.0,0.4,10,1,1,2,1,2,10,0.0,1.0,1.0,0.64,1,W009,DEVELOPMENT_SYNTHETIC
25,2,5,20,2,2,2,4,20,2,3,1,0.75,8,15.0,0.4,10,1,1,1,1,1,10,0.0,1.0,1.0,0.748,1,W005,DEVELOPMENT_SYNTHETIC
25,1,2,10,3,3,5,3,10,3,1,4,0.2,5,20.0,0.25,30,3,6,3,3,5,20,0.0,1.0,0.0,0.05,0,W006,DEVELOPMENT_SYNTHETIC
20,3,2,15,2,1,5,3,45,1,3,0,1.0,12,20.0,0.4,25,2,4,3,1,4,20,0.0,1.0,1.0,0.2064,0,W004,DEVELOPMENT_SYNTHETIC
19,3,2,45,1,2,1,4,10,2,1,0,1.0,9,20.0,0.1,15,1,2,1,1,1,5,1.0,1.0,1.0,0.9659,1,W003,DEVELOPMENT_SYNTHETIC
21,2,4,20,3,2,4,5,30,2,2,2,0.5,10,12.0,0.25,10,1,1,2,1,2,20,0.0,1.0,1.0,0.242,0,W009,DEVELOPMENT_SYNTHETIC
25,3,6,30,2,1,4,3,45,1,1,1,0.5,6,20.0,0.0,10,1,1,2,1,2,35,0.0,1.0,1.0,0.1674,0,W009,DEVELOPMENT_SYNTHETIC
24,2,1,10,3,1,5,4,45,1,3,1,0.75,10,12.0,0.1,15,1,2,1,1,1,30,0.0,1.0,1.0,0.1777,0,W003,DEVELOPMENT_SYNTHETIC
24,3,6,45,3,1,1,3,20,1,1,1,0.5,9,25.0,0.0,30,3,6,3,3,5,10,1.0,1.0,1.0,0.3055,0,W006,DEVELOPMENT_SYNTHETIC
26,3,5,30,3,3,5,2,10,3,3,2,0.6,11,15.0,0.1,15,2,5,2,2,3,5,1.0,1.0,1.0,0.7774,1,W008,DEVELOPMENT_SYNTHETIC
19,1,4,20,2,1,1,2,20,1,3,3,0.5,3,25.0,0.1,15,1,2,1,1,1,5,0.0,1.0,1.0,0.7288,1,W003,DEVELOPMENT_SYNTHETIC
23,3,2,45,3,1,2,2,15,1,5,0,1.0,0,12.0,0.4,10,1,1,2,1,2,5,0.0,1.0,1.0,0.5708,0,W009,DEVELOPMENT_SYNTHETIC
26,2,2,20,1,2,1,5,20,2,4,0,1.0,7,25.0,0.0,10,1,1,1,1,1,10,0.0,1.0,1.0,0.788,1,W005,DEVELOPMENT_SYNTHETIC
26,3,2,30,1,2,4,4,15,2,0,1,0.0,4,12.0,0.1,30,3,6,3,3,5,15,0.0,0.0,1.0,0.05,0,W006,DEVELOPMENT_SYNTHETIC
25,3,2,15,2,1,2,3,10,1,2,0,1.0,7,25.0,0.1,10,1,1,1,1,1,0,0.0,1.0,1.0,0.9713,1,W005,DEVELOPMENT_SYNTHETIC
25,2,1,20,3,2,3,5,30,2,4,0,1.0,12,15.0,0.1,10,1,1,2,1,2,20,1.0,1.0,1.0,0.3017,0,W009,DEVELOPMENT_SYNTHETIC
23,1,1,45,1,2,3,3,20,2,4,2,0.6666666666666666,7,25.0,0.25,15,1,2,1,1,1,5,0.0,1.0,1.0,0.6476,1,W003,DEVELOPMENT_SYNTHETIC
22,3,4,45,1,1,4,3,20,1,0,1,0.0,9,20.0,0.1,25,3,3,3,2,4,5,1.0,0.0,1.0,0.3998,0,W010,DEVELOPMENT_SYNTHETIC
26,2,5,45,2,3,4,4,20,3,1,2,0.3333333333333333,10,15.0,0.25,10,1,1,2,1,2,10,0.0,1.0,1.0,0.4921,0,W009,DEVELOPMENT_SYNTHETIC
26,2,1,15,2,3,4,2,15,3,3,0,1.0,10,12.0,0.25,25,2,4,3,1,4,10,0.0,1.0,1.0,0.3752,0,W004,DEVELOPMENT_SYNTHETIC
19,1,1,20,1,1,2,3,15,1,3,4,0.42857142857142855,10,12.0,0.1,25,2,4,3,1,4,10,0.0,1.0,0.0,0.2939,0,W004,DEVELOPMENT_SYNTHETIC
23,3,1,10,1,2,5,1,30,2,4,4,0.5,11,12.0,0.0,15,2,5,2,2,3,15,0.0,0.0,1.0,0.05,0,W008,DEVELOPMENT_SYNTHETIC
20,3,6,20,1,1,2,2,20,1,5,3,0.625,2,12.0,0.25,10,1,1,2,1,2,10,0.0,1.0,1.0,0.5513,0,W009,DEVELOPMENT_SYNTHETIC
20,1,1,10,3,1,5,3,15,1,1,1,0.5,3,25.0,0.4,20,2,5,3,2,4,5,0.0,1.0,1.0,0.6604,1,W002,DEVELOPMENT_SYNTHETIC
21,1,6,10,2,3,4,1,15,3,0,3,0.0,3,12.0,0.1,25,3,3,3,2,4,10,0.0,1.0,0.0,0.1979,0,W010,DEVELOPMENT_SYNTHETIC
24,2,2,45,3,1,1,4,20,1,1,4,0.2,12,25.0,0.0,10,1,1,1,1,1,10,0.0,1.0,1.0,0.7376,1,W005,DEVELOPMENT_SYNTHETIC
23,3,2,15,2,2,5,4,30,2,5,2,0.7142857142857143,4,15.0,0.25,10,1,1,1,1,1,20,0.0,1.0,1.0,0.1659,0,W005,DEVELOPMENT_SYNTHETIC
19,3,4,30,3,2,2,4,10,2,2,4,0.3333333333333333,7,25.0,0.1,15,1,2,1,1,1,5,0.0,1.0,1.0,0.7999,1,W003,DEVELOPMENT_SYNTHETIC
25,2,5,10,3,2,3,5,20,2,1,0,1.0,12,15.0,0.1,10,1,1,1,1,1,10,0.0,1.0,1.0,0.5359,0,W005,DEVELOPMENT_SYNTHETIC
19,2,6,30,2,3,3,5,10,3,4,1,0.8,5,15.0,0.1,20,2,4,2,2,3,10,0.0,1.0,1.0,0.6399,1,W007,DEVELOPMENT_SYNTHETIC
23,1,3,15,3,3,5,4,20,3,4,3,0.5714285714285714,12,20.0,0.1,10,1,1,1,1,1,10,0.0,1.0,1.0,0.582,0,W005,DEVELOPMENT_SYNTHETIC
23,2,2,20,2,1,3,3,45,1,2,3,0.4,9,25.0,0.4,15,1,3,2,1,2,30,0.0,1.0,1.0,0.1714,0,W001,DEVELOPMENT_SYNTHETIC
25,1,2,15,2,2,3,1,20,2,1,2,0.3333333333333333,4,20.0,0.0,30,3,6,3,3,5,10,0.0,0.0,0.0,0.1786,0,W006,DEVELOPMENT_SYNTHETIC
21,2,2,45,2,3,2,5,20,3,3,2,0.6,1,12.0,0.1,15,1,2,1,1,1,5,1.0,1.0,1.0,0.98,1,W003,DEVELOPMENT_SYNTHETIC
25,3,1,45,2,3,1,4,20,3,5,3,0.625,3,20.0,0.4,15,1,3,2,1,2,5,0.0,1.0,1.0,0.6962,1,W001,DEVELOPMENT_SYNTHETIC
26,1,5,20,3,2,3,4,30,2,0,3,0.0,2,12.0,0.25,20,2,4,2,2,3,10,0.0,1.0,0.0,0.553,0,W007,DEVELOPMENT_SYNTHETIC
21,1,3,45,3,2,5,1,45,2,1,2,0.3333333333333333,9,20.0,0.25,15,1,3,2,1,2,30,1.0,1.0,1.0,0.3177,0,W001,DEVELOPMENT_SYNTHETIC
23,1,3,20,3,3,4,2,10,3,2,3,0.4,3,25.0,0.25,30,3,6,3,3,5,20,0.0,1.0,0.0,0.05,0,W006,DEVELOPMENT_SYNTHETIC
18,3,3,20,3,2,2,1,20,2,3,3,0.5,6,25.0,0.0,10,1,1,2,1,2,10,0.0,1.0,1.0,0.5697,0,W009,DEVELOPMENT_SYNTHETIC
24,3,5,45,2,1,1,5,15,1,6,4,0.6,7,20.0,0.25,20,2,5,3,2,4,5,1.0,1.0,1.0,0.5448,0,W002,DEVELOPMENT_SYNTHETIC
19,1,4,45,3,1,5,2,15,1,4,3,0.5714285714285714,9,15.0,0.0,20,2,4,2,2,3,5,1.0,1.0,1.0,0.8318,1,W007,DEVELOPMENT_SYNTHETIC
23,2,1,15,2,3,1,2,20,3,4,2,0.6666666666666666,7,25.0,0.0,20,2,4,2,2,3,0,0.0,1.0,1.0,0.8025,1,W007,DEVELOPMENT_SYNTHETIC
18,2,6,30,1,3,1,2,15,3,3,1,0.75,4,15.0,0.25,10,1,1,2,1,2,5,0.0,1.0,1.0,0.6232,1,W009,DEVELOPMENT_SYNTHETIC
23,3,2,45,3,1,5,2,20,1,6,1,0.8571428571428571,3,20.0,0.1,20,2,5,3,2,4,0,0.0,1.0,1.0,0.8159,1,W002,DEVELOPMENT_SYNTHETIC
26,3,5,15,3,1,3,1,30,1,6,2,0.75,3,15.0,0.1,10,1,1,1,1,1,20,0.0,1.0,1.0,0.2099,0,W005,DEVELOPMENT_SYNTHETIC
23,2,3,15,2,1,1,2,15,1,0,3,0.0,0,25.0,0.1,20,2,4,2,2,3,5,1.0,1.0,1.0,0.9038,1,W007,DEVELOPMENT_SYNTHETIC
21,2,5,15,2,2,4,5,15,2,0,1,0.0,8,12.0,0.1,25,2,4,3,1,4,10,0.0,1.0,1.0,0.5155,0,W004,DEVELOPMENT_SYNTHETIC
23,2,5,20,3,3,4,2,10,3,0,4,0.0,5,25.0,0.25,10,1,1,2,1,2,0,0.0,1.0,1.0,0.8368,1,W009,DEVELOPMENT_SYNTHETIC
24,2,5,30,1,1,4,1,30,1,2,2,0.5,1,25.0,0.25,25,2,4,3,1,4,5,0.0,1.0,1.0,0.6599,1,W004,DEVELOPMENT_SYNTHETIC
25,1,4,30,3,3,1,3,20,3,5,2,0.7142857142857143,0,15.0,0.1,15,1,2,1,1,1,5,0.0,1.0,1.0,0.8174,1,W003,DEVELOPMENT_SYNTHETIC
20,1,6,15,1,3,4,1,10,3,4,1,0.8,11,20.0,0.25,25,3,3,3,2,4,15,0.0,0.0,0.0,0.05,0,W010,DEVELOPMENT_SYNTHETIC
26,1,2,15,2,1,2,2,15,1,0,1,0.0,0,25.0,0.1,10,1,1,1,1,1,5,0.0,1.0,1.0,0.834,1,W005,DEVELOPMENT_SYNTHETIC
23,3,2,45,2,2,1,1,15,2,0,3,0.0,0,15.0,0.4,15,1,3,2,1,2,0,0.0,1.0,1.0,0.7712,1,W001,DEVELOPMENT_SYNTHETIC
20,2,6,45,3,3,2,1,10,3,2,1,0.6666666666666666,1,25.0,0.0,20,2,5,3,2,4,10,1.0,1.0,1.0,0.4261,0,W002,DEVELOPMENT_SYNTHETIC
20,2,2,30,2,3,5,1,15,3,3,3,0.5,4,15.0,0.25,10,1,1,2,1,2,5,0.0,1.0,1.0,0.6213,1,W009,DEVELOPMENT_SYNTHETIC
25,3,1,10,3,3,4,5,10,3,1,1,0.5,8,15.0,0.1,25,2,4,3,1,4,15,0.0,1.0,1.0,0.05,0,W004,DEVELOPMENT_SYNTHETIC
22,1,4,30,3,1,5,1,20,1,1,2,0.3333333333333333,2,20.0,0.25,15,2,5,2,2,3,5,0.0,1.0,1.0,0.7571,1,W008,DEVELOPMENT_SYNTHETIC
22,3,4,45,3,3,2,3,15,3,2,1,0.6666666666666666,9,12.0,0.4,15,1,3,2,1,2,0,1.0,1.0,1.0,0.98,1,W001,DEVELOPMENT_SYNTHETIC
21,1,3,10,1,1,2,4,15,1,0,4,0.0,7,25.0,0.25,25,2,4,3,1,4,10,1.0,1.0,0.0,0.4218,0,W004,DEVELOPMENT_SYNTHETIC
25,3,4,15,2,2,5,3,45,2,0,2,0.0,10,20.0,0.25,15,1,2,1,1,1,30,0.0,1.0,1.0,0.2019,0,W003,DEVELOPMENT_SYNTHETIC
19,2,1,30,2,3,3,5,15,3,0,2,0.0,6,12.0,0.1,20,2,5,3,2,4,5,0.0,1.0,1.0,0.656,1,W002,DEVELOPMENT_SYNTHETIC
22,2,3,45,1,1,2,3,15,1,3,3,0.5,8,12.0,0.1,20,2,4,2,2,3,5,1.0,0.0,1.0,0.4307,0,W007,DEVELOPMENT_SYNTHETIC
18,1,6,15,1,3,2,3,20,3,4,1,0.8,9,12.0,0.25,10,1,1,2,1,2,10,0.0,1.0,1.0,0.4989,0,W009,DEVELOPMENT_SYNTHETIC
20,3,3,20,3,1,1,2,20,1,5,4,0.5555555555555556,3,15.0,0.4,25,2,4,3,1,4,5,1.0,1.0,1.0,0.4871,0,W004,DEVELOPMENT_SYNTHETIC
26,1,1,30,2,2,4,4,45,2,2,1,0.6666666666666666,11,20.0,0.0,20,2,5,3,2,4,25,0.0,1.0,1.0,0.1166,0,W002,DEVELOPMENT_SYNTHETIC
21,3,1,20,3,3,5,5,10,3,0,3,0.0,2,15.0,0.4,15,1,2,1,1,1,5,0.0,1.0,1.0,0.67,1,W003,DEVELOPMENT_SYNTHETIC
24,2,3,30,1,3,5,2,10,3,6,2,0.75,1,15.0,0.25,15,1,2,1,1,1,5,0.0,1.0,1.0,0.6824,1,W003,DEVELOPMENT_SYNTHETIC
20,1,2,45,3,3,2,4,10,3,5,2,0.7142857142857143,12,20.0,0.0,20,2,5,3,2,4,10,0.0,1.0,0.0,0.2258,0,W002,DEVELOPMENT_SYNTHETIC
25,2,6,45,3,1,2,4,15,1,6,0,1.0,8,25.0,0.1,20,2,5,3,2,4,5,1.0,1.0,1.0,0.5787,0,W002,DEVELOPMENT_SYNTHETIC
22,2,4,30,2,1,1,4,15,1,4,1,0.8,11,25.0,0.25,25,2,4,3,1,4,10,1.0,1.0,1.0,0.3387,0,W004,DEVELOPMENT_SYNTHETIC
23,1,6,45,1,3,2,4,20,3,3,3,0.5,0,12.0,0.25,10,1,1,1,1,1,10,0.0,1.0,1.0,0.6768,1,W005,DEVELOPMENT_SYNTHETIC
22,3,1,30,3,2,3,1,15,2,0,3,0.0,3,25.0,0.1,25,3,3,3,2,4,10,0.0,1.0,1.0,0.5612,0,W010,DEVELOPMENT_SYNTHETIC
26,3,2,30,2,1,5,5,45,1,4,4,0.5,10,25.0,0.0,25,3,3,3,2,4,20,0.0,1.0,1.0,0.2524,0,W010,DEVELOPMENT_SYNTHETIC
19,3,5,45,3,1,1,2,15,1,4,4,0.5,6,25.0,0.0,30,3,6,3,3,5,15,1.0,1.0,1.0,0.1342,0,W006,DEVELOPMENT_SYNTHETIC
18,2,4,45,2,3,4,4,20,3,0,1,0.0,9,15.0,0.0,30,3,6,3,3,5,10,0.0,0.0,1.0,0.05,0,W006,DEVELOPMENT_SYNTHETIC
22,2,5,30,2,1,3,3,30,1,1,2,0.3333333333333333,7,12.0,0.25,15,2,5,2,2,3,15,1.0,1.0,1.0,0.4039,0,W008,DEVELOPMENT_SYNTHETIC
26,3,4,15,2,1,5,3,45,1,6,2,0.75,12,15.0,0.4,20,2,5,3,2,4,25,0.0,1.0,1.0,0.1981,0,W002,DEVELOPMENT_SYNTHETIC
23,2,1,15,3,3,3,1,20,3,0,3,0.0,5,25.0,0.1,20,2,4,2,2,3,0,0.0,1.0,1.0,0.7414,1,W007,DEVELOPMENT_SYNTHETIC
23,2,3,20,3,2,4,3,20,2,1,2,0.3333333333333333,0,12.0,0.1,25,3,3,3,2,4,5,1.0,1.0,1.0,0.8442,1,W010,DEVELOPMENT_SYNTHETIC
22,3,1,45,3,3,5,5,10,3,3,4,0.42857142857142855,11,12.0,0.1,20,2,5,3,2,4,10,0.0,1.0,1.0,0.5826,0,W002,DEVELOPMENT_SYNTHETIC
22,3,5,30,3,3,2,3,20,3,2,3,0.4,2,25.0,0.0,10,1,1,1,1,1,10,0.0,1.0,1.0,0.6712,1,W005,DEVELOPMENT_SYNTHETIC
25,3,6,15,1,2,1,2,20,2,1,2,0.3333333333333333,0,25.0,0.1,25,2,4,3,1,4,5,0.0,1.0,1.0,0.4238,0,W004,DEVELOPMENT_SYNTHETIC
20,1,3,15,2,3,1,3,10,3,0,4,0.0,7,25.0,0.4,10,1,1,2,1,2,0,0.0,1.0,1.0,0.819,1,W009,DEVELOPMENT_SYNTHETIC
26,3,6,15,1,2,5,4,45,2,5,2,0.7142857142857143,11,20.0,0.25,20,2,4,2,2,3,25,0.0,0.0,1.0,0.05,0,W007,DEVELOPMENT_SYNTHETIC
23,2,1,45,1,2,1,2,15,2,6,1,0.8571428571428571,12,15.0,0.0,10,1,1,2,1,2,5,1.0,1.0,1.0,0.8198,1,W009,DEVELOPMENT_SYNTHETIC
21,2,4,10,3,2,3,5,20,2,3,2,0.6,9,12.0,0.4,25,3,3,3,2,4,5,1.0,1.0,0.0,0.8247,1,W010,DEVELOPMENT_SYNTHETIC
20,2,2,10,3,2,1,5,15,2,4,0,1.0,5,25.0,0.1,20,2,5,3,2,4,5,0.0,1.0,1.0,0.363,0,W002,DEVELOPMENT_SYNTHETIC
22,2,4,20,1,3,1,5,15,3,3,1,0.75,6,15.0,0.4,10,1,1,1,1,1,5,0.0,1.0,1.0,0.8225,1,W005,DEVELOPMENT_SYNTHETIC
21,3,6,20,3,2,5,5,45,2,1,4,0.2,10,20.0,0.0,25,3,3,3,2,4,20,0.0,1.0,1.0,0.1664,0,W010,DEVELOPMENT_SYNTHETIC
19,3,5,10,2,3,5,1,20,3,3,1,0.75,11,15.0,0.1,25,3,3,3,2,4,5,0.0,1.0,1.0,0.3987,0,W010,DEVELOPMENT_SYNTHETIC
19,1,3,30,1,3,3,1,10,3,3,4,0.42857142857142855,11,25.0,0.4,20,2,4,2,2,3,10,1.0,0.0,0.0,0.3586,0,W007,DEVELOPMENT_SYNTHETIC
19,2,4,15,1,2,3,3,20,2,5,3,0.625,4,25.0,0.0,15,1,2,1,1,1,5,0.0,1.0,1.0,0.6772,1,W003,DEVELOPMENT_SYNTHETIC
19,2,1,20,1,1,3,4,15,1,4,2,0.6666666666666666,0,12.0,0.0,30,3,6,3,3,5,15,0.0,0.0,0.0,0.05,0,W006,DEVELOPMENT_SYNTHETIC
18,1,5,10,1,3,3,4,15,3,0,4,0.0,9,20.0,0.0,15,1,2,1,1,1,0,0.0,1.0,1.0,0.7886,1,W003,DEVELOPMENT_SYNTHETIC
26,3,3,15,3,2,2,3,10,2,6,1,0.8571428571428571,9,20.0,0.1,15,2,5,2,2,3,5,0.0,1.0,1.0,0.5076,0,W008,DEVELOPMENT_SYNTHETIC
18,1,4,30,3,1,5,1,15,1,6,2,0.75,4,12.0,0.25,15,1,2,1,1,1,0,0.0,1.0,1.0,0.8074,1,W003,DEVELOPMENT_SYNTHETIC
21,3,6,30,1,1,5,2,30,1,3,4,0.42857142857142855,6,25.0,0.0,10,1,1,2,1,2,20,0.0,1.0,1.0,0.113,0,W009,DEVELOPMENT_SYNTHETIC
21,2,5,15,1,2,4,2,45,2,0,2,0.0,0,25.0,0.0,10,1,1,2,1,2,35,0.0,1.0,1.0,0.1819,0,W009,DEVELOPMENT_SYNTHETIC
26,3,5,45,3,2,5,4,20,2,2,2,0.5,2,25.0,0.1,10,1,1,1,1,1,10,0.0,1.0,1.0,0.494,0,W005,DEVELOPMENT_SYNTHETIC
19,2,4,30,2,2,4,1,45,2,0,2,0.0,8,25.0,0.4,10,1,1,1,1,1,35,0.0,1.0,1.0,0.1353,0,W005,DEVELOPMENT_SYNTHETIC
26,2,2,10,3,3,1,2,10,3,2,4,0.3333333333333333,11,15.0,0.25,15,1,3,2,1,2,5,0.0,1.0,1.0,0.708,1,W001,DEVELOPMENT_SYNTHETIC
21,1,6,30,1,2,3,5,15,2,6,3,0.6666666666666666,11,15.0,0.25,15,1,3,2,1,2,0,0.0,1.0,1.0,0.7266,1,W001,DEVELOPMENT_SYNTHETIC
23,1,3,15,2,1,1,2,15,1,1,4,0.2,10,12.0,0.0,20,2,4,2,2,3,5,1.0,1.0,0.0,0.8173,1,W007,DEVELOPMENT_SYNTHETIC
21,3,3,10,1,2,3,2,45,2,6,1,0.8571428571428571,5,25.0,0.0,15,1,2,1,1,1,30,0.0,1.0,1.0,0.1977,0,W003,DEVELOPMENT_SYNTHETIC
24,3,3,20,1,3,5,3,10,3,5,2,0.7142857142857143,6,12.0,0.4,20,2,4,2,2,3,10,1.0,0.0,1.0,0.3239,0,W007,DEVELOPMENT_SYNTHETIC
18,2,2,20,1,2,4,1,45,2,1,1,0.5,1,12.0,0.0,15,1,2,1,1,1,30,1.0,1.0,1.0,0.3538,0,W003,DEVELOPMENT_SYNTHETIC
20,1,2,20,1,3,3,4,15,3,4,2,0.6666666666666666,4,20.0,0.0,20,2,5,3,2,4,5,0.0,0.0,0.0,0.1859,0,W002,DEVELOPMENT_SYNTHETIC
21,1,2,30,1,3,2,5,10,3,3,3,0.5,1,12.0,0.1,15,1,3,2,1,2,5,0.0,1.0,1.0,0.6998,1,W001,DEVELOPMENT_SYNTHETIC
21,1,2,10,1,3,4,5,15,3,3,1,0.75,7,12.0,0.1,25,2,4,3,1,4,10,0.0,1.0,1.0,0.2753,0,W004,DEVELOPMENT_SYNTHETIC
20,2,4,10,1,3,3,3,10,3,2,3,0.4,3,12.0,0.4,20,2,4,2,2,3,10,1.0,0.0,1.0,0.2222,0,W007,DEVELOPMENT_SYNTHETIC
20,2,3,15,3,1,2,3,20,1,5,3,0.625,0,25.0,0.0,25,2,4,3,1,4,5,1.0,1.0,1.0,0.4786,0,W004,DEVELOPMENT_SYNTHETIC
20,3,6,15,2,3,5,3,10,3,0,0,0.5,6,12.0,0.1,30,3,6,3,3,5,20,1.0,0.0,1.0,0.05,0,W006,DEVELOPMENT_SYNTHETIC
18,1,1,15,1,1,4,1,15,1,6,3,0.6666666666666666,12,12.0,0.1,15,1,3,2,1,2,0,0.0,1.0,1.0,0.7925,1,W001,DEVELOPMENT_SYNTHETIC
24,3,6,30,1,1,3,5,45,1,3,1,0.75,10,25.0,0.25,30,3,6,3,3,5,15,1.0,0.0,1.0,0.05,0,W006,DEVELOPMENT_SYNTHETIC
26,2,4,30,2,1,3,2,20,1,2,1,0.6666666666666666,6,20.0,0.1,30,3,6,3,3,5,10,0.0,0.0,0.0,0.1325,0,W006,DEVELOPMENT_SYNTHETIC
18,1,4,15,2,2,4,4,20,2,3,1,0.75,10,20.0,0.1,20,2,4,2,2,3,0,1.0,1.0,1.0,0.8839,1,W007,DEVELOPMENT_SYNTHETIC
25,2,2,30,2,3,4,4,15,3,2,2,0.5,10,25.0,0.1,10,1,1,2,1,2,5,0.0,1.0,1.0,0.7538,1,W009,DEVELOPMENT_SYNTHETIC
21,1,3,15,1,3,5,3,15,3,4,3,0.5714285714285714,5,20.0,0.1,20,2,4,2,2,3,5,1.0,0.0,1.0,0.4191,0,W007,DEVELOPMENT_SYNTHETIC
22,2,3,30,1,3,5,4,10,3,1,1,0.5,5,15.0,0.4,10,1,1,2,1,2,0,0.0,1.0,1.0,0.7715,1,W009,DEVELOPMENT_SYNTHETIC
24,1,2,15,2,1,5,2,30,1,5,4,0.5555555555555556,12,15.0,0.4,25,3,3,3,2,4,5,0.0,1.0,0.0,0.7015,1,W010,DEVELOPMENT_SYNTHETIC
21,1,3,30,2,2,2,4,15,2,4,4,0.5,8,12.0,0.0,20,2,5,3,2,4,5,0.0,1.0,0.0,0.3619,0,W002,DEVELOPMENT_SYNTHETIC
19,1,5,20,1,1,3,3,20,1,5,1,0.8333333333333334,3,20.0,0.0,30,3,6,3,3,5,10,1.0,0.0,0.0,0.287,0,W006,DEVELOPMENT_SYNTHETIC
23,2,6,30,3,2,2,3,15,2,0,4,0.0,2,15.0,0.1,20,2,4,2,2,3,5,0.0,1.0,1.0,0.6402,1,W007,DEVELOPMENT_SYNTHETIC
26,3,5,15,3,2,5,4,30,2,5,1,0.8333333333333334,1,15.0,0.4,20,2,5,3,2,4,10,1.0,1.0,1.0,0.6964,1,W002,DEVELOPMENT_SYNTHETIC
25,1,5,30,2,2,2,1,20,2,5,2,0.7142857142857143,7,15.0,0.4,15,1,3,2,1,2,5,0.0,1.0,1.0,0.6481,1,W001,DEVELOPMENT_SYNTHETIC
19,3,2,20,3,2,3,1,20,2,1,4,0.2,4,25.0,0.1,20,2,5,3,2,4,0,0.0,1.0,1.0,0.7864,1,W002,DEVELOPMENT_SYNTHETIC
19,1,4,20,3,2,3,5,45,2,0,4,0.0,9,25.0,0.1,30,3,6,3,3,5,15,0.0,1.0,0.0,0.2026,0,W006,DEVELOPMENT_SYNTHETIC
18,1,1,45,3,2,4,3,20,2,0,1,0.0,11,20.0,0.25,15,2,5,2,2,3,5,0.0,1.0,1.0,0.6866,1,W008,DEVELOPMENT_SYNTHETIC
19,2,2,30,1,2,3,5,15,2,1,4,0.2,0,12.0,0.25,20,2,4,2,2,3,5,0.0,0.0,1.0,0.246,0,W007,DEVELOPMENT_SYNTHETIC
22,2,3,10,2,2,4,3,30,2,6,4,0.6,12,25.0,0.4,30,3,6,3,3,5,0,0.0,0.0,1.0,0.3539,0,W006,DEVELOPMENT_SYNTHETIC
21,2,3,45,3,2,4,3,30,2,0,3,0.0,10,12.0,0.25,10,1,1,2,1,2,20,0.0,1.0,1.0,0.1001,0,W009,DEVELOPMENT_SYNTHETIC
19,1,5,15,1,1,2,3,10,1,1,4,0.2,12,15.0,0.0,20,2,5,3,2,4,10,1.0,0.0,0.0,0.05,0,W002,DEVELOPMENT_SYNTHETIC
19,3,5,20,1,3,2,5,20,3,6,3,0.6666666666666666,10,20.0,0.0,25,3,3,3,2,4,5,0.0,0.0,1.0,0.05,0,W010,DEVELOPMENT_SYNTHETIC
19,1,5,15,3,1,2,1,20,1,0,0,0.5,6,15.0,0.1,15,1,3,2,1,2,5,0.0,1.0,1.0,0.6999,1,W001,DEVELOPMENT_SYNTHETIC
21,1,4,45,2,2,4,2,45,2,4,1,0.8,7,20.0,0.0,15,2,5,2,2,3,30,0.0,1.0,1.0,0.0552,0,W008,DEVELOPMENT_SYNTHETIC
21,3,3,15,1,1,3,2,20,1,5,0,1.0,11,12.0,0.1,15,1,2,1,1,1,5,0.0,1.0,1.0,0.7544,1,W003,DEVELOPMENT_SYNTHETIC
22,1,1,45,1,2,5,4,30,2,1,3,0.25,4,20.0,0.1,10,1,1,2,1,2,20,1.0,1.0,1.0,0.343,0,W009,DEVELOPMENT_SYNTHETIC
20,3,5,20,3,2,1,1,10,2,3,2,0.6,11,12.0,0.4,20,2,5,3,2,4,10,1.0,1.0,1.0,0.4554,0,W002,DEVELOPMENT_SYNTHETIC
23,3,4,10,2,1,5,3,15,1,4,2,0.6666666666666666,11,20.0,0.4,30,3,6,3,3,5,15,0.0,0.0,1.0,0.05,0,W006,DEVELOPMENT_SYNTHETIC
25,2,4,20,2,2,3,5,20,2,1,4,0.2,2,12.0,0.25,20,2,4,2,2,3,0,1.0,1.0,1.0,0.9306,1,W007,DEVELOPMENT_SYNTHETIC
25,2,2,30,2,2,4,2,20,2,5,3,0.625,6,12.0,0.1,30,3,6,3,3,5,10,0.0,0.0,1.0,0.0973,0,W006,DEVELOPMENT_SYNTHETIC
18,3,2,20,1,2,4,2,20,2,4,1,0.8,3,12.0,0.0,20,2,4,2,2,3,0,0.0,0.0,1.0,0.3188,0,W007,DEVELOPMENT_SYNTHETIC
18,1,2,15,2,2,4,4,20,2,2,4,0.3333333333333333,4,15.0,0.1,15,2,5,2,2,3,5,0.0,1.0,1.0,0.7457,1,W008,DEVELOPMENT_SYNTHETIC
20,3,6,30,2,2,4,1,30,2,0,0,0.5,5,25.0,0.25,15,1,2,1,1,1,15,0.0,1.0,1.0,0.1905,0,W003,DEVELOPMENT_SYNTHETIC
25,3,3,30,2,1,1,3,20,1,1,2,0.3333333333333333,10,20.0,0.4,25,3,3,3,2,4,5,1.0,1.0,1.0,0.5109,0,W010,DEVELOPMENT_SYNTHETIC
23,3,5,20,1,3,3,2,15,3,4,3,0.5714285714285714,1,12.0,0.4,30,3,6,3,3,5,15,1.0,0.0,1.0,0.05,0,W006,DEVELOPMENT_SYNTHETIC
23,1,2,15,1,2,4,3,30,2,4,2,0.6666666666666666,11,15.0,0.1,30,3,6,3,3,5,0,0.0,0.0,0.0,0.3748,0,W006,DEVELOPMENT_SYNTHETIC
21,3,4,45,1,3,2,4,20,3,3,0,1.0,5,12.0,0.4,15,1,2,1,1,1,5,0.0,1.0,1.0,0.8575,1,W003,DEVELOPMENT_SYNTHETIC
25,2,6,30,1,3,5,3,10,3,3,3,0.5,12,15.0,0.25,15,1,2,1,1,1,5,0.0,1.0,1.0,0.6682,1,W003,DEVELOPMENT_SYNTHETIC
18,1,1,15,2,1,3,3,45,1,4,1,0.8,12,20.0,0.25,15,2,5,2,2,3,30,0.0,1.0,0.0,0.3202,0,W008,DEVELOPMENT_SYNTHETIC
19,3,1,15,3,1,3,1,20,1,4,4,0.5,4,15.0,0.4,20,2,4,2,2,3,0,0.0,1.0,1.0,0.7471,1,W007,DEVELOPMENT_SYNTHETIC
20,1,4,15,2,2,3,1,15,2,5,3,0.625,1,20.0,0.4,15,1,2,1,1,1,0,0.0,1.0,1.0,0.7601,1,W003,DEVELOPMENT_SYNTHETIC
25,3,2,15,2,3,3,1,15,3,3,2,0.6,3,25.0,0.25,15,1,2,1,1,1,0,1.0,1.0,1.0,0.9525,1,W003,DEVELOPMENT_SYNTHETIC
18,1,6,10,2,1,3,5,45,1,2,1,0.6666666666666666,5,25.0,0.0,20,2,4,2,2,3,25,0.0,1.0,0.0,0.2553,0,W007,DEVELOPMENT_SYNTHETIC
18,2,4,20,2,1,3,3,15,1,4,0,1.0,11,15.0,0.4,20,2,5,3,2,4,5,0.0,1.0,1.0,0.7094,1,W002,DEVELOPMENT_SYNTHETIC
20,1,5,45,1,1,2,1,15,1,2,2,0.5,1,25.0,0.25,20,2,5,3,2,4,5,1.0,0.0,0.0,0.1319,0,W002,DEVELOPMENT_SYNTHETIC
24,2,2,45,3,1,4,2,15,1,6,1,0.8571428571428571,7,15.0,0.0,10,1,1,1,1,1,5,0.0,1.0,1.0,0.5928,0,W005,DEVELOPMENT_SYNTHETIC
18,1,3,45,1,3,1,2,15,3,0,0,0.5,3,15.0,0.1,15,1,2,1,1,1,0,0.0,1.0,1.0,0.98,1,W003,DEVELOPMENT_SYNTHETIC
18,2,6,30,2,2,5,3,45,2,0,3,0.0,8,12.0,0.0,25,2,4,3,1,4,20,0.0,1.0,1.0,0.1427,0,W004,DEVELOPMENT_SYNTHETIC
25,1,6,45,1,1,1,3,20,1,0,4,0.0,5,15.0,0.4,25,2,4,3,1,4,5,0.0,1.0,0.0,0.3651,0,W004,DEVELOPMENT_SYNTHETIC
22,3,3,45,1,3,3,5,15,3,4,3,0.5714285714285714,2,15.0,0.25,30,3,6,3,3,5,15,0.0,0.0,1.0,0.05,0,W006,DEVELOPMENT_SYNTHETIC
22,2,3,10,2,2,4,1,45,2,4,4,0.5,12,25.0,0.1,15,1,2,1,1,1,30,0.0,1.0,1.0,0.1968,0,W003,DEVELOPMENT_SYNTHETIC
21,1,5,15,2,1,5,3,20,1,4,2,0.6666666666666666,5,25.0,0.0,25,2,4,3,1,4,5,0.0,1.0,1.0,0.6664,1,W004,DEVELOPMENT_SYNTHETIC
22,2,6,10,1,3,1,2,10,3,6,2,0.75,3,25.0,0.4,30,3,6,3,3,5,20,1.0,0.0,0.0,0.05,0,W006,DEVELOPMENT_SYNTHETIC
25,2,2,30,3,1,5,5,30,1,6,1,0.8571428571428571,1,12.0,0.0,15,1,3,2,1,2,15,0.0,1.0,1.0,0.2211,0,W001,DEVELOPMENT_SYNTHETIC
22,1,6,10,1,2,4,4,20,2,0,0,0.5,5,15.0,0.1,20,2,4,2,2,3,0,0.0,0.0,1.0,0.4307,0,W007,DEVELOPMENT_SYNTHETIC
18,2,4,30,1,2,3,1,15,2,2,1,0.6666666666666666,4,25.0,0.1,20,2,5,3,2,4,5,0.0,0.0,1.0,0.2727,0,W002,DEVELOPMENT_SYNTHETIC
20,3,4,30,3,1,1,1,10,1,5,1,0.8333333333333334,7,20.0,0.25,15,1,3,2,1,2,5,1.0,1.0,1.0,0.7878,1,W001,DEVELOPMENT_SYNTHETIC
21,3,4,15,2,1,1,4,20,1,3,0,1.0,0,25.0,0.4,15,2,5,2,2,3,5,0.0,1.0,1.0,0.6982,1,W008,DEVELOPMENT_SYNTHETIC
19,1,2,10,1,3,3,3,20,3,3,1,0.75,12,20.0,0.0,10,1,1,1,1,1,10,0.0,1.0,1.0,0.6095,1,W005,DEVELOPMENT_SYNTHETIC
18,1,3,10,3,2,5,4,45,2,6,1,0.8571428571428571,11,12.0,0.25,30,3,6,3,3,5,15,0.0,1.0,0.0,0.1386,0,W006,DEVELOPMENT_SYNTHETIC
26,3,5,30,2,2,2,3,20,2,2,4,0.3333333333333333,8,15.0,0.25,30,3,6,3,3,5,10,1.0,0.0,1.0,0.05,0,W006,DEVELOPMENT_SYNTHETIC
25,1,2,20,3,2,3,3,20,2,6,3,0.6666666666666666,10,25.0,0.25,20,2,4,2,2,3,0,0.0,1.0,0.0,0.7851,1,W007,DEVELOPMENT_SYNTHETIC
23,3,5,20,2,1,4,4,20,1,0,2,0.0,8,15.0,0.25,10,1,1,2,1,2,10,0.0,1.0,1.0,0.5351,0,W009,DEVELOPMENT_SYNTHETIC
21,3,4,15,1,3,4,1,15,3,0,4,0.0,8,12.0,0.0,25,3,3,3,2,4,10,1.0,0.0,1.0,0.1188,0,W010,DEVELOPMENT_SYNTHETIC
21,2,5,15,3,3,3,4,10,3,2,2,0.5,8,25.0,0.4,25,2,4,3,1,4,15,0.0,1.0,1.0,0.05,0,W004,DEVELOPMENT_SYNTHETIC
21,2,6,10,3,2,4,2,20,2,5,0,1.0,12,12.0,0.4,15,1,2,1,1,1,5,0.0,1.0,1.0,0.6563,1,W003,DEVELOPMENT_SYNTHETIC
22,3,5,30,2,1,2,5,20,1,0,1,0.0,0,12.0,0.0,10,1,1,1,1,1,10,0.0,1.0,1.0,0.7413,1,W005,DEVELOPMENT_SYNTHETIC
19,1,5,10,1,3,3,4,10,3,3,2,0.6,10,25.0,0.0,25,3,3,3,2,4,15,0.0,0.0,0.0,0.05,0,W010,DEVELOPMENT_SYNTHETIC
22,2,1,15,2,2,4,5,45,2,5,4,0.5555555555555556,9,12.0,0.4,15,1,3,2,1,2,30,0.0,1.0,1.0,0.1452,0,W001,DEVELOPMENT_SYNTHETIC
25,2,2,20,2,1,4,5,15,1,3,4,0.42857142857142855,9,20.0,0.4,15,1,3,2,1,2,0,0.0,1.0,1.0,0.678,1,W001,DEVELOPMENT_SYNTHETIC
22,1,2,30,2,1,5,1,15,1,1,0,1.0,7,25.0,0.25,25,2,4,3,1,4,10,0.0,1.0,1.0,0.6297,1,W004,DEVELOPMENT_SYNTHETIC
26,2,6,20,1,2,4,2,45,2,0,0,0.5,10,15.0,0.0,10,1,1,2,1,2,35,0.0,1.0,1.0,0.1577,0,W009,DEVELOPMENT_SYNTHETIC
22,1,2,30,3,1,5,4,15,1,2,4,0.3333333333333333,1,25.0,0.1,15,2,5,2,2,3,0,0.0,1.0,1.0,0.7004,1,W008,DEVELOPMENT_SYNTHETIC
23,1,1,45,1,2,4,1,20,2,6,0,1.0,3,25.0,0.4,25,2,4,3,1,4,5,0.0,1.0,1.0,0.5423,0,W004,DEVELOPMENT_SYNTHETIC
24,2,5,15,3,3,1,3,10,3,1,2,0.3333333333333333,10,25.0,0.1,15,2,5,2,2,3,5,1.0,1.0,1.0,0.7681,1,W008,DEVELOPMENT_SYNTHETIC
20,1,4,15,1,1,5,5,15,1,3,3,0.5,5,25.0,0.0,10,1,1,2,1,2,5,0.0,1.0,1.0,0.5838,0,W009,DEVELOPMENT_SYNTHETIC
24,2,4,10,3,3,4,1,15,3,3,4,0.42857142857142855,11,25.0,0.0,20,2,5,3,2,4,5,0.0,1.0,1.0,0.7321,1,W002,DEVELOPMENT_SYNTHETIC
24,2,5,30,3,2,5,2,20,2,0,0,0.5,2,12.0,0.1,25,2,4,3,1,4,5,0.0,1.0,1.0,0.7005,1,W004,DEVELOPMENT_SYNTHETIC
22,3,2,45,3,2,4,1,20,2,4,3,0.5714285714285714,1,12.0,0.1,25,2,4,3,1,4,5,0.0,1.0,1.0,0.6156,1,W004,DEVELOPMENT_SYNTHETIC
18,2,3,30,1,3,3,1,20,3,6,0,1.0,1,20.0,0.0,10,1,1,1,1,1,10,0.0,1.0,1.0,0.6626,1,W005,DEVELOPMENT_SYNTHETIC
21,2,3,15,1,2,4,4,45,2,1,0,1.0,2,25.0,0.0,15,1,2,1,1,1,30,0.0,1.0,1.0,0.2491,0,W003,DEVELOPMENT_SYNTHETIC
25,1,4,10,3,1,5,1,20,1,1,3,0.25,10,20.0,0.1,10,1,1,1,1,1,10,0.0,1.0,1.0,0.5338,0,W005,DEVELOPMENT_SYNTHETIC
24,1,2,20,2,1,1,2,20,1,5,2,0.7142857142857143,6,25.0,0.1,15,1,2,1,1,1,5,1.0,1.0,1.0,0.875,1,W003,DEVELOPMENT_SYNTHETIC
21,3,2,15,3,2,5,5,30,2,3,0,1.0,6,12.0,0.4,20,2,5,3,2,4,10,0.0,1.0,1.0,0.6645,1,W002,DEVELOPMENT_SYNTHETIC
23,1,6,10,3,1,3,4,30,1,3,2,0.6,4,20.0,0.25,15,2,5,2,2,3,15,1.0,1.0,0.0,0.2805,0,W008,DEVELOPMENT_SYNTHETIC
26,2,6,45,2,3,5,5,20,3,6,4,0.6,2,25.0,0.25,20,2,5,3,2,4,0,1.0,1.0,1.0,0.8177,1,W002,DEVELOPMENT_SYNTHETIC
19,2,4,45,2,3,3,3,15,3,6,2,0.75,9,15.0,0.25,30,3,6,3,3,5,15,0.0,0.0,0.0,0.05,0,W006,DEVELOPMENT_SYNTHETIC
21,3,3,20,1,2,3,5,45,2,2,2,0.5,9,25.0,0.1,25,3,3,3,2,4,20,1.0,0.0,1.0,0.072,0,W010,DEVELOPMENT_SYNTHETIC
26,3,3,20,2,1,5,3,20,1,6,3,0.6666666666666666,9,15.0,0.0,10,1,1,1,1,1,10,0.0,1.0,1.0,0.6192,1,W005,DEVELOPMENT_SYNTHETIC
20,1,4,20,1,3,4,3,10,3,3,3,0.5,11,20.0,0.4,10,1,1,2,1,2,0,0.0,1.0,1.0,0.7782,1,W009,DEVELOPMENT_SYNTHETIC
22,1,1,10,2,3,1,4,20,3,3,0,1.0,1,15.0,0.25,15,2,5,2,2,3,5,0.0,1.0,0.0,0.6797,1,W008,DEVELOPMENT_SYNTHETIC
24,3,2,45,3,2,2,3,10,2,3,3,0.5,9,12.0,0.4,20,2,4,2,2,3,10,0.0,1.0,1.0,0.5927,0,W007,DEVELOPMENT_SYNTHETIC
19,2,2,15,1,1,3,1,15,1,6,0,1.0,4,12.0,0.25,15,1,2,1,1,1,0,1.0,1.0,1.0,0.9379,1,W003,DEVELOPMENT_SYNTHETIC
18,3,5,15,3,2,5,1,15,2,0,2,0.0,9,20.0,0.25,20,2,4,2,2,3,5,0.0,1.0,1.0,0.6641,1,W007,DEVELOPMENT_SYNTHETIC
22,1,3,45,1,3,5,3,10,3,1,0,1.0,8,20.0,0.1,15,1,2,1,1,1,5,0.0,1.0,1.0,0.6552,1,W003,DEVELOPMENT_SYNTHETIC
20,1,2,10,3,3,1,5,20,3,4,2,0.6666666666666666,12,25.0,0.0,20,2,5,3,2,4,0,0.0,1.0,0.0,0.4469,0,W002,DEVELOPMENT_SYNTHETIC
20,2,3,30,1,1,2,2,15,1,0,0,0.5,3,20.0,0.4,25,3,3,3,2,4,10,1.0,0.0,0.0,0.05,0,W010,DEVELOPMENT_SYNTHETIC
19,2,6,15,2,1,1,4,20,1,3,3,0.5,2,25.0,0.4,15,1,3,2,1,2,5,0.0,1.0,1.0,0.636,1,W001,DEVELOPMENT_SYNTHETIC
24,2,6,30,1,3,5,3,15,3,0,3,0.0,8,25.0,0.4,25,3,3,3,2,4,10,0.0,0.0,1.0,0.05,0,W010,DEVELOPMENT_SYNTHETIC
24,2,3,10,1,3,2,4,10,3,1,2,0.3333333333333333,5,25.0,0.25,25,2,4,3,1,4,15,1.0,1.0,1.0,0.05,0,W004,DEVELOPMENT_SYNTHETIC
25,2,4,45,1,2,1,5,10,2,5,0,1.0,7,12.0,0.4,25,3,3,3,2,4,15,1.0,0.0,0.0,0.05,0,W010,DEVELOPMENT_SYNTHETIC
24,2,1,30,2,1,4,4,15,1,3,2,0.6,5,15.0,0.25,30,3,6,3,3,5,15,0.0,0.0,1.0,0.05,0,W006,DEVELOPMENT_SYNTHETIC
26,2,1,15,1,1,5,5,20,1,6,0,1.0,6,20.0,0.0,25,2,4,3,1,4,5,0.0,1.0,1.0,0.659,1,W004,DEVELOPMENT_SYNTHETIC
26,3,5,45,1,1,1,3,10,1,4,2,0.6666666666666666,7,15.0,0.25,15,1,2,1,1,1,5,0.0,1.0,1.0,0.9196,1,W003,DEVELOPMENT_SYNTHETIC
22,2,2,30,1,1,2,5,10,1,1,0,1.0,9,12.0,0.1,10,1,1,1,1,1,0,0.0,1.0,1.0,0.98,1,W005,DEVELOPMENT_SYNTHETIC
18,2,6,15,2,1,2,5,20,1,0,0,0.5,12,12.0,0.25,15,1,2,1,1,1,5,0.0,1.0,1.0,0.7715,1,W003,DEVELOPMENT_SYNTHETIC
20,1,6,20,2,3,2,5,10,3,1,0,1.0,5,15.0,0.25,10,1,1,2,1,2,0,0.0,1.0,1.0,0.7005,1,W009,DEVELOPMENT_SYNTHETIC
20,3,5,30,3,1,2,1,15,1,1,1,0.5,3,20.0,0.25,15,2,5,2,2,3,0,1.0,1.0,1.0,0.947,1,W008,DEVELOPMENT_SYNTHETIC
21,2,3,10,1,3,2,5,10,3,0,3,0.0,2,12.0,0.25,15,2,5,2,2,3,5,0.0,0.0,1.0,0.2009,0,W008,DEVELOPMENT_SYNTHETIC
26,2,6,45,3,2,4,5,45,2,5,4,0.5555555555555556,5,25.0,0.25,10,1,1,2,1,2,35,0.0,1.0,1.0,0.1888,0,W009,DEVELOPMENT_SYNTHETIC
18,1,2,15,3,2,2,1,20,2,2,2,0.5,1,25.0,0.4,20,2,4,2,2,3,0,0.0,1.0,0.0,0.7775,1,W007,DEVELOPMENT_SYNTHETIC
21,2,1,30,1,2,1,2,15,2,6,1,0.8571428571428571,7,15.0,0.25,20,2,4,2,2,3,5,0.0,0.0,1.0,0.2016,0,W007,DEVELOPMENT_SYNTHETIC
22,1,3,30,1,1,4,4,45,1,5,3,0.625,5,15.0,0.4,15,1,2,1,1,1,30,0.0,1.0,1.0,0.2053,0,W003,DEVELOPMENT_SYNTHETIC
22,1,2,10,1,1,3,1,30,1,3,3,0.5,10,25.0,0.0,25,3,3,3,2,4,5,0.0,0.0,0.0,0.1833,0,W010,DEVELOPMENT_SYNTHETIC
18,2,1,30,3,3,4,1,15,3,2,1,0.6666666666666666,4,15.0,0.0,20,2,5,3,2,4,5,0.0,1.0,1.0,0.6199,1,W002,DEVELOPMENT_SYNTHETIC
18,3,3,20,3,3,1,5,10,3,5,4,0.5555555555555556,5,12.0,0.4,20,2,4,2,2,3,10,1.0,1.0,1.0,0.716,1,W007,DEVELOPMENT_SYNTHETIC
23,3,1,45,2,2,3,3,15,2,6,4,0.6,9,12.0,0.4,15,2,5,2,2,3,0,0.0,1.0,1.0,0.6704,1,W008,DEVELOPMENT_SYNTHETIC
26,3,2,45,1,3,1,2,15,3,2,3,0.4,11,20.0,0.1,15,1,2,1,1,1,0,1.0,1.0,1.0,0.98,1,W003,DEVELOPMENT_SYNTHETIC
24,1,3,20,3,2,2,1,10,2,2,0,1.0,2,15.0,0.4,25,3,3,3,2,4,15,1.0,1.0,0.0,0.05,0,W010,DEVELOPMENT_SYNTHETIC
22,2,3,45,1,2,2,1,10,2,1,0,1.0,4,25.0,0.0,25,2,4,3,1,4,15,1.0,1.0,1.0,0.0776,0,W004,DEVELOPMENT_SYNTHETIC
19,1,2,10,3,2,4,3,30,2,6,3,0.6666666666666666,4,20.0,0.25,10,1,1,2,1,2,20,0.0,1.0,1.0,0.2112,0,W009,DEVELOPMENT_SYNTHETIC
26,3,3,45,3,3,3,5,10,3,1,0,1.0,6,25.0,0.25,30,3,6,3,3,5,20,0.0,1.0,1.0,0.05,0,W006,DEVELOPMENT_SYNTHETIC
18,2,6,30,2,3,5,3,15,3,0,1,0.0,8,15.0,0.1,25,2,4,3,1,4,10,0.0,1.0,1.0,0.3063,0,W004,DEVELOPMENT_SYNTHETIC
26,1,2,45,1,3,3,4,20,3,3,3,0.5,9,20.0,0.25,20,2,5,3,2,4,0,0.0,0.0,0.0,0.3285,0,W002,DEVELOPMENT_SYNTHETIC
23,1,3,10,3,2,1,4,15,2,6,3,0.6666666666666666,2,25.0,0.4,15,1,3,2,1,2,0,1.0,1.0,1.0,0.9061,1,W001,DEVELOPMENT_SYNTHETIC
25,2,1,15,1,2,4,4,20,2,3,3,0.5,3,20.0,0.1,25,3,3,3,2,4,5,0.0,0.0,1.0,0.2772,0,W010,DEVELOPMENT_SYNTHETIC
24,2,3,20,1,3,1,1,10,3,0,0,0.5,2,25.0,0.4,20,2,5,3,2,4,10,0.0,0.0,1.0,0.05,0,W002,DEVELOPMENT_SYNTHETIC
25,3,4,10,1,1,2,1,10,1,2,2,0.5,10,20.0,0.0,15,1,3,2,1,2,5,1.0,1.0,1.0,0.802,1,W001,DEVELOPMENT_SYNTHETIC
19,2,3,10,2,1,1,5,10,1,6,1,0.8571428571428571,12,15.0,0.4,15,2,5,2,2,3,5,0.0,1.0,1.0,0.6149,1,W008,DEVELOPMENT_SYNTHETIC
26,2,5,45,3,2,1,5,15,2,1,0,1.0,7,20.0,0.1,10,1,1,2,1,2,5,0.0,1.0,1.0,0.6169,1,W009,DEVELOPMENT_SYNTHETIC
18,2,5,20,3,1,4,3,20,1,5,3,0.625,12,25.0,0.25,10,1,1,2,1,2,10,0.0,1.0,1.0,0.4799,0,W009,DEVELOPMENT_SYNTHETIC
24,2,1,30,3,3,2,3,20,3,2,1,0.6666666666666666,3,25.0,0.1,15,1,2,1,1,1,5,0.0,1.0,1.0,0.9375,1,W003,DEVELOPMENT_SYNTHETIC
20,1,5,10,1,3,1,4,10,3,1,0,1.0,4,20.0,0.25,25,3,3,3,2,4,15,0.0,0.0,0.0,0.05,0,W010,DEVELOPMENT_SYNTHETIC
19,3,3,30,2,2,5,5,30,2,5,1,0.8333333333333334,7,12.0,0.25,15,1,2,1,1,1,15,0.0,1.0,1.0,0.1654,0,W003,DEVELOPMENT_SYNTHETIC
18,1,2,10,2,1,3,4,20,1,6,3,0.6666666666666666,7,25.0,0.25,15,2,5,2,2,3,5,0.0,1.0,0.0,0.6141,1,W008,DEVELOPMENT_SYNTHETIC
23,2,3,30,3,3,5,2,10,3,6,1,0.8571428571428571,4,25.0,0.0,15,2,5,2,2,3,5,0.0,1.0,1.0,0.6947,1,W008,DEVELOPMENT_SYNTHETIC
26,1,1,15,1,1,5,4,30,1,1,1,0.5,6,12.0,0.0,30,3,6,3,3,5,0,0.0,0.0,0.0,0.3353,0,W006,DEVELOPMENT_SYNTHETIC
18,2,4,20,3,2,1,4,20,2,1,1,0.5,2,20.0,0.25,10,1,1,2,1,2,10,0.0,1.0,1.0,0.6124,1,W009,DEVELOPMENT_SYNTHETIC
21,3,2,45,3,3,4,1,15,3,5,4,0.5555555555555556,8,20.0,0.4,15,1,3,2,1,2,0,0.0,1.0,1.0,0.7163,1,W001,DEVELOPMENT_SYNTHETIC
19,2,1,45,1,2,4,4,45,2,4,4,0.5,3,20.0,0.1,15,2,5,2,2,3,30,0.0,0.0,1.0,0.05,0,W008,DEVELOPMENT_SYNTHETIC
22,2,1,15,3,1,4,3,15,1,4,1,0.8,0,15.0,0.4,25,2,4,3,1,4,10,0.0,1.0,1.0,0.5082,0,W004,DEVELOPMENT_SYNTHETIC
22,1,2,10,2,1,5,5,45,1,0,4,0.0,11,20.0,0.0,15,2,5,2,2,3,30,0.0,1.0,1.0,0.3073,0,W008,DEVELOPMENT_SYNTHETIC
22,1,6,45,3,3,1,2,15,3,4,2,0.6666666666666666,2,15.0,0.0,20,2,4,2,2,3,5,0.0,1.0,0.0,0.5906,0,W007,DEVELOPMENT_SYNTHETIC
18,2,5,30,3,1,1,2,20,1,5,2,0.7142857142857143,2,20.0,0.25,20,2,4,2,2,3,0,0.0,1.0,1.0,0.7655,1,W007,DEVELOPMENT_SYNTHETIC
23,2,3,15,1,3,1,3,15,3,4,4,0.5,10,12.0,0.0,15,1,2,1,1,1,0,0.0,1.0,1.0,0.98,1,W003,DEVELOPMENT_SYNTHETIC
20,1,5,20,1,1,1,4,15,1,0,4,0.0,12,25.0,0.0,15,2,5,2,2,3,0,1.0,0.0,0.0,0.5207,0,W008,DEVELOPMENT_SYNTHETIC
19,3,4,20,2,1,3,2,45,1,6,1,0.8571428571428571,8,20.0,0.0,25,3,3,3,2,4,20,1.0,1.0,1.0,0.3407,0,W010,DEVELOPMENT_SYNTHETIC
20,1,5,20,1,1,5,5,20,1,3,2,0.6,0,20.0,0.4,20,2,4,2,2,3,0,0.0,0.0,1.0,0.3435,0,W007,DEVELOPMENT_SYNTHETIC
21,3,5,15,2,1,5,4,15,1,5,1,0.8333333333333334,10,25.0,0.4,20,2,4,2,2,3,5,0.0,1.0,1.0,0.6522,1,W007,DEVELOPMENT_SYNTHETIC
18,3,1,10,2,1,4,2,15,1,4,2,0.6666666666666666,0,20.0,0.25,20,2,4,2,2,3,5,0.0,1.0,1.0,0.6426,1,W007,DEVELOPMENT_SYNTHETIC
20,1,4,10,2,2,1,5,20,2,4,0,1.0,9,15.0,0.4,15,2,5,2,2,3,5,0.0,1.0,0.0,0.6982,1,W008,DEVELOPMENT_SYNTHETIC
18,3,6,10,3,2,3,2,30,2,4,3,0.5714285714285714,4,12.0,0.0,15,1,3,2,1,2,15,0.0,1.0,1.0,0.3105,0,W001,DEVELOPMENT_SYNTHETIC
24,3,1,20,1,3,2,3,15,3,6,3,0.6666666666666666,1,20.0,0.0,15,2,5,2,2,3,0,0.0,0.0,1.0,0.3221,0,W008,DEVELOPMENT_SYNTHETIC
18,3,1,10,2,2,3,3,20,2,5,0,1.0,2,12.0,0.25,20,2,5,3,2,4,0,0.0,1.0,1.0,0.6815,1,W002,DEVELOPMENT_SYNTHETIC
20,2,5,10,2,2,5,2,15,2,1,0,1.0,4,20.0,0.0,10,1,1,2,1,2,5,0.0,1.0,1.0,0.6456,1,W009,DEVELOPMENT_SYNTHETIC
22,3,6,45,3,2,1,4,10,2,2,3,0.4,1,20.0,0.25,15,1,3,2,1,2,5,0.0,1.0,1.0,0.779,1,W001,DEVELOPMENT_SYNTHETIC
19,1,3,10,1,3,4,1,15,3,6,2,0.75,6,12.0,0.25,15,1,2,1,1,1,0,0.0,1.0,1.0,0.7098,1,W003,DEVELOPMENT_SYNTHETIC
20,3,6,20,1,1,2,5,20,1,6,0,1.0,10,12.0,0.4,25,2,4,3,1,4,5,0.0,1.0,1.0,0.432,0,W004,DEVELOPMENT_SYNTHETIC
21,3,4,45,1,1,4,1,30,1,4,1,0.8,7,15.0,0.0,20,2,4,2,2,3,10,1.0,0.0,1.0,0.3839,0,W007,DEVELOPMENT_SYNTHETIC
26,3,3,15,3,2,3,3,20,2,3,4,0.42857142857142855,6,20.0,0.25,25,2,4,3,1,4,5,1.0,1.0,1.0,0.7723,1,W004,DEVELOPMENT_SYNTHETIC
25,1,6,20,3,2,1,1,15,2,4,1,0.8,11,20.0,0.1,25,3,3,3,2,4,10,0.0,1.0,0.0,0.2784,0,W010,DEVELOPMENT_SYNTHETIC
20,3,3,15,3,1,1,2,10,1,5,0,1.0,11,12.0,0.4,15,1,2,1,1,1,5,0.0,1.0,1.0,0.9314,1,W003,DEVELOPMENT_SYNTHETIC
21,2,3,10,1,3,1,1,15,3,0,2,0.0,3,25.0,0.1,15,1,2,1,1,1,0,0.0,1.0,1.0,0.931,1,W003,DEVELOPMENT_SYNTHETIC
24,3,4,20,1,2,4,5,30,2,3,1,0.75,10,15.0,0.1,20,2,4,2,2,3,10,1.0,0.0,1.0,0.2898,0,W007,DEVELOPMENT_SYNTHETIC
25,1,1,15,3,3,4,3,15,3,0,2,0.0,0,25.0,0.4,15,1,2,1,1,1,0,0.0,1.0,1.0,0.7209,1,W003,DEVELOPMENT_SYNTHETIC
22,1,5,45,3,2,2,4,10,2,2,1,0.6666666666666666,4,20.0,0.1,20,2,4,2,2,3,10,0.0,1.0,0.0,0.4993,0,W007,DEVELOPMENT_SYNTHETIC
25,2,5,45,3,1,3,3,20,1,3,1,0.75,11,20.0,0.4,20,2,4,2,2,3,0,0.0,1.0,1.0,0.7175,1,W007,DEVELOPMENT_SYNTHETIC
20,1,1,30,2,1,1,2,20,1,3,3,0.5,3,15.0,0.0,10,1,1,1,1,1,10,1.0,1.0,1.0,0.8388,1,W005,DEVELOPMENT_SYNTHETIC
22,2,4,10,3,2,5,3,45,2,0,0,0.5,9,12.0,0.1,10,1,1,1,1,1,35,0.0,1.0,1.0,0.2017,0,W005,DEVELOPMENT_SYNTHETIC
26,1,1,45,3,3,2,4,20,3,0,1,0.0,0,20.0,0.4,25,3,3,3,2,4,5,0.0,1.0,0.0,0.0615,0,W010,DEVELOPMENT_SYNTHETIC
19,1,1,15,2,1,3,4,30,1,5,2,0.7142857142857143,9,15.0,0.4,25,3,3,3,2,4,5,0.0,1.0,0.0,0.6617,1,W010,DEVELOPMENT_SYNTHETIC
25,3,6,30,2,1,5,2,20,1,2,0,1.0,5,20.0,0.4,25,2,4,3,1,4,5,0.0,1.0,1.0,0.5722,0,W004,DEVELOPMENT_SYNTHETIC
26,2,6,30,2,1,1,1,10,1,4,1,0.8,3,25.0,0.0,25,2,4,3,1,4,15,0.0,1.0,1.0,0.05,0,W004,DEVELOPMENT_SYNTHETIC
19,2,2,10,3,3,5,4,20,3,1,1,0.5,11,15.0,0.1,30,3,6,3,3,5,10,0.0,1.0,1.0,0.3417,0,W006,DEVELOPMENT_SYNTHETIC
24,1,5,45,2,1,1,3,20,1,4,3,0.5714285714285714,3,12.0,0.25,25,2,4,3,1,4,5,0.0,1.0,0.0,0.2503,0,W004,DEVELOPMENT_SYNTHETIC
26,1,6,45,1,2,2,1,15,2,5,2,0.7142857142857143,8,15.0,0.0,15,2,5,2,2,3,0,1.0,0.0,0.0,0.5187,0,W008,DEVELOPMENT_SYNTHETIC
26,2,3,10,2,1,5,2,30,1,0,3,0.0,11,20.0,0.25,15,2,5,2,2,3,15,0.0,1.0,1.0,0.2614,0,W008,DEVELOPMENT_SYNTHETIC
18,3,6,10,1,1,3,2,20,1,6,1,0.8571428571428571,3,12.0,0.1,25,2,4,3,1,4,5,0.0,1.0,1.0,0.5895,0,W004,DEVELOPMENT_SYNTHETIC
18,1,3,30,1,2,4,2,20,2,0,0,0.5,11,15.0,0.25,10,1,1,1,1,1,10,0.0,1.0,1.0,0.6336,1,W005,DEVELOPMENT_SYNTHETIC
20,2,4,10,1,3,4,4,10,3,1,2,0.3333333333333333,0,15.0,0.4,20,2,5,3,2,4,10,0.0,0.0,1.0,0.171,0,W002,DEVELOPMENT_SYNTHETIC
24,1,5,15,1,1,1,4,10,1,5,1,0.8333333333333334,4,20.0,0.4,15,1,2,1,1,1,5,0.0,1.0,1.0,0.8147,1,W003,DEVELOPMENT_SYNTHETIC
25,3,6,15,3,3,4,2,20,3,6,3,0.6666666666666666,4,20.0,0.25,25,3,3,3,2,4,5,0.0,1.0,1.0,0.3972,0,W010,DEVELOPMENT_SYNTHETIC
22,3,3,30,1,1,4,5,45,1,0,4,0.0,1,15.0,0.0,25,2,4,3,1,4,20,1.0,1.0,1.0,0.3779,0,W004,DEVELOPMENT_SYNTHETIC
25,3,4,45,3,1,4,5,20,1,0,4,0.0,2,15.0,0.1,25,2,4,3,1,4,5,1.0,1.0,1.0,0.8038,1,W004,DEVELOPMENT_SYNTHETIC
21,3,5,10,3,3,5,5,10,3,2,4,0.3333333333333333,8,12.0,0.25,10,1,1,1,1,1,0,0.0,1.0,1.0,0.7769,1,W005,DEVELOPMENT_SYNTHETIC
24,3,1,10,1,1,4,2,20,1,6,1,0.8571428571428571,11,12.0,0.1,25,3,3,3,2,4,5,0.0,0.0,1.0,0.204,0,W010,DEVELOPMENT_SYNTHETIC
19,1,2,45,2,3,3,4,10,3,5,2,0.7142857142857143,5,12.0,0.0,15,1,3,2,1,2,5,0.0,1.0,1.0,0.6585,1,W001,DEVELOPMENT_SYNTHETIC
19,3,5,10,3,1,3,2,15,1,0,1,0.0,7,12.0,0.4,10,1,1,2,1,2,5,0.0,1.0,1.0,0.5793,0,W009,DEVELOPMENT_SYNTHETIC
18,2,4,45,1,3,2,3,15,3,3,0,1.0,12,20.0,0.25,10,1,1,1,1,1,5,0.0,1.0,1.0,0.8444,1,W005,DEVELOPMENT_SYNTHETIC
26,1,3,45,3,1,4,3,45,1,4,0,1.0,2,15.0,0.25,10,1,1,2,1,2,35,0.0,1.0,1.0,0.1548,0,W009,DEVELOPMENT_SYNTHETIC
18,1,6,30,2,2,5,4,45,2,0,0,0.5,9,12.0,0.0,10,1,1,1,1,1,35,0.0,1.0,1.0,0.1632,0,W005,DEVELOPMENT_SYNTHETIC
19,2,3,20,2,3,3,5,15,3,4,1,0.8,6,25.0,0.0,25,2,4,3,1,4,10,1.0,1.0,1.0,0.5118,0,W004,DEVELOPMENT_SYNTHETIC
23,1,2,15,2,3,3,1,15,3,2,1,0.6666666666666666,12,25.0,0.0,10,1,1,2,1,2,5,0.0,1.0,1.0,0.7046,1,W009,DEVELOPMENT_SYNTHETIC
24,1,4,10,3,2,2,2,15,2,4,4,0.5,8,25.0,0.25,15,1,3,2,1,2,0,1.0,1.0,1.0,0.9305,1,W001,DEVELOPMENT_SYNTHETIC
19,3,6,15,3,1,1,3,10,1,0,3,0.0,4,12.0,0.0,10,1,1,1,1,1,0,0.0,1.0,1.0,0.8954,1,W005,DEVELOPMENT_SYNTHETIC
26,3,4,15,2,3,4,4,10,3,4,1,0.8,6,15.0,0.0,20,2,4,2,2,3,10,1.0,1.0,1.0,0.6842,1,W007,DEVELOPMENT_SYNTHETIC
20,1,1,10,1,3,4,5,20,3,2,1,0.6666666666666666,8,20.0,0.4,10,1,1,1,1,1,10,1.0,1.0,1.0,0.7607,1,W005,DEVELOPMENT_SYNTHETIC
23,1,3,15,1,2,5,4,20,2,0,2,0.0,12,20.0,0.0,15,2,5,2,2,3,5,0.0,0.0,1.0,0.2571,0,W008,DEVELOPMENT_SYNTHETIC
20,2,5,30,2,3,3,3,15,3,6,0,1.0,2,25.0,0.1,30,3,6,3,3,5,15,1.0,0.0,0.0,0.05,0,W006,DEVELOPMENT_SYNTHETIC
21,3,1,20,3,1,1,1,15,1,3,2,0.6,6,20.0,0.25,10,1,1,2,1,2,5,1.0,1.0,1.0,0.8197,1,W009,DEVELOPMENT_SYNTHETIC
19,3,6,15,3,1,3,2,20,1,6,2,0.75,5,15.0,0.4,25,3,3,3,2,4,5,0.0,1.0,1.0,0.6596,1,W010,DEVELOPMENT_SYNTHETIC
18,1,4,20,3,3,3,1,15,3,1,1,0.5,3,15.0,0.25,25,2,4,3,1,4,10,1.0,1.0,0.0,0.4345,0,W004,DEVELOPMENT_SYNTHETIC
24,2,6,10,3,2,2,2,10,2,0,0,0.5,11,25.0,0.4,20,2,5,3,2,4,10,1.0,1.0,1.0,0.4067,0,W002,DEVELOPMENT_SYNTHETIC
19,1,6,15,3,1,2,4,10,1,1,3,0.25,10,20.0,0.1,15,1,3,2,1,2,5,0.0,1.0,1.0,0.6424,1,W001,DEVELOPMENT_SYNTHETIC
26,1,2,10,3,1,4,3,45,1,0,3,0.0,8,25.0,0.0,15,1,3,2,1,2,30,0.0,1.0,1.0,0.2354,0,W001,DEVELOPMENT_SYNTHETIC
19,1,3,45,1,1,3,4,15,1,4,1,0.8,9,12.0,0.1,20,2,4,2,2,3,5,1.0,0.0,0.0,0.4478,0,W007,DEVELOPMENT_SYNTHETIC
22,2,1,30,3,3,3,5,10,3,5,3,0.625,0,15.0,0.4,30,3,6,3,3,5,20,0.0,1.0,0.0,0.05,0,W006,DEVELOPMENT_SYNTHETIC
22,2,6,10,1,1,5,1,15,1,6,4,0.6,10,20.0,0.0,10,1,1,2,1,2,5,0.0,1.0,1.0,0.5834,0,W009,DEVELOPMENT_SYNTHETIC
25,1,1,45,1,2,3,1,20,2,6,3,0.6666666666666666,3,15.0,0.1,25,2,4,3,1,4,5,0.0,1.0,0.0,0.5582,0,W004,DEVELOPMENT_SYNTHETIC
21,3,6,10,3,1,4,3,30,1,2,3,0.4,1,12.0,0.25,15,1,3,2,1,2,15,0.0,1.0,1.0,0.2254,0,W001,DEVELOPMENT_SYNTHETIC
26,3,4,15,3,2,5,4,15,2,6,2,0.75,10,12.0,0.25,25,2,4,3,1,4,10,1.0,1.0,1.0,0.6448,1,W004,DEVELOPMENT_SYNTHETIC
26,2,2,10,2,2,1,1,20,2,1,3,0.25,12,12.0,0.0,25,2,4,3,1,4,5,0.0,1.0,1.0,0.2424,0,W004,DEVELOPMENT_SYNTHETIC
24,3,5,30,1,2,5,1,15,2,3,1,0.75,10,25.0,0.0,30,3,6,3,3,5,15,1.0,0.0,1.0,0.05,0,W006,DEVELOPMENT_SYNTHETIC
22,1,4,15,1,1,3,3,15,1,6,3,0.6666666666666666,8,15.0,0.4,25,3,3,3,2,4,10,1.0,0.0,0.0,0.4246,0,W010,DEVELOPMENT_SYNTHETIC
26,2,5,30,3,2,2,5,10,2,4,2,0.6666666666666666,4,12.0,0.0,25,2,4,3,1,4,15,0.0,1.0,1.0,0.05,0,W004,DEVELOPMENT_SYNTHETIC
21,3,1,30,1,3,3,3,10,3,3,4,0.42857142857142855,11,15.0,0.4,15,1,3,2,1,2,5,0.0,1.0,1.0,0.6919,1,W001,DEVELOPMENT_SYNTHETIC
19,1,3,45,3,2,1,1,20,2,2,3,0.4,11,12.0,0.0,10,1,1,2,1,2,10,0.0,1.0,1.0,0.5541,0,W009,DEVELOPMENT_SYNTHETIC
22,3,1,10,3,3,3,5,10,3,0,3,0.0,4,15.0,0.4,25,3,3,3,2,4,15,0.0,1.0,1.0,0.05,0,W010,DEVELOPMENT_SYNTHETIC
24,3,4,30,3,3,3,5,20,3,4,4,0.5,11,25.0,0.0,10,1,1,2,1,2,10,0.0,1.0,1.0,0.596,0,W009,DEVELOPMENT_SYNTHETIC
24,1,1,45,3,2,5,2,20,2,2,4,0.3333333333333333,1,20.0,0.0,10,1,1,2,1,2,10,1.0,1.0,1.0,0.6855,1,W009,DEVELOPMENT_SYNTHETIC
21,3,1,15,3,1,1,2,10,1,2,1,0.6666666666666666,12,25.0,0.4,25,3,3,3,2,4,15,0.0,1.0,1.0,0.05,0,W010,DEVELOPMENT_SYNTHETIC
26,1,6,10,2,3,4,2,15,3,5,0,1.0,7,25.0,0.0,15,2,5,2,2,3,0,1.0,1.0,1.0,0.9161,1,W008,DEVELOPMENT_SYNTHETIC
21,3,3,45,1,2,5,5,20,2,2,4,0.3333333333333333,5,15.0,0.1,10,1,1,2,1,2,10,0.0,1.0,1.0,0.5166,0,W009,DEVELOPMENT_SYNTHETIC
19,2,5,30,1,2,2,5,20,2,3,2,0.6,0,15.0,0.4,25,3,3,3,2,4,5,0.0,0.0,0.0,0.05,0,W010,DEVELOPMENT_SYNTHETIC
22,3,1,30,3,1,1,5,15,1,4,3,0.5714285714285714,5,25.0,0.0,25,2,4,3,1,4,10,0.0,1.0,1.0,0.2413,0,W004,DEVELOPMENT_SYNTHETIC
20,3,5,10,2,2,2,5,15,2,4,2,0.6666666666666666,12,12.0,0.25,25,2,4,3,1,4,10,0.0,1.0,1.0,0.2122,0,W004,DEVELOPMENT_SYNTHETIC
22,2,1,15,3,1,5,3,15,1,6,0,1.0,2,25.0,0.1,15,1,3,2,1,2,0,0.0,1.0,1.0,0.7768,1,W001,DEVELOPMENT_SYNTHETIC
24,3,5,45,3,2,4,1,15,2,0,3,0.0,8,15.0,0.0,20,2,5,3,2,4,5,1.0,1.0,1.0,0.7551,1,W002,DEVELOPMENT_SYNTHETIC
18,1,4,10,3,2,1,4,20,2,0,4,0.0,10,20.0,0.0,10,1,1,1,1,1,10,0.0,1.0,1.0,0.7514,1,W005,DEVELOPMENT_SYNTHETIC
18,3,4,20,1,3,4,4,10,3,6,4,0.6,3,25.0,0.4,15,1,2,1,1,1,5,0.0,1.0,1.0,0.6495,1,W003,DEVELOPMENT_SYNTHETIC
22,3,5,20,2,1,1,4,15,1,3,4,0.42857142857142855,4,25.0,0.1,15,1,3,2,1,2,0,0.0,1.0,1.0,0.8043,1,W001,DEVELOPMENT_SYNTHETIC
24,2,4,30,1,3,2,5,10,3,2,0,1.0,8,12.0,0.4,15,2,5,2,2,3,5,0.0,0.0,1.0,0.2737,0,W008,DEVELOPMENT_SYNTHETIC
19,1,2,45,1,3,3,1,15,3,4,4,0.5,4,12.0,0.1,25,2,4,3,1,4,10,0.0,1.0,0.0,0.2987,0,W004,DEVELOPMENT_SYNTHETIC
23,2,3,15,1,1,3,2,20,1,2,3,0.4,1,25.0,0.0,15,2,5,2,2,3,5,0.0,0.0,1.0,0.2909,0,W008,DEVELOPMENT_SYNTHETIC
19,1,5,10,1,3,5,2,10,3,3,0,1.0,3,25.0,0.1,10,1,1,2,1,2,0,0.0,1.0,1.0,0.8195,1,W009,DEVELOPMENT_SYNTHETIC
26,2,4,30,1,2,5,3,45,2,0,1,0.0,3,25.0,0.0,10,1,1,2,1,2,35,0.0,1.0,1.0,0.2279,0,W009,DEVELOPMENT_SYNTHETIC
20,2,1,10,2,3,5,3,10,3,1,3,0.25,4,12.0,0.0,20,2,4,2,2,3,10,0.0,1.0,1.0,0.5505,0,W007,DEVELOPMENT_SYNTHETIC
21,2,1,30,1,1,3,1,45,1,3,4,0.42857142857142855,1,15.0,0.4,15,2,5,2,2,3,30,0.0,0.0,1.0,0.05,0,W008,DEVELOPMENT_SYNTHETIC
18,3,4,10,1,1,2,1,15,1,6,4,0.6,8,15.0,0.0,25,2,4,3,1,4,10,1.0,1.0,1.0,0.3467,0,W004,DEVELOPMENT_SYNTHETIC
26,3,1,45,2,1,3,4,45,1,1,3,0.25,3,15.0,0.0,10,1,1,2,1,2,35,1.0,1.0,1.0,0.3347,0,W009,DEVELOPMENT_SYNTHETIC
18,3,3,30,3,2,3,2,45,2,5,0,1.0,7,25.0,0.4,20,2,5,3,2,4,25,0.0,1.0,1.0,0.1695,0,W002,DEVELOPMENT_SYNTHETIC
25,2,2,30,3,1,2,4,20,1,6,1,0.8571428571428571,12,12.0,0.25,15,1,3,2,1,2,5,0.0,1.0,1.0,0.6407,1,W001,DEVELOPMENT_SYNTHETIC
20,3,2,15,1,1,2,3,15,1,5,1,0.8333333333333334,1,25.0,0.25,15,1,3,2,1,2,0,0.0,1.0,1.0,0.7528,1,W001,DEVELOPMENT_SYNTHETIC
24,3,1,20,2,1,5,2,15,1,4,1,0.8,1,15.0,0.25,25,3,3,3,2,4,10,0.0,1.0,1.0,0.5765,0,W010,DEVELOPMENT_SYNTHETIC
26,2,2,45,3,1,3,2,45,1,4,4,0.5,8,20.0,0.0,15,1,2,1,1,1,30,1.0,1.0,1.0,0.3465,0,W003,DEVELOPMENT_SYNTHETIC
21,1,3,45,2,1,5,4,30,1,4,2,0.6666666666666666,10,15.0,0.25,25,3,3,3,2,4,5,1.0,1.0,0.0,0.8243,1,W010,DEVELOPMENT_SYNTHETIC
19,3,1,45,3,3,1,3,15,3,3,4,0.42857142857142855,8,25.0,0.0,15,2,5,2,2,3,0,0.0,1.0,1.0,0.7532,1,W008,DEVELOPMENT_SYNTHETIC
24,2,5,45,1,1,4,4,45,1,1,4,0.2,12,15.0,0.0,25,3,3,3,2,4,20,0.0,0.0,1.0,0.05,0,W010,DEVELOPMENT_SYNTHETIC
19,2,2,45,2,1,4,4,45,1,3,4,0.42857142857142855,2,25.0,0.4,15,1,2,1,1,1,30,1.0,1.0,1.0,0.303,0,W003,DEVELOPMENT_SYNTHETIC
25,2,3,15,3,3,1,5,15,3,5,4,0.5555555555555556,0,25.0,0.1,25,2,4,3,1,4,10,1.0,1.0,1.0,0.1428,0,W004,DEVELOPMENT_SYNTHETIC
23,1,1,10,3,2,4,4,30,2,5,3,0.625,9,12.0,0.0,20,2,5,3,2,4,10,0.0,1.0,1.0,0.4895,0,W002,DEVELOPMENT_SYNTHETIC
23,2,3,20,3,1,3,3,20,1,4,3,0.5714285714285714,7,25.0,0.1,15,1,2,1,1,1,5,0.0,1.0,1.0,0.68,1,W003,DEVELOPMENT_SYNTHETIC
20,3,1,15,2,1,5,5,30,1,6,3,0.6666666666666666,3,15.0,0.0,30,3,6,3,3,5,0,0.0,0.0,1.0,0.4265,0,W006,DEVELOPMENT_SYNTHETIC
20,1,2,20,2,1,5,3,45,1,1,2,0.3333333333333333,6,15.0,0.1,20,2,4,2,2,3,25,0.0,1.0,1.0,0.2609,0,W007,DEVELOPMENT_SYNTHETIC
26,1,6,20,3,1,5,3,15,1,1,4,0.2,1,25.0,0.25,30,3,6,3,3,5,15,1.0,1.0,0.0,0.3393,0,W006,DEVELOPMENT_SYNTHETIC
24,3,5,20,2,3,5,3,10,3,4,2,0.6666666666666666,12,25.0,0.25,10,1,1,1,1,1,0,0.0,1.0,1.0,0.8245,1,W005,DEVELOPMENT_SYNTHETIC
19,1,3,45,1,2,5,5,15,2,6,0,1.0,7,25.0,0.1,15,1,3,2,1,2,0,1.0,1.0,1.0,0.9074,1,W001,DEVELOPMENT_SYNTHETIC
21,3,3,45,3,2,3,1,15,2,6,2,0.75,3,25.0,0.25,20,2,5,3,2,4,5,0.0,1.0,1.0,0.6331,1,W002,DEVELOPMENT_SYNTHETIC
23,2,1,20,2,1,2,1,10,1,5,1,0.8333333333333334,5,15.0,0.4,15,2,5,2,2,3,5,0.0,1.0,1.0,0.6193,1,W008,DEVELOPMENT_SYNTHETIC
25,3,4,30,1,1,3,1,15,1,4,2,0.6666666666666666,2,12.0,0.25,20,2,5,3,2,4,5,0.0,0.0,1.0,0.2349,0,W002,DEVELOPMENT_SYNTHETIC
26,2,5,30,1,2,1,5,20,2,3,4,0.42857142857142855,0,15.0,0.4,15,1,3,2,1,2,5,0.0,1.0,1.0,0.6306,1,W001,DEVELOPMENT_SYNTHETIC
26,2,1,45,1,1,5,3,45,1,1,1,0.5,5,25.0,0.4,15,1,3,2,1,2,30,0.0,1.0,1.0,0.2085,0,W001,DEVELOPMENT_SYNTHETIC
26,3,1,30,3,2,4,3,30,2,6,1,0.8571428571428571,2,25.0,0.25,10,1,1,2,1,2,20,1.0,1.0,1.0,0.358,0,W009,DEVELOPMENT_SYNTHETIC
23,3,1,45,3,2,5,4,30,2,6,2,0.75,12,20.0,0.1,10,1,1,2,1,2,20,1.0,1.0,1.0,0.3502,0,W009,DEVELOPMENT_SYNTHETIC
24,2,3,10,3,1,3,1,20,1,6,0,1.0,0,12.0,0.1,10,1,1,1,1,1,10,0.0,1.0,1.0,0.5718,0,W005,DEVELOPMENT_SYNTHETIC
19,3,1,15,1,3,2,2,20,3,6,0,1.0,12,20.0,0.25,20,2,5,3,2,4,0,0.0,0.0,1.0,0.1095,0,W002,DEVELOPMENT_SYNTHETIC
18,1,3,30,2,2,5,2,45,2,4,1,0.8,10,12.0,0.25,10,1,1,1,1,1,35,0.0,1.0,1.0,0.2475,0,W005,DEVELOPMENT_SYNTHETIC
24,3,1,30,3,3,5,5,20,3,3,1,0.75,7,15.0,0.4,15,2,5,2,2,3,5,0.0,1.0,1.0,0.5758,0,W008,DEVELOPMENT_SYNTHETIC
20,2,4,30,3,2,1,2,15,2,6,4,0.6,11,15.0,0.25,10,1,1,1,1,1,5,0.0,1.0,1.0,0.7223,1,W005,DEVELOPMENT_SYNTHETIC
26,1,3,15,3,1,1,2,10,1,6,0,1.0,2,15.0,0.1,15,1,3,2,1,2,5,1.0,1.0,1.0,0.8467,1,W001,DEVELOPMENT_SYNTHETIC
24,2,4,10,3,1,1,1,20,1,1,3,0.25,4,25.0,0.1,25,2,4,3,1,4,5,1.0,1.0,1.0,0.4317,0,W004,DEVELOPMENT_SYNTHETIC
26,3,4,10,2,2,2,4,15,2,4,0,1.0,10,25.0,0.1,15,1,2,1,1,1,0,0.0,1.0,1.0,0.9388,1,W003,DEVELOPMENT_SYNTHETIC
23,2,1,20,2,2,5,3,45,2,1,3,0.25,2,12.0,0.25,15,1,2,1,1,1,30,0.0,1.0,1.0,0.1415,0,W003,DEVELOPMENT_SYNTHETIC
24,1,6,30,3,3,5,2,20,3,0,3,0.0,0,15.0,0.4,20,2,5,3,2,4,0,1.0,1.0,1.0,0.8099,1,W002,DEVELOPMENT_SYNTHETIC
21,2,4,30,1,1,2,4,20,1,5,1,0.8333333333333334,9,15.0,0.0,30,3,6,3,3,5,10,0.0,0.0,0.0,0.05,0,W006,DEVELOPMENT_SYNTHETIC
21,1,3,45,1,3,4,2,10,3,5,3,0.625,12,20.0,0.0,10,1,1,1,1,1,0,0.0,1.0,1.0,0.788,1,W005,DEVELOPMENT_SYNTHETIC
20,3,3,15,3,1,3,3,20,1,6,4,0.6,8,15.0,0.25,10,1,1,2,1,2,10,0.0,1.0,1.0,0.5212,0,W009,DEVELOPMENT_SYNTHETIC
25,2,1,30,2,1,4,2,20,1,6,3,0.6666666666666666,4,15.0,0.0,25,3,3,3,2,4,5,0.0,1.0,1.0,0.5204,0,W010,DEVELOPMENT_SYNTHETIC
19,2,1,30,2,3,2,4,20,3,6,4,0.6,7,12.0,0.1,25,3,3,3,2,4,5,0.0,1.0,0.0,0.0727,0,W010,DEVELOPMENT_SYNTHETIC
23,2,3,10,1,1,2,5,15,1,6,4,0.6,7,12.0,0.1,15,2,5,2,2,3,0,0.0,0.0,1.0,0.3696,0,W008,DEVELOPMENT_SYNTHETIC
26,2,4,45,1,3,2,2,10,3,0,0,0.5,2,20.0,0.4,15,1,3,2,1,2,5,1.0,1.0,1.0,0.7261,1,W001,DEVELOPMENT_SYNTHETIC
22,1,6,10,1,1,5,4,45,1,4,4,0.5,8,25.0,0.25,25,2,4,3,1,4,20,0.0,1.0,1.0,0.2092,0,W004,DEVELOPMENT_SYNTHETIC
26,3,4,20,3,3,3,2,10,3,5,4,0.5555555555555556,6,12.0,0.0,25,2,4,3,1,4,15,1.0,1.0,1.0,0.0992,0,W004,DEVELOPMENT_SYNTHETIC
19,2,5,30,2,1,5,5,30,1,0,3,0.0,1,20.0,0.1,25,2,4,3,1,4,5,0.0,1.0,1.0,0.679,1,W004,DEVELOPMENT_SYNTHETIC
20,3,4,15,1,1,5,3,15,1,0,2,0.0,3,25.0,0.25,10,1,1,2,1,2,5,0.0,1.0,1.0,0.656,1,W009,DEVELOPMENT_SYNTHETIC
24,1,3,10,3,1,4,1,20,1,5,4,0.5555555555555556,7,12.0,0.0,15,1,2,1,1,1,5,0.0,1.0,1.0,0.6013,1,W003,DEVELOPMENT_SYNTHETIC
19,1,2,15,3,1,2,2,10,1,6,3,0.6666666666666666,6,25.0,0.1,15,1,3,2,1,2,5,0.0,1.0,1.0,0.7098,1,W001,DEVELOPMENT_SYNTHETIC
19,3,5,10,3,3,1,4,15,3,0,1,0.0,2,12.0,0.0,25,3,3,3,2,4,10,0.0,1.0,1.0,0.05,0,W010,DEVELOPMENT_SYNTHETIC
26,1,4,20,2,1,4,2,20,1,4,1,0.8,0,20.0,0.1,20,2,4,2,2,3,0,1.0,1.0,1.0,0.8986,1,W007,DEVELOPMENT_SYNTHETIC
20,2,2,10,1,3,4,3,20,3,0,1,0.0,12,20.0,0.1,20,2,5,3,2,4,0,0.0,0.0,1.0,0.3033,0,W002,DEVELOPMENT_SYNTHETIC
26,2,5,30,1,3,2,3,10,3,4,2,0.6666666666666666,2,15.0,0.25,20,2,4,2,2,3,10,0.0,0.0,1.0,0.1278,0,W007,DEVELOPMENT_SYNTHETIC
23,1,3,20,3,1,4,1,15,1,6,1,0.8571428571428571,11,20.0,0.1,25,3,3,3,2,4,10,1.0,1.0,0.0,0.6558,1,W010,DEVELOPMENT_SYNTHETIC
19,1,2,30,1,1,2,3,10,1,3,2,0.6,8,20.0,0.25,20,2,4,2,2,3,10,0.0,0.0,0.0,0.1414,0,W007,DEVELOPMENT_SYNTHETIC
19,1,1,20,1,1,2,1,10,1,3,0,1.0,6,12.0,0.25,25,3,3,3,2,4,15,0.0,0.0,0.0,0.05,0,W010,DEVELOPMENT_SYNTHETIC
22,2,3,30,1,3,1,2,20,3,4,0,1.0,7,12.0,0.4,20,2,4,2,2,3,0,1.0,0.0,1.0,0.4314,0,W007,DEVELOPMENT_SYNTHETIC
20,1,6,15,2,1,3,5,15,1,2,2,0.5,4,15.0,0.0,25,2,4,3,1,4,10,0.0,1.0,0.0,0.4693,0,W004,DEVELOPMENT_SYNTHETIC
18,3,4,15,2,1,1,1,20,1,2,3,0.4,7,25.0,0.25,20,2,4,2,2,3,0,1.0,1.0,1.0,0.9736,1,W007,DEVELOPMENT_SYNTHETIC
23,3,1,30,1,2,3,3,45,2,6,1,0.8571428571428571,3,20.0,0.4,20,2,5,3,2,4,25,0.0,0.0,1.0,0.05,0,W002,DEVELOPMENT_SYNTHETIC
19,2,3,10,2,2,1,5,10,2,6,0,1.0,12,12.0,0.0,25,2,4,3,1,4,15,1.0,1.0,1.0,0.05,0,W004,DEVELOPMENT_SYNTHETIC
19,3,5,15,2,3,4,4,15,3,6,0,1.0,7,15.0,0.4,10,1,1,2,1,2,5,0.0,1.0,1.0,0.702,1,W009,DEVELOPMENT_SYNTHETIC
23,3,5,10,1,3,4,1,10,3,4,0,1.0,11,12.0,0.25,15,1,3,2,1,2,5,0.0,1.0,1.0,0.6197,1,W001,DEVELOPMENT_SYNTHETIC
24,1,2,10,1,3,4,1,10,3,0,3,0.0,11,15.0,0.25,20,2,5,3,2,4,10,0.0,0.0,1.0,0.2413,0,W002,DEVELOPMENT_SYNTHETIC
25,2,5,20,2,3,3,2,15,3,1,0,1.0,11,15.0,0.0,15,1,3,2,1,2,0,0.0,1.0,1.0,0.7839,1,W001,DEVELOPMENT_SYNTHETIC
26,2,6,45,1,2,3,4,45,2,5,3,0.625,9,20.0,0.4,15,1,3,2,1,2,30,0.0,1.0,1.0,0.1756,0,W001,DEVELOPMENT_SYNTHETIC
21,1,3,20,3,1,2,5,15,1,1,3,0.25,4,25.0,0.4,20,2,4,2,2,3,5,1.0,1.0,0.0,0.9079,1,W007,DEVELOPMENT_SYNTHETIC
26,1,3,10,2,3,2,2,20,3,6,3,0.6666666666666666,0,12.0,0.0,10,1,1,1,1,1,10,0.0,1.0,1.0,0.7197,1,W005,DEVELOPMENT_SYNTHETIC
23,2,2,20,2,1,5,1,15,1,6,0,1.0,0,25.0,0.4,15,2,5,2,2,3,0,0.0,1.0,1.0,0.7871,1,W008,DEVELOPMENT_SYNTHETIC
21,2,5,20,1,1,5,5,15,1,6,4,0.6,12,20.0,0.0,30,3,6,3,3,5,15,1.0,0.0,1.0,0.05,0,W006,DEVELOPMENT_SYNTHETIC
20,3,3,20,3,1,1,3,20,1,4,4,0.5,0,20.0,0.4,20,2,4,2,2,3,0,1.0,1.0,1.0,0.9651,1,W007,DEVELOPMENT_SYNTHETIC
19,3,6,15,2,3,2,4,20,3,3,0,1.0,6,25.0,0.25,20,2,5,3,2,4,0,1.0,1.0,1.0,0.6781,1,W002,DEVELOPMENT_SYNTHETIC
25,2,2,15,1,1,3,1,45,1,3,4,0.42857142857142855,4,15.0,0.1,15,1,2,1,1,1,30,1.0,1.0,1.0,0.3516,0,W003,DEVELOPMENT_SYNTHETIC
22,2,1,45,1,1,5,5,15,1,4,3,0.5714285714285714,12,12.0,0.0,10,1,1,1,1,1,5,1.0,1.0,1.0,0.7623,1,W005,DEVELOPMENT_SYNTHETIC
21,2,3,10,3,1,4,1,45,1,6,4,0.6,2,12.0,0.0,20,2,4,2,2,3,25,1.0,1.0,1.0,0.373,0,W007,DEVELOPMENT_SYNTHETIC
22,1,5,10,3,3,1,5,10,3,1,2,0.3333333333333333,10,25.0,0.1,20,2,5,3,2,4,10,1.0,1.0,0.0,0.3661,0,W002,DEVELOPMENT_SYNTHETIC
26,2,5,45,1,3,5,3,20,3,4,0,1.0,1,25.0,0.25,10,1,1,1,1,1,10,0.0,1.0,1.0,0.6507,1,W005,DEVELOPMENT_SYNTHETIC
23,1,6,30,1,1,5,5,20,1,4,3,0.5714285714285714,8,20.0,0.4,15,1,3,2,1,2,5,0.0,1.0,1.0,0.6568,1,W001,DEVELOPMENT_SYNTHETIC
26,1,6,20,1,1,1,4,15,1,2,3,0.4,10,12.0,0.1,25,2,4,3,1,4,10,0.0,1.0,0.0,0.2317,0,W004,DEVELOPMENT_SYNTHETIC
24,3,2,45,1,2,1,1,10,2,4,3,0.5714285714285714,10,20.0,0.1,25,3,3,3,2,4,15,0.0,0.0,1.0,0.05,0,W010,DEVELOPMENT_SYNTHETIC
25,2,4,15,3,3,4,5,20,3,6,3,0.6666666666666666,10,12.0,0.25,15,1,3,2,1,2,5,1.0,1.0,1.0,0.7326,1,W001,DEVELOPMENT_SYNTHETIC
22,2,6,10,1,3,1,5,15,3,0,2,0.0,6,12.0,0.4,10,1,1,2,1,2,5,0.0,1.0,1.0,0.6014,1,W009,DEVELOPMENT_SYNTHETIC
26,1,4,20,1,2,5,2,30,2,5,3,0.625,5,12.0,0.4,25,3,3,3,2,4,5,1.0,0.0,0.0,0.46,0,W010,DEVELOPMENT_SYNTHETIC
22,3,4,15,3,2,1,5,15,2,5,2,0.7142857142857143,9,25.0,0.4,10,1,1,2,1,2,5,0.0,1.0,1.0,0.6172,1,W009,DEVELOPMENT_SYNTHETIC
18,3,3,30,2,3,3,4,20,3,2,1,0.6666666666666666,1,25.0,0.0,15,1,2,1,1,1,5,0.0,1.0,1.0,0.5977,0,W003,DEVELOPMENT_SYNTHETIC
20,2,6,15,1,2,3,5,20,2,6,3,0.6666666666666666,4,15.0,0.0,10,1,1,2,1,2,10,0.0,1.0,1.0,0.5768,0,W009,DEVELOPMENT_SYNTHETIC
26,1,6,30,2,3,5,2,20,3,0,3,0.0,2,20.0,0.4,15,2,5,2,2,3,5,1.0,1.0,1.0,0.8593,1,W008,DEVELOPMENT_SYNTHETIC
19,3,3,45,2,3,4,1,20,3,6,0,1.0,1,20.0,0.0,25,2,4,3,1,4,5,1.0,1.0,1.0,0.5859,0,W004,DEVELOPMENT_SYNTHETIC
20,3,5,20,3,1,2,4,10,1,1,1,0.5,7,25.0,0.0,30,3,6,3,3,5,20,1.0,1.0,1.0,0.0998,0,W006,DEVELOPMENT_SYNTHETIC
26,1,3,20,1,2,5,1,45,2,2,0,1.0,2,20.0,0.25,10,1,1,1,1,1,35,0.0,1.0,1.0,0.1622,0,W005,DEVELOPMENT_SYNTHETIC
19,1,2,45,2,1,4,3,15,1,6,1,0.8571428571428571,11,20.0,0.25,15,1,3,2,1,2,0,0.0,1.0,1.0,0.6789,1,W001,DEVELOPMENT_SYNTHETIC
25,2,6,30,2,1,1,5,10,1,5,2,0.7142857142857143,9,12.0,0.0,20,2,4,2,2,3,10,0.0,1.0,1.0,0.6251,1,W007,DEVELOPMENT_SYNTHETIC
19,3,2,20,1,1,4,3,45,1,4,0,1.0,12,15.0,0.25,25,3,3,3,2,4,20,0.0,0.0,1.0,0.05,0,W010,DEVELOPMENT_SYNTHETIC
26,2,3,20,3,2,4,5,20,2,5,4,0.5555555555555556,6,25.0,0.25,10,1,1,2,1,2,10,0.0,1.0,1.0,0.5375,0,W009,DEVELOPMENT_SYNTHETIC
23,3,2,10,2,3,3,5,15,3,2,0,1.0,1,12.0,0.1,25,3,3,3,2,4,10,0.0,1.0,1.0,0.3664,0,W010,DEVELOPMENT_SYNTHETIC
23,1,4,30,1,3,2,4,20,3,0,2,0.0,1,12.0,0.4,20,2,5,3,2,4,0,0.0,0.0,0.0,0.0778,0,W002,DEVELOPMENT_SYNTHETIC
26,3,2,15,3,1,5,4,20,1,3,2,0.6,3,25.0,0.1,20,2,5,3,2,4,0,0.0,1.0,1.0,0.7728,1,W002,DEVELOPMENT_SYNTHETIC
18,3,6,20,2,2,4,4,15,2,0,0,0.5,9,20.0,0.1,10,1,1,1,1,1,5,0.0,1.0,1.0,0.7583,1,W005,DEVELOPMENT_SYNTHETIC
22,3,6,10,2,1,4,4,30,1,6,4,0.6,9,25.0,0.4,15,2,5,2,2,3,15,1.0,1.0,1.0,0.3178,0,W008,DEVELOPMENT_SYNTHETIC
20,1,2,20,2,2,1,3,15,2,3,2,0.6,7,25.0,0.25,10,1,1,2,1,2,5,0.0,1.0,1.0,0.6964,1,W009,DEVELOPMENT_SYNTHETIC
21,3,5,20,2,2,2,5,20,2,0,3,0.0,2,15.0,0.25,10,1,1,1,1,1,10,0.0,1.0,1.0,0.7529,1,W005,DEVELOPMENT_SYNTHETIC
24,2,2,15,1,3,3,3,10,3,0,3,0.0,10,20.0,0.25,25,2,4,3,1,4,15,0.0,1.0,1.0,0.05,0,W004,DEVELOPMENT_SYNTHETIC
20,1,5,30,3,3,2,1,10,3,1,2,0.3333333333333333,2,25.0,0.4,15,2,5,2,2,3,5,1.0,1.0,0.0,0.8764,1,W008,DEVELOPMENT_SYNTHETIC
20,3,4,30,2,2,3,5,15,2,3,0,1.0,1,12.0,0.1,10,1,1,1,1,1,5,0.0,1.0,1.0,0.6754,1,W005,DEVELOPMENT_SYNTHETIC
22,1,4,45,1,2,5,5,45,2,0,0,0.5,12,12.0,0.0,15,2,5,2,2,3,30,0.0,0.0,1.0,0.05,0,W008,DEVELOPMENT_SYNTHETIC
26,3,6,30,2,2,2,2,10,2,1,4,0.2,9,20.0,0.4,15,1,3,2,1,2,5,0.0,1.0,1.0,0.7036,1,W001,DEVELOPMENT_SYNTHETIC
22,2,1,30,1,3,2,4,10,3,1,0,1.0,2,12.0,0.1,10,1,1,2,1,2,0,1.0,1.0,1.0,0.8818,1,W009,DEVELOPMENT_SYNTHETIC
21,1,1,20,3,2,4,3,45,2,6,4,0.6,0,25.0,0.25,15,1,2,1,1,1,30,0.0,1.0,1.0,0.158,0,W003,DEVELOPMENT_SYNTHETIC
20,2,1,20,3,1,1,5,20,1,6,1,0.8571428571428571,8,20.0,0.25,30,3,6,3,3,5,10,0.0,1.0,0.0,0.1978,0,W006,DEVELOPMENT_SYNTHETIC
22,1,1,30,1,3,3,3,15,3,5,3,0.625,5,15.0,0.1,20,2,5,3,2,4,5,0.0,0.0,0.0,0.1517,0,W002,DEVELOPMENT_SYNTHETIC
22,1,5,30,1,1,5,5,45,1,5,4,0.5555555555555556,11,12.0,0.4,15,2,5,2,2,3,30,1.0,0.0,1.0,0.0528,0,W008,DEVELOPMENT_SYNTHETIC
20,1,2,20,1,3,4,2,10,3,1,4,0.2,8,25.0,0.1,20,2,5,3,2,4,10,0.0,0.0,1.0,0.0948,0,W002,DEVELOPMENT_SYNTHETIC
18,2,2,45,3,1,1,5,15,1,1,0,1.0,4,20.0,0.1,15,1,3,2,1,2,0,0.0,1.0,1.0,0.7389,1,W001,DEVELOPMENT_SYNTHETIC
26,3,2,45,1,2,2,3,20,2,1,2,0.3333333333333333,3,20.0,0.0,15,1,3,2,1,2,5,0.0,1.0,1.0,0.6362,1,W001,DEVELOPMENT_SYNTHETIC
19,3,4,45,3,1,4,4,45,1,4,2,0.6666666666666666,8,12.0,0.4,30,3,6,3,3,5,15,0.0,1.0,1.0,0.2154,0,W006,DEVELOPMENT_SYNTHETIC
22,2,3,20,2,2,3,4,15,2,6,4,0.6,3,20.0,0.0,15,2,5,2,2,3,0,0.0,1.0,1.0,0.7908,1,W008,DEVELOPMENT_SYNTHETIC
19,3,6,45,1,2,1,3,10,2,5,4,0.5555555555555556,1,15.0,0.4,10,1,1,2,1,2,0,0.0,1.0,1.0,0.793,1,W009,DEVELOPMENT_SYNTHETIC
24,3,6,30,2,3,5,5,20,3,6,1,0.8571428571428571,12,12.0,0.25,30,3,6,3,3,5,10,1.0,0.0,1.0,0.05,0,W006,DEVELOPMENT_SYNTHETIC
19,3,2,30,3,1,3,4,20,1,2,3,0.4,3,12.0,0.0,25,3,3,3,2,4,5,0.0,1.0,1.0,0.6416,1,W010,DEVELOPMENT_SYNTHETIC
20,3,6,20,2,3,3,2,10,3,6,4,0.6,10,15.0,0.4,15,1,2,1,1,1,5,0.0,1.0,1.0,0.6641,1,W003,DEVELOPMENT_SYNTHETIC
20,1,6,10,1,3,1,5,15,3,0,3,0.0,2,15.0,0.1,10,1,1,2,1,2,5,0.0,1.0,1.0,0.6376,1,W009,DEVELOPMENT_SYNTHETIC
21,1,6,45,3,3,2,2,10,3,0,0,0.5,0,15.0,0.1,15,1,2,1,1,1,5,0.0,1.0,1.0,0.9304,1,W003,DEVELOPMENT_SYNTHETIC
24,1,5,45,1,3,4,4,15,3,0,0,0.5,0,25.0,0.4,20,2,5,3,2,4,5,1.0,0.0,1.0,0.4245,0,W002,DEVELOPMENT_SYNTHETIC
23,3,5,15,1,2,4,1,30,2,0,1,0.0,8,20.0,0.25,25,2,4,3,1,4,5,0.0,1.0,1.0,0.6867,1,W004,DEVELOPMENT_SYNTHETIC
25,1,4,10,3,3,3,4,20,3,5,1,0.8333333333333334,3,20.0,0.25,20,2,4,2,2,3,0,1.0,1.0,0.0,0.9331,1,W007,DEVELOPMENT_SYNTHETIC
18,2,6,10,3,1,2,1,15,1,6,3,0.6666666666666666,2,12.0,0.25,10,1,1,1,1,1,5,0.0,1.0,1.0,0.9087,1,W005,DEVELOPMENT_SYNTHETIC
19,3,1,30,3,2,3,1,15,2,3,3,0.5,10,25.0,0.4,10,1,1,1,1,1,5,1.0,1.0,1.0,0.8091,1,W005,DEVELOPMENT_SYNTHETIC
23,1,5,30,1,3,3,1,20,3,0,1,0.0,4,12.0,0.4,10,1,1,2,1,2,10,0.0,1.0,1.0,0.4852,0,W009,DEVELOPMENT_SYNTHETIC
22,1,1,45,2,3,5,4,10,3,4,4,0.5,0,20.0,0.1,20,2,4,2,2,3,10,0.0,1.0,1.0,0.57,0,W007,DEVELOPMENT_SYNTHETIC
20,3,2,45,1,2,4,5,45,2,1,3,0.25,9,25.0,0.0,10,1,1,2,1,2,35,0.0,1.0,1.0,0.1674,0,W009,DEVELOPMENT_SYNTHETIC
26,3,3,45,2,3,5,1,15,3,4,3,0.5714285714285714,12,12.0,0.25,15,1,3,2,1,2,0,1.0,1.0,1.0,0.8736,1,W001,DEVELOPMENT_SYNTHETIC
25,3,1,20,2,1,1,5,15,1,3,0,1.0,11,15.0,0.1,15,1,3,2,1,2,0,0.0,1.0,1.0,0.7793,1,W001,DEVELOPMENT_SYNTHETIC
25,1,5,20,2,3,5,5,20,3,6,1,0.8571428571428571,6,12.0,0.25,20,2,5,3,2,4,0,1.0,1.0,1.0,0.9619,1,W002,DEVELOPMENT_SYNTHETIC
19,1,6,15,3,2,4,3,30,2,4,2,0.6666666666666666,1,25.0,0.4,15,2,5,2,2,3,15,1.0,1.0,1.0,0.3511,0,W008,DEVELOPMENT_SYNTHETIC
25,3,1,15,1,3,3,4,20,3,1,0,1.0,1,15.0,0.25,20,2,5,3,2,4,0,0.0,0.0,1.0,0.3654,0,W002,DEVELOPMENT_SYNTHETIC
24,3,6,15,3,2,3,2,20,2,1,4,0.2,7,20.0,0.0,15,2,5,2,2,3,5,1.0,1.0,1.0,0.8851,1,W008,DEVELOPMENT_SYNTHETIC
22,3,5,20,2,3,2,1,20,3,2,2,0.5,5,25.0,0.0,30,3,6,3,3,5,10,1.0,0.0,1.0,0.05,0,W006,DEVELOPMENT_SYNTHETIC
20,3,2,45,1,1,2,3,15,1,6,0,1.0,11,12.0,0.0,20,2,5,3,2,4,5,0.0,0.0,1.0,0.0801,0,W002,DEVELOPMENT_SYNTHETIC
24,2,4,20,1,3,3,1,15,3,1,1,0.5,2,20.0,0.4,15,1,2,1,1,1,0,0.0,1.0,1.0,0.7783,1,W003,DEVELOPMENT_SYNTHETIC
22,1,6,20,3,3,1,1,10,3,3,4,0.42857142857142855,10,15.0,0.1,10,1,1,1,1,1,0,0.0,1.0,1.0,0.862,1,W005,DEVELOPMENT_SYNTHETIC
24,2,4,15,1,1,1,4,20,1,6,2,0.75,0,25.0,0.0,15,1,3,2,1,2,5,1.0,1.0,1.0,0.8377,1,W001,DEVELOPMENT_SYNTHETIC
19,3,1,10,3,3,1,5,15,3,0,4,0.0,2,25.0,0.0,20,2,5,3,2,4,5,0.0,1.0,1.0,0.3691,0,W002,DEVELOPMENT_SYNTHETIC
23,1,1,10,2,1,2,4,10,1,6,4,0.6,2,15.0,0.0,15,1,3,2,1,2,5,0.0,1.0,1.0,0.7145,1,W001,DEVELOPMENT_SYNTHETIC
18,1,2,20,2,3,1,4,15,3,5,0,1.0,8,20.0,0.25,10,1,1,1,1,1,5,0.0,1.0,1.0,0.8837,1,W005,DEVELOPMENT_SYNTHETIC
25,3,3,45,1,3,4,5,20,3,4,1,0.8,6,20.0,0.1,25,3,3,3,2,4,5,1.0,0.0,1.0,0.1431,0,W010,DEVELOPMENT_SYNTHETIC
19,2,1,30,2,1,5,5,20,1,3,1,0.75,12,20.0,0.0,25,2,4,3,1,4,5,0.0,1.0,1.0,0.5888,0,W004,DEVELOPMENT_SYNTHETIC
18,1,4,20,1,2,2,3,20,2,5,4,0.5555555555555556,6,15.0,0.1,20,2,5,3,2,4,0,0.0,0.0,0.0,0.05,0,W002,DEVELOPMENT_SYNTHETIC
25,2,2,20,1,3,3,5,10,3,2,1,0.6666666666666666,6,12.0,0.4,10,1,1,1,1,1,0,0.0,1.0,1.0,0.7075,1,W005,DEVELOPMENT_SYNTHETIC
25,2,6,30,1,3,2,5,20,3,1,2,0.3333333333333333,4,15.0,0.25,15,1,2,1,1,1,5,0.0,1.0,1.0,0.821,1,W003,DEVELOPMENT_SYNTHETIC
24,1,1,20,2,3,2,5,10,3,2,2,0.5,0,25.0,0.4,10,1,1,1,1,1,0,1.0,1.0,1.0,0.98,1,W005,DEVELOPMENT_SYNTHETIC
23,1,4,30,2,2,3,1,30,2,3,1,0.75,3,15.0,0.0,25,3,3,3,2,4,5,1.0,1.0,0.0,0.8835,1,W010,DEVELOPMENT_SYNTHETIC
18,3,5,10,2,2,4,3,15,2,5,4,0.5555555555555556,1,15.0,0.0,20,2,5,3,2,4,5,1.0,1.0,1.0,0.8197,1,W002,DEVELOPMENT_SYNTHETIC
18,2,5,10,3,2,2,3,15,2,5,3,0.625,10,25.0,0.0,15,1,2,1,1,1,0,0.0,1.0,1.0,0.8902,1,W003,DEVELOPMENT_SYNTHETIC
23,3,3,45,1,2,2,3,15,2,5,0,1.0,10,15.0,0.0,20,2,5,3,2,4,5,0.0,0.0,1.0,0.05,0,W002,DEVELOPMENT_SYNTHETIC
23,1,4,20,1,2,1,1,10,2,6,3,0.6666666666666666,12,12.0,0.0,30,3,6,3,3,5,20,0.0,0.0,0.0,0.05,0,W006,DEVELOPMENT_SYNTHETIC
23,2,5,15,1,3,5,3,15,3,5,4,0.5555555555555556,5,12.0,0.4,10,1,1,1,1,1,5,0.0,1.0,1.0,0.6195,1,W005,DEVELOPMENT_SYNTHETIC
20,2,5,15,1,2,4,5,15,2,2,4,0.3333333333333333,10,20.0,0.0,25,2,4,3,1,4,10,0.0,1.0,1.0,0.5433,0,W004,DEVELOPMENT_SYNTHETIC
22,1,4,30,1,1,5,2,30,1,6,0,1.0,3,12.0,0.0,10,1,1,1,1,1,20,0.0,1.0,1.0,0.2007,0,W005,DEVELOPMENT_SYNTHETIC
18,1,1,30,1,1,5,5,30,1,0,0,0.5,8,20.0,0.0,25,2,4,3,1,4,5,0.0,1.0,1.0,0.6108,1,W004,DEVELOPMENT_SYNTHETIC
26,2,4,15,3,3,3,3,10,3,2,4,0.3333333333333333,5,15.0,0.0,30,3,6,3,3,5,20,0.0,1.0,0.0,0.05,0,W006,DEVELOPMENT_SYNTHETIC
25,1,2,30,1,1,5,5,15,1,5,0,1.0,6,25.0,0.0,20,2,5,3,2,4,5,0.0,0.0,1.0,0.244,0,W002,DEVELOPMENT_SYNTHETIC
22,2,6,30,3,2,1,2,15,2,4,2,0.6666666666666666,11,15.0,0.1,25,2,4,3,1,4,10,0.0,1.0,1.0,0.271,0,W004,DEVELOPMENT_SYNTHETIC
21,2,6,20,2,3,1,1,15,3,3,3,0.5,6,15.0,0.25,30,3,6,3,3,5,15,1.0,0.0,0.0,0.05,0,W006,DEVELOPMENT_SYNTHETIC
18,1,5,20,1,3,1,4,10,3,3,2,0.6,4,15.0,0.4,15,1,2,1,1,1,5,0.0,1.0,1.0,0.8281,1,W003,DEVELOPMENT_SYNTHETIC
20,1,1,20,2,3,5,1,20,3,1,4,0.2,11,15.0,0.1,25,2,4,3,1,4,5,0.0,1.0,1.0,0.4361,0,W004,DEVELOPMENT_SYNTHETIC
18,2,1,10,1,1,5,1,45,1,6,0,1.0,5,15.0,0.0,10,1,1,2,1,2,35,1.0,1.0,1.0,0.3314,0,W009,DEVELOPMENT_SYNTHETIC
18,2,6,15,3,2,2,1,10,2,3,3,0.5,7,15.0,0.1,25,3,3,3,2,4,15,0.0,1.0,0.0,0.05,0,W010,DEVELOPMENT_SYNTHETIC
23,2,5,30,3,2,5,5,45,2,2,4,0.3333333333333333,2,12.0,0.1,25,3,3,3,2,4,20,0.0,1.0,1.0,0.18,0,W010,DEVELOPMENT_SYNTHETIC
24,3,4,15,2,2,1,2,10,2,3,1,0.75,12,12.0,0.1,15,2,5,2,2,3,5,0.0,1.0,1.0,0.6612,1,W008,DEVELOPMENT_SYNTHETIC
22,2,1,10,3,1,4,4,15,1,5,4,0.5555555555555556,2,12.0,0.4,20,2,5,3,2,4,5,0.0,1.0,1.0,0.6966,1,W002,DEVELOPMENT_SYNTHETIC
18,2,5,45,1,1,2,2,15,1,5,1,0.8333333333333334,1,15.0,0.0,30,3,6,3,3,5,15,1.0,0.0,0.0,0.05,0,W006,DEVELOPMENT_SYNTHETIC
18,1,6,30,3,3,3,5,10,3,3,0,1.0,12,12.0,0.4,25,2,4,3,1,4,15,0.0,1.0,0.0,0.05,0,W004,DEVELOPMENT_SYNTHETIC
19,2,6,45,2,3,5,3,20,3,5,3,0.625,11,25.0,0.1,20,2,5,3,2,4,0,1.0,1.0,1.0,0.8237,1,W002,DEVELOPMENT_SYNTHETIC
23,3,2,10,3,1,2,4,20,1,6,4,0.6,3,12.0,0.4,25,3,3,3,2,4,5,0.0,1.0,1.0,0.4131,0,W010,DEVELOPMENT_SYNTHETIC
26,3,3,15,3,2,3,3,30,2,6,0,1.0,10,12.0,0.1,15,1,2,1,1,1,15,0.0,1.0,1.0,0.1724,0,W003,DEVELOPMENT_SYNTHETIC
20,2,4,10,1,1,5,2,30,1,4,1,0.8,10,15.0,0.1,15,1,2,1,1,1,15,0.0,1.0,1.0,0.3279,0,W003,DEVELOPMENT_SYNTHETIC
25,2,5,20,1,2,3,2,20,2,5,4,0.5555555555555556,11,12.0,0.0,20,2,4,2,2,3,0,0.0,0.0,1.0,0.3218,0,W007,DEVELOPMENT_SYNTHETIC
18,3,1,15,3,3,2,1,10,3,0,1,0.0,0,20.0,0.1,25,2,4,3,1,4,15,0.0,1.0,1.0,0.05,0,W004,DEVELOPMENT_SYNTHETIC
23,1,3,30,3,2,2,1,10,2,2,1,0.6666666666666666,0,15.0,0.0,20,2,4,2,2,3,10,1.0,1.0,0.0,0.7771,1,W007,DEVELOPMENT_SYNTHETIC
21,1,1,30,2,2,1,1,15,2,5,4,0.5555555555555556,3,25.0,0.4,15,2,5,2,2,3,0,0.0,1.0,0.0,0.8503,1,W008,DEVELOPMENT_SYNTHETIC
26,2,1,45,3,1,2,2,10,1,5,0,1.0,10,15.0,0.0,20,2,4,2,2,3,10,0.0,1.0,1.0,0.6531,1,W007,DEVELOPMENT_SYNTHETIC
22,3,4,30,3,1,4,5,15,1,6,1,0.8571428571428571,9,15.0,0.0,15,1,3,2,1,2,0,1.0,1.0,1.0,0.9604,1,W001,DEVELOPMENT_SYNTHETIC
19,1,1,20,3,3,5,4,15,3,1,1,0.5,9,12.0,0.1,20,2,5,3,2,4,5,0.0,1.0,1.0,0.7012,1,W002,DEVELOPMENT_SYNTHETIC
23,2,2,10,1,3,4,5,15,3,6,3,0.6666666666666666,6,25.0,0.0,20,2,4,2,2,3,5,0.0,0.0,1.0,0.2796,0,W007,DEVELOPMENT_SYNTHETIC
